dataset,file,platform,source_url,author,upstream_source,collection_method,upstream_documentation,license_as_reported,metadata_retrieved_date,local_download_date,exact_local_host_version,current_host_version_not_local_version,current_host_update_not_local_snapshot,downloads,download_metric,bytes,sha256,format,rows,raw_header_columns,interpreted_columns,row_widths,audit_level,duplicate_rows,duplicate_key_excess,encoding,source_timezone,snapshot_evidence,note,hash_provenance
rec_games,Dataset/Game Recommendations on Steam/games.csv,Kaggle local download,https://www.kaggle.com/datasets/antonkozyriev/game-recommendations-on-steam,antonkozyriev,Steam Official Store,Collected and preprocessed recommendations; user identifiers anonymized by author,https://www.kaggle.com/datasets/antonkozyriev/game-recommendations-on-steam,CC0: Public Domain,2026-10-05,unknown,unknown; raw SHA-256 pinned,28,2024-08-14T13:15:03.88Z,21740,Kaggle cumulative dataset downloads,4863790,8886585fefd521f43a92d1018cd944a7265e82c0c509f0abb6103d38ae10072a,csv,50872,13,13,"{""13"": 50872}",full column profile,0,0,utf-8-sig strict decode; original BOM not asserted,unknown unless source supplies it,,,
Game Recommendations on Steam,Dataset/Game Recommendations on Steam/games_metadata.json,Kaggle local download,https://www.kaggle.com/datasets/antonkozyriev/game-recommendations-on-steam,antonkozyriev,Steam Official Store,Collected and preprocessed recommendations; user identifiers anonymized by author,https://www.kaggle.com/datasets/antonkozyriev/game-recommendations-on-steam,CC0: Public Domain,2026-10-05,unknown,unknown; raw SHA-256 pinned,28,2024-08-14T13:15:03.88Z,21740,Kaggle cumulative dataset downloads,17548605,35145f380dac78173aa8f5eca578db5614f28d5e869c33457b11e7f23d42e21d,json,50872,,3,{},full JSONL structure and key check,,0,,unknown unless source supplies it,,,
rec_recommendations,Dataset/Game Recommendations on Steam/recommendations.csv,Kaggle local download,https://www.kaggle.com/datasets/antonkozyriev/game-recommendations-on-steam,antonkozyriev,Steam Official Store,Collected and preprocessed recommendations; user identifiers anonymized by author,https://www.kaggle.com/datasets/antonkozyriev/game-recommendations-on-steam,CC0: Public Domain,2026-10-05,unknown,unknown; raw SHA-256 pinned,28,2024-08-14T13:15:03.88Z,21740,Kaggle cumulative dataset downloads,2023223067,18731b9e253b63ad8642dde48c212620621c33080d7609fa092a308caaffbb34,csv,41154794,8,8,"{""8"": 41154794}",full column profile,0,0,utf-8-sig strict decode; original BOM not asserted,unknown unless source supplies it,,,
rec_users,Dataset/Game Recommendations on Steam/users.csv,Kaggle local download,https://www.kaggle.com/datasets/antonkozyriev/game-recommendations-on-steam,antonkozyriev,Steam Official Store,Collected and preprocessed recommendations; user identifiers anonymized by author,https://www.kaggle.com/datasets/antonkozyriev/game-recommendations-on-steam,CC0: Public Domain,2026-10-05,unknown,unknown; raw SHA-256 pinned,28,2024-08-14T13:15:03.88Z,21740,Kaggle cumulative dataset downloads,193068018,91b7fc59f266b75fb8972eb891be32aefce20f75c379dbbb0b3022d87c2d4dfc,csv,14306064,3,3,"{""3"": 14306064}",full column profile,0,0,utf-8-sig strict decode; original BOM not asserted,unknown unless source supplies it,,,
Game Recommendations on Steam,Dataset/Game Recommendations on Steam.zip,Kaggle local download,https://www.kaggle.com/datasets/antonkozyriev/game-recommendations-on-steam,antonkozyriev,Steam Official Store,Collected and preprocessed recommendations; user identifiers anonymized by author,https://www.kaggle.com/datasets/antonkozyriev/game-recommendations-on-steam,CC0: Public Domain,2026-10-05,unknown,unknown; raw SHA-256 pinned,28,2024-08-14T13:15:03.88Z,21740,Kaggle cumulative dataset downloads,692315526,7620a48dbff9fdb53e08c06640fae6060189f458784df646835eff4f69c7995a,zip,,,,{},archive/file hash and structure only,,,,unknown unless source supplies it,,,
google_all,Dataset/Google Play Store Apps/Google-Playstore.csv,Kaggle local download,https://www.kaggle.com/datasets/gauthamp10/google-playstore-apps,gauthamp10,Google Play Store,Author reports June 2021 collection using cloud scraper; Scrapy and google-play-scraper mentioned,https://github.com/gauthamp10/Google-Playstore-Dataset,"Database: Open Database, Contents: Database Contents",2026-10-05,unknown,unknown; raw SHA-256 pinned,7,2021-06-17T12:04:06.523Z,35957,Kaggle cumulative dataset downloads,676464870,f8830426d88687801d5874dfd1e1dfc209a1324e56eb837ab46e942dc4d328e1,csv,2312944,24,24,"{""24"": 2312944}",full column profile,0,0,utf-8-sig strict decode; original BOM not asserted,unknown unless source supplies it,2021-06-15 to 2021-06-16 observed Scraped Time; full date coverage in profiles,,
Google Play Store Apps,Dataset/Google Play Store Apps.zip,Kaggle local download,https://www.kaggle.com/datasets/gauthamp10/google-playstore-apps,gauthamp10,Google Play Store,Author reports June 2021 collection using cloud scraper; Scrapy and google-play-scraper mentioned,https://github.com/gauthamp10/Google-Playstore-Dataset,"Database: Open Database, Contents: Database Contents",2026-10-05,unknown,unknown; raw SHA-256 pinned,7,2021-06-17T12:04:06.523Z,35957,Kaggle cumulative dataset downloads,216781487,e3901aa9f73bfe2ee1e0bed1e6656d5fe06eca2fd0f897eb2296ef96ae7d2229,zip,,,,{},archive/file hash and structure only,,,,unknown unless source supplies it,2021-06-15 to 2021-06-16 observed Scraped Time; full date coverage in profiles,,
fronkon_local,Dataset/Steam Games Dataset/games.csv,Kaggle local download,https://www.kaggle.com/datasets/fronkongames/steam-games-dataset,fronkongames,Steam Store API and SteamSpy,FronkonGames Steam-Games-Scraper,https://github.com/FronkonGames/Steam-Games-Scraper,MIT,2026-10-05,unknown,unknown; raw SHA-256 pinned,52,2026-10-02T18:39:57.79Z,38655,Kaggle cumulative dataset downloads,401140503,1b48008b01a799d82385d6e66ba0cb65dd477b6aa4b6c2ec8c443025ab6880ad,csv,125855,39,40,"{""40"": 125855}",full column profile,0,0,utf-8-sig strict decode; original BOM not asserted,unknown unless source supplies it,,39 header labels vs 40 fields; evidence-verified in-memory split of DiscountDLC count; bytes equal HF pinned games.csv,
fronkon_json,Dataset/Steam Games Dataset/games.json,Kaggle local download,https://www.kaggle.com/datasets/fronkongames/steam-games-dataset,fronkongames,Steam Store API and SteamSpy,FronkonGames Steam-Games-Scraper,https://github.com/FronkonGames/Steam-Games-Scraper,MIT,2026-10-05,unknown,unknown; raw SHA-256 pinned,52,2026-10-02T18:39:57.79Z,38655,Kaggle cumulative dataset downloads,945398913,556cac918f1d549b62d79293ba58515c8512326ce40dd300b8d287bb444099b4,json,141335,43,43,{},full column profile,0,0,,unknown unless source supplies it,,42 JSON record fields plus top-level app ID; JSON streamed to an audit-only Parquet,
artem_games_march2025_cleaned,Dataset/Steam Games Dataset 2025/games_march2025_cleaned.csv,Kaggle local download,https://www.kaggle.com/datasets/artermiloff/steam-games-dataset,artermiloff,"Steam Store pages, Steam API and SteamSpy",Store scraping and FronkonGames scraper,https://github.com/FronkonGames/Steam-Games-Scraper,MIT,2026-10-05,unknown,unknown; raw SHA-256 pinned,2,2025-03-13T09:49:14.387Z,10848,Kaggle cumulative dataset downloads,468641107,04d8df2778aaa8f8b575934b7072d55224d37a2ded23e8261583f0fcf668dfab,csv,89618,47,47,"{""47"": 89618}",full column profile,0,0,utf-8-sig strict decode; original BOM not asserted,unknown unless source supplies it,,,
artem_games_march2025_full,Dataset/Steam Games Dataset 2025/games_march2025_full.csv,Kaggle local download,https://www.kaggle.com/datasets/artermiloff/steam-games-dataset,artermiloff,"Steam Store pages, Steam API and SteamSpy",Store scraping and FronkonGames scraper,https://github.com/FronkonGames/Steam-Games-Scraper,MIT,2026-10-05,unknown,unknown; raw SHA-256 pinned,2,2025-03-13T09:49:14.387Z,10848,Kaggle cumulative dataset downloads,471492150,1ff3b4fa2eeeb7faf1d9c37abb63b9522813532fbf68f4c4a236d5a466688db7,csv,94948,47,47,"{""47"": 94948}",full column profile,0,0,utf-8-sig strict decode; original BOM not asserted,unknown unless source supplies it,,,
artem_games_may2024_cleaned,Dataset/Steam Games Dataset 2025/games_may2024_cleaned.csv,Kaggle local download,https://www.kaggle.com/datasets/artermiloff/steam-games-dataset,artermiloff,"Steam Store pages, Steam API and SteamSpy",Store scraping and FronkonGames scraper,https://github.com/FronkonGames/Steam-Games-Scraper,MIT,2026-10-05,unknown,unknown; raw SHA-256 pinned,2,2025-03-13T09:49:14.387Z,10848,Kaggle cumulative dataset downloads,422316484,1a1c1a32d1bc307331bc48ed82df6364e542b95c1c6e803fae18b0824e0fb204,csv,83646,46,46,"{""46"": 83646}",full column profile,0,0,utf-8-sig strict decode; original BOM not asserted,unknown unless source supplies it,,,
artem_games_may2024_full,Dataset/Steam Games Dataset 2025/games_may2024_full.csv,Kaggle local download,https://www.kaggle.com/datasets/artermiloff/steam-games-dataset,artermiloff,"Steam Store pages, Steam API and SteamSpy",Store scraping and FronkonGames scraper,https://github.com/FronkonGames/Steam-Games-Scraper,MIT,2026-10-05,unknown,unknown; raw SHA-256 pinned,2,2025-03-13T09:49:14.387Z,10848,Kaggle cumulative dataset downloads,424919226,b82219610da8e594b0390123a8f2cf8238bcf03820c30b15cd5248a33603c072,csv,87806,46,46,"{""46"": 87806}",full column profile,0,0,utf-8-sig strict decode; original BOM not asserted,unknown unless source supplies it,,,
Steam Games Dataset 2025,Dataset/Steam Games Dataset 2025.zip,Kaggle local download,https://www.kaggle.com/datasets/artermiloff/steam-games-dataset,artermiloff,"Steam Store pages, Steam API and SteamSpy",Store scraping and FronkonGames scraper,https://github.com/FronkonGames/Steam-Games-Scraper,MIT,2026-10-05,unknown,unknown; raw SHA-256 pinned,2,2025-03-13T09:49:14.387Z,10848,Kaggle cumulative dataset downloads,438274255,2402e052d14c434598dee39ee0ee5a16f7a72db6c663550aadc20d53adff9b2b,zip,,,,{},archive/file hash and structure only,,,,unknown unless source supplies it,,,
Steam Games Dataset,Dataset/Steam Games Dataset.zip,Kaggle local download,https://www.kaggle.com/datasets/fronkongames/steam-games-dataset,fronkongames,Steam Store API and SteamSpy,FronkonGames Steam-Games-Scraper,https://github.com/FronkonGames/Steam-Games-Scraper,MIT,2026-10-05,unknown,unknown; raw SHA-256 pinned,52,2026-10-02T18:39:57.79Z,38655,Kaggle cumulative dataset downloads,315124775,286da3d90738a02819b234fb33328e4c91d318e5cae257c69ba4d91343d251a9,zip,,,,{},archive/file hash and structure only,,,,unknown unless source supplies it,,,
nik_steam,Dataset/Steam Store Games (Clean dataset)/steam.csv,Kaggle local download,https://www.kaggle.com/datasets/nikdavis/steam-store-games,nikdavis,Steam Store and SteamSpy APIs,Author reports collection around May 2019,https://nik-davis.github.io/posts/2019/steam-data-collection/,Attribution 4.0 International (CC BY 4.0),2026-10-05,unknown,unknown; raw SHA-256 pinned,3,2019-06-12T15:47:47.93Z,39621,Kaggle cumulative dataset downloads,5815053,783087562c9bab27faf7c4c1c8040269489ab2fc2054549971be01eb6c007f99,csv,27075,18,18,"{""18"": 27075}",full column profile,0,0,utf-8-sig strict decode; original BOM not asserted,unknown unless source supplies it,,,
nik_steam_description_data,Dataset/Steam Store Games (Clean dataset)/steam_description_data.csv,Kaggle local download,https://www.kaggle.com/datasets/nikdavis/steam-store-games,nikdavis,Steam Store and SteamSpy APIs,Author reports collection around May 2019,https://nik-davis.github.io/posts/2019/steam-data-collection/,Attribution 4.0 International (CC BY 4.0),2026-10-05,unknown,unknown; raw SHA-256 pinned,3,2019-06-12T15:47:47.93Z,39621,Kaggle cumulative dataset downloads,94737038,560fcef21b52dfbb387c9e9d3a4ffd4505472b835e0bca8f3bf03206b09bbd28,csv,27334,4,4,"{""4"": 27334}",full column profile,0,,utf-8-sig strict decode; original BOM not asserted,unknown unless source supplies it,,,
nik_steam_media_data,Dataset/Steam Store Games (Clean dataset)/steam_media_data.csv,Kaggle local download,https://www.kaggle.com/datasets/nikdavis/steam-store-games,nikdavis,Steam Store and SteamSpy APIs,Author reports collection around May 2019,https://nik-davis.github.io/posts/2019/steam-data-collection/,Attribution 4.0 International (CC BY 4.0),2026-10-05,unknown,unknown; raw SHA-256 pinned,3,2019-06-12T15:47:47.93Z,39621,Kaggle cumulative dataset downloads,91602127,ba754cdf6589b2134b7f104f7ab95aa51ffdb466d020b81fd29d47196108d41f,csv,27332,5,5,"{""5"": 27332}",full column profile,0,,utf-8-sig strict decode; original BOM not asserted,unknown unless source supplies it,,,
nik_steam_requirements_data,Dataset/Steam Store Games (Clean dataset)/steam_requirements_data.csv,Kaggle local download,https://www.kaggle.com/datasets/nikdavis/steam-store-games,nikdavis,Steam Store and SteamSpy APIs,Author reports collection around May 2019,https://nik-davis.github.io/posts/2019/steam-data-collection/,Attribution 4.0 International (CC BY 4.0),2026-10-05,unknown,unknown; raw SHA-256 pinned,3,2019-06-12T15:47:47.93Z,39621,Kaggle cumulative dataset downloads,35956986,5909e55018adb52436a8700366eb58dbfe53b8dc2876437bd85901c7fe760637,csv,27319,6,6,"{""6"": 27319}",full column profile,0,,utf-8-sig strict decode; original BOM not asserted,unknown unless source supplies it,,,
nik_steam_support_info,Dataset/Steam Store Games (Clean dataset)/steam_support_info.csv,Kaggle local download,https://www.kaggle.com/datasets/nikdavis/steam-store-games,nikdavis,Steam Store and SteamSpy APIs,Author reports collection around May 2019,https://nik-davis.github.io/posts/2019/steam-data-collection/,Attribution 4.0 International (CC BY 4.0),2026-10-05,unknown,unknown; raw SHA-256 pinned,3,2019-06-12T15:47:47.93Z,39621,Kaggle cumulative dataset downloads,1941506,f271c3fd19011ed1566960a0f5f18eefbbe872c88282a5d3f93085ef57baa33f,csv,27136,4,4,"{""4"": 27136}",full column profile,0,,utf-8-sig strict decode; original BOM not asserted,unknown unless source supplies it,,,
nik_steamspy_tag_data,Dataset/Steam Store Games (Clean dataset)/steamspy_tag_data.csv,Kaggle local download,https://www.kaggle.com/datasets/nikdavis/steam-store-games,nikdavis,Steam Store and SteamSpy APIs,Author reports collection around May 2019,https://nik-davis.github.io/posts/2019/steam-data-collection/,Attribution 4.0 International (CC BY 4.0),2026-10-05,unknown,unknown; raw SHA-256 pinned,3,2019-06-12T15:47:47.93Z,39621,Kaggle cumulative dataset downloads,21985070,98b8fb0120177f7292755119bccbdde6387a9c0c90979593dd0d6c0dc791b183,csv,29022,372,372,"{""372"": 29022}",full column profile,0,0,utf-8-sig strict decode; original BOM not asserted,unknown unless source supplies it,,,
Steam Store Games (Clean dataset),Dataset/Steam Store Games (Clean dataset).zip,Kaggle local download,https://www.kaggle.com/datasets/nikdavis/steam-store-games,nikdavis,Steam Store and SteamSpy APIs,Author reports collection around May 2019,https://nik-davis.github.io/posts/2019/steam-data-collection/,Attribution 4.0 International (CC BY 4.0),2026-10-05,unknown,unknown; raw SHA-256 pinned,3,2019-06-12T15:47:47.93Z,39621,Kaggle cumulative dataset downloads,36916941,ffcaf8ec3c58d61305bac07b03c257fa2aed7d9a14a61370e109bebd69707be3,zip,,,,{},archive/file hash and structure only,,,,unknown unless source supplies it,,,
fronkon_hf,data/train-00000-of-00001.parquet,Hugging Face,https://huggingface.co/datasets/FronkonGames/steam-games-dataset/blob/ba4e26785af33bee500e96597068c6e77f4edea9/data/train-00000-of-00001.parquet,FronkonGames,Steam Store API and SteamSpy,,,mit,2026-10-05,,ba4e26785af33bee500e96597068c6e77f4edea9,,2026-10-02T18:40:25.000Z,2076,"Hugging Face repository downloads in last month; repeated per file, do not sum",191983414,775b17f2a5a52b96a8441739cd0dd4939916335b6edeebbfc4a1b238388c5a77,parquet,124146,,41,,full column profile; downloaded pinned file,,,,,,Repository update date does not prove each file was regenerated; card count is not a measured row count.,remote LFS metadata; verified locally for downloaded Parquet and matching CSV
FronkonGames/steam-games-dataset,games.csv,Hugging Face,https://huggingface.co/datasets/FronkonGames/steam-games-dataset/blob/ba4e26785af33bee500e96597068c6e77f4edea9/games.csv,FronkonGames,Steam Store API and SteamSpy,,,mit,2026-10-05,,ba4e26785af33bee500e96597068c6e77f4edea9,,2026-10-02T18:40:25.000Z,2076,"Hugging Face repository downloads in last month; repeated per file, do not sum",401140503,1b48008b01a799d82385d6e66ba0cb65dd477b6aa4b6c2ec8c443025ab6880ad,csv,125855,,40,,identical local CSV hash; audited locally,,,,,,Repository update date does not prove each file was regenerated; card count is not a measured row count.,remote LFS metadata; verified locally for downloaded Parquet and matching CSV
FronkonGames/steam-games-dataset,games.json,Hugging Face,https://huggingface.co/datasets/FronkonGames/steam-games-dataset/blob/ba4e26785af33bee500e96597068c6e77f4edea9/games.json,FronkonGames,Steam Store API and SteamSpy,,,mit,2026-10-05,,ba4e26785af33bee500e96597068c6e77f4edea9,,2026-10-02T18:40:25.000Z,2076,"Hugging Face repository downloads in last month; repeated per file, do not sum",961591282,4d759e57661a948bd1e302659bfd38443a736e5aa7e05e4587033ce53049b4ad,json,,,,,remote metadata only; not downloaded,,,,,,Repository update date does not prove each file was regenerated; card count is not a measured row count.,remote LFS metadata; verified locally for downloaded Parquet and matching CSV
atalaydenknalbant/video-games-dataset,jsonl/videogames_data.jsonl,Hugging Face,https://huggingface.co/datasets/atalaydenknalbant/video-games-dataset/blob/d9f5c486875b6309255b5fb10709480ace0eede7/jsonl/videogames_data.jsonl,atalaydenknalbant,RAWG API,,,cc0-1.0,2026-10-05,,d9f5c486875b6309255b5fb10709480ace0eede7,,2026-07-03T00:21:40.000Z,305,"Hugging Face repository downloads in last month; repeated per file, do not sum",4300705739,10678e9b6c552e3b958b8b07bf2c2d260b545df3dfdf7767881472d1079e0ab8,jsonl,,,,,remote metadata only; not downloaded,,,,,,Repository update date does not prove each file was regenerated; card count is not a measured row count.,remote LFS metadata; verified locally for downloaded Parquet and matching CSV
atalaydenknalbant/video-games-dataset,videogames_data.csv,Hugging Face,https://huggingface.co/datasets/atalaydenknalbant/video-games-dataset/blob/d9f5c486875b6309255b5fb10709480ace0eede7/videogames_data.csv,atalaydenknalbant,RAWG API,,,cc0-1.0,2026-10-05,,d9f5c486875b6309255b5fb10709480ace0eede7,,2026-07-03T00:21:40.000Z,305,"Hugging Face repository downloads in last month; repeated per file, do not sum",2000469667,ab3eacabdc1a9021908b9190f28e2d5466c322d017e36c5979641f3f91b7eef7,csv,,,,,remote metadata only; not downloaded,,,,,,Repository update date does not prove each file was regenerated; card count is not a measured row count.,remote LFS metadata; verified locally for downloaded Parquet and matching CSV
atalaydenknalbant/video-games-dataset,videogames_data.parquet,Hugging Face,https://huggingface.co/datasets/atalaydenknalbant/video-games-dataset/blob/d9f5c486875b6309255b5fb10709480ace0eede7/videogames_data.parquet,atalaydenknalbant,RAWG API,,,cc0-1.0,2026-10-05,,d9f5c486875b6309255b5fb10709480ace0eede7,,2026-07-03T00:21:40.000Z,305,"Hugging Face repository downloads in last month; repeated per file, do not sum",1011662649,9fe0024da52dac800ff0587b8bf7432388892c63cb99d041967afba53be1ee60,parquet,,,,,remote metadata only; not downloaded,,,,,,Repository update date does not prove each file was regenerated; card count is not a measured row count.,remote LFS metadata; verified locally for downloaded Parquet and matching CSV
adde023/steam-reviews,part.0.parquet,Hugging Face,https://huggingface.co/datasets/adde023/steam-reviews/blob/d0ec12b33dffb8109b683b2e07780e2fc6b97187/part.0.parquet,adde023,Steam User Reviews API via kieranpoc/steam-reviews on Kaggle,,,CC BY-NC 4.0 (dataset card),2026-10-05,,d0ec12b33dffb8109b683b2e07780e2fc6b97187,,2026-03-12T14:51:00.000Z,2102,"Hugging Face repository downloads in last month; repeated per file, do not sum",27325736,53d4d207bc8eb29a6c2898541d0b58644502c76ff9fbea796415da075608522e,parquet,,,,,remote metadata only; not downloaded,,,,,,Repository update date does not prove each file was regenerated; card count is not a measured row count.,remote LFS metadata; verified locally for downloaded Parquet and matching CSV
adde023/steam-reviews,part.1.parquet,Hugging Face,https://huggingface.co/datasets/adde023/steam-reviews/blob/d0ec12b33dffb8109b683b2e07780e2fc6b97187/part.1.parquet,adde023,Steam User Reviews API via kieranpoc/steam-reviews on Kaggle,,,CC BY-NC 4.0 (dataset card),2026-10-05,,d0ec12b33dffb8109b683b2e07780e2fc6b97187,,2026-03-12T14:51:00.000Z,2102,"Hugging Face repository downloads in last month; repeated per file, do not sum",36315678,4473b92bed009789a034514ec777589d1daa2d3bc9d840c5da1de4764d9e82bd,parquet,,,,,remote metadata only; not downloaded,,,,,,Repository update date does not prove each file was regenerated; card count is not a measured row count.,remote LFS metadata; verified locally for downloaded Parquet and matching CSV
adde023/steam-reviews,part.10.parquet,Hugging Face,https://huggingface.co/datasets/adde023/steam-reviews/blob/d0ec12b33dffb8109b683b2e07780e2fc6b97187/part.10.parquet,adde023,Steam User Reviews API via kieranpoc/steam-reviews on Kaggle,,,CC BY-NC 4.0 (dataset card),2026-10-05,,d0ec12b33dffb8109b683b2e07780e2fc6b97187,,2026-03-12T14:51:00.000Z,2102,"Hugging Face repository downloads in last month; repeated per file, do not sum",30860492,71a89d285f8d7d266738cd4d0694d5653b55e69ffad7d6550f2476725b6b07f5,parquet,,,,,remote metadata only; not downloaded,,,,,,Repository update date does not prove each file was regenerated; card count is not a measured row count.,remote LFS metadata; verified locally for downloaded Parquet and matching CSV
adde023/steam-reviews,part.100.parquet,Hugging Face,https://huggingface.co/datasets/adde023/steam-reviews/blob/d0ec12b33dffb8109b683b2e07780e2fc6b97187/part.100.parquet,adde023,Steam User Reviews API via kieranpoc/steam-reviews on Kaggle,,,CC BY-NC 4.0 (dataset card),2026-10-05,,d0ec12b33dffb8109b683b2e07780e2fc6b97187,,2026-03-12T14:51:00.000Z,2102,"Hugging Face repository downloads in last month; repeated per file, do not sum",35788701,df98fb4c87f0f440963e7c131dcc91e96582d77b0c8768c197db3a9d6ec8eab1,parquet,,,,,remote metadata only; not downloaded,,,,,,Repository update date does not prove each file was regenerated; card count is not a measured row count.,remote LFS metadata; verified locally for downloaded Parquet and matching CSV
adde023/steam-reviews,part.101.parquet,Hugging Face,https://huggingface.co/datasets/adde023/steam-reviews/blob/d0ec12b33dffb8109b683b2e07780e2fc6b97187/part.101.parquet,adde023,Steam User Reviews API via kieranpoc/steam-reviews on Kaggle,,,CC BY-NC 4.0 (dataset card),2026-10-05,,d0ec12b33dffb8109b683b2e07780e2fc6b97187,,2026-03-12T14:51:00.000Z,2102,"Hugging Face repository downloads in last month; repeated per file, do not sum",36691370,fde23d31a38809124aba71c931efc1cfae683b4b03b1965bd00918d2d5c04463,parquet,,,,,remote metadata only; not downloaded,,,,,,Repository update date does not prove each file was regenerated; card count is not a measured row count.,remote LFS metadata; verified locally for downloaded Parquet and matching CSV
adde023/steam-reviews,part.102.parquet,Hugging Face,https://huggingface.co/datasets/adde023/steam-reviews/blob/d0ec12b33dffb8109b683b2e07780e2fc6b97187/part.102.parquet,adde023,Steam User Reviews API via kieranpoc/steam-reviews on Kaggle,,,CC BY-NC 4.0 (dataset card),2026-10-05,,d0ec12b33dffb8109b683b2e07780e2fc6b97187,,2026-03-12T14:51:00.000Z,2102,"Hugging Face repository downloads in last month; repeated per file, do not sum",35430637,dd6fe1169960035a01874d363bba1eb63ce1621755befd3e71c869d240db21e5,parquet,,,,,remote metadata only; not downloaded,,,,,,Repository update date does not prove each file was regenerated; card count is not a measured row count.,remote LFS metadata; verified locally for downloaded Parquet and matching CSV
adde023/steam-reviews,part.103.parquet,Hugging Face,https://huggingface.co/datasets/adde023/steam-reviews/blob/d0ec12b33dffb8109b683b2e07780e2fc6b97187/part.103.parquet,adde023,Steam User Reviews API via kieranpoc/steam-reviews on Kaggle,,,CC BY-NC 4.0 (dataset card),2026-10-05,,d0ec12b33dffb8109b683b2e07780e2fc6b97187,,2026-03-12T14:51:00.000Z,2102,"Hugging Face repository downloads in last month; repeated per file, do not sum",36053837,3d7ec311eba855796745d666124afe8b480abb7bd35c493536a10655e8759291,parquet,,,,,remote metadata only; not downloaded,,,,,,Repository update date does not prove each file was regenerated; card count is not a measured row count.,remote LFS metadata; verified locally for downloaded Parquet and matching CSV
adde023/steam-reviews,part.104.parquet,Hugging Face,https://huggingface.co/datasets/adde023/steam-reviews/blob/d0ec12b33dffb8109b683b2e07780e2fc6b97187/part.104.parquet,adde023,Steam User Reviews API via kieranpoc/steam-reviews on Kaggle,,,CC BY-NC 4.0 (dataset card),2026-10-05,,d0ec12b33dffb8109b683b2e07780e2fc6b97187,,2026-03-12T14:51:00.000Z,2102,"Hugging Face repository downloads in last month; repeated per file, do not sum",34944447,c32ba89a42866cc2a10b8a38d200a90964de07e3f87a51cf5b8957bc9bbf5f90,parquet,,,,,remote metadata only; not downloaded,,,,,,Repository update date does not prove each file was regenerated; card count is not a measured row count.,remote LFS metadata; verified locally for downloaded Parquet and matching CSV
adde023/steam-reviews,part.105.parquet,Hugging Face,https://huggingface.co/datasets/adde023/steam-reviews/blob/d0ec12b33dffb8109b683b2e07780e2fc6b97187/part.105.parquet,adde023,Steam User Reviews API via kieranpoc/steam-reviews on Kaggle,,,CC BY-NC 4.0 (dataset card),2026-10-05,,d0ec12b33dffb8109b683b2e07780e2fc6b97187,,2026-03-12T14:51:00.000Z,2102,"Hugging Face repository downloads in last month; repeated per file, do not sum",35370937,c6b42d0a5f9dfc7ea766bf09be57f67724a808f419a115b27526d09843900afc,parquet,,,,,remote metadata only; not downloaded,,,,,,Repository update date does not prove each file was regenerated; card count is not a measured row count.,remote LFS metadata; verified locally for downloaded Parquet and matching CSV
adde023/steam-reviews,part.106.parquet,Hugging Face,https://huggingface.co/datasets/adde023/steam-reviews/blob/d0ec12b33dffb8109b683b2e07780e2fc6b97187/part.106.parquet,adde023,Steam User Reviews API via kieranpoc/steam-reviews on Kaggle,,,CC BY-NC 4.0 (dataset card),2026-10-05,,d0ec12b33dffb8109b683b2e07780e2fc6b97187,,2026-03-12T14:51:00.000Z,2102,"Hugging Face repository downloads in last month; repeated per file, do not sum",37044694,7809a5b97812fc5a146fb1d29d8d2ea00de41cc9999db4fff31a0cb90ad41d9b,parquet,,,,,remote metadata only; not downloaded,,,,,,Repository update date does not prove each file was regenerated; card count is not a measured row count.,remote LFS metadata; verified locally for downloaded Parquet and matching CSV
adde023/steam-reviews,part.107.parquet,Hugging Face,https://huggingface.co/datasets/adde023/steam-reviews/blob/d0ec12b33dffb8109b683b2e07780e2fc6b97187/part.107.parquet,adde023,Steam User Reviews API via kieranpoc/steam-reviews on Kaggle,,,CC BY-NC 4.0 (dataset card),2026-10-05,,d0ec12b33dffb8109b683b2e07780e2fc6b97187,,2026-03-12T14:51:00.000Z,2102,"Hugging Face repository downloads in last month; repeated per file, do not sum",36480430,7e1ae7c0591c8668388bccaec4e70626c7bf156c4b08d13981f8f17a67d610ea,parquet,,,,,remote metadata only; not downloaded,,,,,,Repository update date does not prove each file was regenerated; card count is not a measured row count.,remote LFS metadata; verified locally for downloaded Parquet and matching CSV
adde023/steam-reviews,part.108.parquet,Hugging Face,https://huggingface.co/datasets/adde023/steam-reviews/blob/d0ec12b33dffb8109b683b2e07780e2fc6b97187/part.108.parquet,adde023,Steam User Reviews API via kieranpoc/steam-reviews on Kaggle,,,CC BY-NC 4.0 (dataset card),2026-10-05,,d0ec12b33dffb8109b683b2e07780e2fc6b97187,,2026-03-12T14:51:00.000Z,2102,"Hugging Face repository downloads in last month; repeated per file, do not sum",36837238,812e8e2cf1d1c34d0c7c8b4736d1de1502309749216b47b26d129d2f1343c1ad,parquet,,,,,remote metadata only; not downloaded,,,,,,Repository update date does not prove each file was regenerated; card count is not a measured row count.,remote LFS metadata; verified locally for downloaded Parquet and matching CSV
adde023/steam-reviews,part.109.parquet,Hugging Face,https://huggingface.co/datasets/adde023/steam-reviews/blob/d0ec12b33dffb8109b683b2e07780e2fc6b97187/part.109.parquet,adde023,Steam User Reviews API via kieranpoc/steam-reviews on Kaggle,,,CC BY-NC 4.0 (dataset card),2026-10-05,,d0ec12b33dffb8109b683b2e07780e2fc6b97187,,2026-03-12T14:51:00.000Z,2102,"Hugging Face repository downloads in last month; repeated per file, do not sum",36575397,54eaa6471a4065ef9effb344466aa36be6abedb4bdb3ac48b161bec4406677a0,parquet,,,,,remote metadata only; not downloaded,,,,,,Repository update date does not prove each file was regenerated; card count is not a measured row count.,remote LFS metadata; verified locally for downloaded Parquet and matching CSV
adde023/steam-reviews,part.11.parquet,Hugging Face,https://huggingface.co/datasets/adde023/steam-reviews/blob/d0ec12b33dffb8109b683b2e07780e2fc6b97187/part.11.parquet,adde023,Steam User Reviews API via kieranpoc/steam-reviews on Kaggle,,,CC BY-NC 4.0 (dataset card),2026-10-05,,d0ec12b33dffb8109b683b2e07780e2fc6b97187,,2026-03-12T14:51:00.000Z,2102,"Hugging Face repository downloads in last month; repeated per file, do not sum",30841318,3d78daf6e52883062ce90a428c11f8e5ef09e7788d1654becc6871174f7d426f,parquet,,,,,remote metadata only; not downloaded,,,,,,Repository update date does not prove each file was regenerated; card count is not a measured row count.,remote LFS metadata; verified locally for downloaded Parquet and matching CSV
adde023/steam-reviews,part.110.parquet,Hugging Face,https://huggingface.co/datasets/adde023/steam-reviews/blob/d0ec12b33dffb8109b683b2e07780e2fc6b97187/part.110.parquet,adde023,Steam User Reviews API via kieranpoc/steam-reviews on Kaggle,,,CC BY-NC 4.0 (dataset card),2026-10-05,,d0ec12b33dffb8109b683b2e07780e2fc6b97187,,2026-03-12T14:51:00.000Z,2102,"Hugging Face repository downloads in last month; repeated per file, do not sum",35418977,f8bba6f4437d933a9cc4e2deea10fdbad3b3edb1ac8c7554049a4f2075e32eb7,parquet,,,,,remote metadata only; not downloaded,,,,,,Repository update date does not prove each file was regenerated; card count is not a measured row count.,remote LFS metadata; verified locally for downloaded Parquet and matching CSV
adde023/steam-reviews,part.111.parquet,Hugging Face,https://huggingface.co/datasets/adde023/steam-reviews/blob/d0ec12b33dffb8109b683b2e07780e2fc6b97187/part.111.parquet,adde023,Steam User Reviews API via kieranpoc/steam-reviews on Kaggle,,,CC BY-NC 4.0 (dataset card),2026-10-05,,d0ec12b33dffb8109b683b2e07780e2fc6b97187,,2026-03-12T14:51:00.000Z,2102,"Hugging Face repository downloads in last month; repeated per file, do not sum",36928389,c2f0216425e74583bc2ccc80a7785f7b87e4cefd331ecb0540a5379143421b88,parquet,,,,,remote metadata only; not downloaded,,,,,,Repository update date does not prove each file was regenerated; card count is not a measured row count.,remote LFS metadata; verified locally for downloaded Parquet and matching CSV
adde023/steam-reviews,part.112.parquet,Hugging Face,https://huggingface.co/datasets/adde023/steam-reviews/blob/d0ec12b33dffb8109b683b2e07780e2fc6b97187/part.112.parquet,adde023,Steam User Reviews API via kieranpoc/steam-reviews on Kaggle,,,CC BY-NC 4.0 (dataset card),2026-10-05,,d0ec12b33dffb8109b683b2e07780e2fc6b97187,,2026-03-12T14:51:00.000Z,2102,"Hugging Face repository downloads in last month; repeated per file, do not sum",36746689,c112436edcda0d4f686b8d9d8b211af8ca9e6f34e4a08c648a44ed0115e1b96c,parquet,,,,,remote metadata only; not downloaded,,,,,,Repository update date does not prove each file was regenerated; card count is not a measured row count.,remote LFS metadata; verified locally for downloaded Parquet and matching CSV
adde023/steam-reviews,part.113.parquet,Hugging Face,https://huggingface.co/datasets/adde023/steam-reviews/blob/d0ec12b33dffb8109b683b2e07780e2fc6b97187/part.113.parquet,adde023,Steam User Reviews API via kieranpoc/steam-reviews on Kaggle,,,CC BY-NC 4.0 (dataset card),2026-10-05,,d0ec12b33dffb8109b683b2e07780e2fc6b97187,,2026-03-12T14:51:00.000Z,2102,"Hugging Face repository downloads in last month; repeated per file, do not sum",34850107,357fadf55af44b91b118a6143fbc1884dedf8f339087ee7a86dd0642273a7225,parquet,,,,,remote metadata only; not downloaded,,,,,,Repository update date does not prove each file was regenerated; card count is not a measured row count.,remote LFS metadata; verified locally for downloaded Parquet and matching CSV
adde023/steam-reviews,part.114.parquet,Hugging Face,https://huggingface.co/datasets/adde023/steam-reviews/blob/d0ec12b33dffb8109b683b2e07780e2fc6b97187/part.114.parquet,adde023,Steam User Reviews API via kieranpoc/steam-reviews on Kaggle,,,CC BY-NC 4.0 (dataset card),2026-10-05,,d0ec12b33dffb8109b683b2e07780e2fc6b97187,,2026-03-12T14:51:00.000Z,2102,"Hugging Face repository downloads in last month; repeated per file, do not sum",35809697,b6b7c67ed7dab7275731b13b1f6c0a1e11749e60b31ce6e5025234573be32265,parquet,,,,,remote metadata only; not downloaded,,,,,,Repository update date does not prove each file was regenerated; card count is not a measured row count.,remote LFS metadata; verified locally for downloaded Parquet and matching CSV
adde023/steam-reviews,part.115.parquet,Hugging Face,https://huggingface.co/datasets/adde023/steam-reviews/blob/d0ec12b33dffb8109b683b2e07780e2fc6b97187/part.115.parquet,adde023,Steam User Reviews API via kieranpoc/steam-reviews on Kaggle,,,CC BY-NC 4.0 (dataset card),2026-10-05,,d0ec12b33dffb8109b683b2e07780e2fc6b97187,,2026-03-12T14:51:00.000Z,2102,"Hugging Face repository downloads in last month; repeated per file, do not sum",35371777,3716044459812a1072a5c849ee940cd37454bdcee3a07a07c916464b62b4859a,parquet,,,,,remote metadata only; not downloaded,,,,,,Repository update date does not prove each file was regenerated; card count is not a measured row count.,remote LFS metadata; verified locally for downloaded Parquet and matching CSV
adde023/steam-reviews,part.116.parquet,Hugging Face,https://huggingface.co/datasets/adde023/steam-reviews/blob/d0ec12b33dffb8109b683b2e07780e2fc6b97187/part.116.parquet,adde023,Steam User Reviews API via kieranpoc/steam-reviews on Kaggle,,,CC BY-NC 4.0 (dataset card),2026-10-05,,d0ec12b33dffb8109b683b2e07780e2fc6b97187,,2026-03-12T14:51:00.000Z,2102,"Hugging Face repository downloads in last month; repeated per file, do not sum",34376465,d293b838a64acf251e1a8d7fb3a607af75dec0cc657b372fb7cbf72278d7586e,parquet,,,,,remote metadata only; not downloaded,,,,,,Repository update date does not prove each file was regenerated; card count is not a measured row count.,remote LFS metadata; verified locally for downloaded Parquet and matching CSV
adde023/steam-reviews,part.117.parquet,Hugging Face,https://huggingface.co/datasets/adde023/steam-reviews/blob/d0ec12b33dffb8109b683b2e07780e2fc6b97187/part.117.parquet,adde023,Steam User Reviews API via kieranpoc/steam-reviews on Kaggle,,,CC BY-NC 4.0 (dataset card),2026-10-05,,d0ec12b33dffb8109b683b2e07780e2fc6b97187,,2026-03-12T14:51:00.000Z,2102,"Hugging Face repository downloads in last month; repeated per file, do not sum",34712283,70725842b98a85f98659a43f84fab05cf1b8c031d40d790aef9b00d8e1019e3f,parquet,,,,,remote metadata only; not downloaded,,,,,,Repository update date does not prove each file was regenerated; card count is not a measured row count.,remote LFS metadata; verified locally for downloaded Parquet and matching CSV
adde023/steam-reviews,part.118.parquet,Hugging Face,https://huggingface.co/datasets/adde023/steam-reviews/blob/d0ec12b33dffb8109b683b2e07780e2fc6b97187/part.118.parquet,adde023,Steam User Reviews API via kieranpoc/steam-reviews on Kaggle,,,CC BY-NC 4.0 (dataset card),2026-10-05,,d0ec12b33dffb8109b683b2e07780e2fc6b97187,,2026-03-12T14:51:00.000Z,2102,"Hugging Face repository downloads in last month; repeated per file, do not sum",36228749,d741c6a483e08f6391c387d3f47cc44c0c04096be9176d9b5676cbd21e4c912f,parquet,,,,,remote metadata only; not downloaded,,,,,,Repository update date does not prove each file was regenerated; card count is not a measured row count.,remote LFS metadata; verified locally for downloaded Parquet and matching CSV
adde023/steam-reviews,part.119.parquet,Hugging Face,https://huggingface.co/datasets/adde023/steam-reviews/blob/d0ec12b33dffb8109b683b2e07780e2fc6b97187/part.119.parquet,adde023,Steam User Reviews API via kieranpoc/steam-reviews on Kaggle,,,CC BY-NC 4.0 (dataset card),2026-10-05,,d0ec12b33dffb8109b683b2e07780e2fc6b97187,,2026-03-12T14:51:00.000Z,2102,"Hugging Face repository downloads in last month; repeated per file, do not sum",36076391,87a6fc34c996befb214544d0249ab3b99652c5311ad47aa054d26aa2ed3c1616,parquet,,,,,remote metadata only; not downloaded,,,,,,Repository update date does not prove each file was regenerated; card count is not a measured row count.,remote LFS metadata; verified locally for downloaded Parquet and matching CSV
adde023/steam-reviews,part.12.parquet,Hugging Face,https://huggingface.co/datasets/adde023/steam-reviews/blob/d0ec12b33dffb8109b683b2e07780e2fc6b97187/part.12.parquet,adde023,Steam User Reviews API via kieranpoc/steam-reviews on Kaggle,,,CC BY-NC 4.0 (dataset card),2026-10-05,,d0ec12b33dffb8109b683b2e07780e2fc6b97187,,2026-03-12T14:51:00.000Z,2102,"Hugging Face repository downloads in last month; repeated per file, do not sum",31397830,4ba5788d4743de69335e5576870da65b2952fb288c45b33b64875dca1fc89ba2,parquet,,,,,remote metadata only; not downloaded,,,,,,Repository update date does not prove each file was regenerated; card count is not a measured row count.,remote LFS metadata; verified locally for downloaded Parquet and matching CSV
adde023/steam-reviews,part.120.parquet,Hugging Face,https://huggingface.co/datasets/adde023/steam-reviews/blob/d0ec12b33dffb8109b683b2e07780e2fc6b97187/part.120.parquet,adde023,Steam User Reviews API via kieranpoc/steam-reviews on Kaggle,,,CC BY-NC 4.0 (dataset card),2026-10-05,,d0ec12b33dffb8109b683b2e07780e2fc6b97187,,2026-03-12T14:51:00.000Z,2102,"Hugging Face repository downloads in last month; repeated per file, do not sum",34341708,41ed64f9c97f57f9e887c9121bf00b20fbaf511733a821ed3882a30528b216b0,parquet,,,,,remote metadata only; not downloaded,,,,,,Repository update date does not prove each file was regenerated; card count is not a measured row count.,remote LFS metadata; verified locally for downloaded Parquet and matching CSV
adde023/steam-reviews,part.121.parquet,Hugging Face,https://huggingface.co/datasets/adde023/steam-reviews/blob/d0ec12b33dffb8109b683b2e07780e2fc6b97187/part.121.parquet,adde023,Steam User Reviews API via kieranpoc/steam-reviews on Kaggle,,,CC BY-NC 4.0 (dataset card),2026-10-05,,d0ec12b33dffb8109b683b2e07780e2fc6b97187,,2026-03-12T14:51:00.000Z,2102,"Hugging Face repository downloads in last month; repeated per file, do not sum",36090057,2beaf54c59759e5161e795014a10a050f75314d8d757bd533fdd436f93bcfeba,parquet,,,,,remote metadata only; not downloaded,,,,,,Repository update date does not prove each file was regenerated; card count is not a measured row count.,remote LFS metadata; verified locally for downloaded Parquet and matching CSV
adde023/steam-reviews,part.122.parquet,Hugging Face,https://huggingface.co/datasets/adde023/steam-reviews/blob/d0ec12b33dffb8109b683b2e07780e2fc6b97187/part.122.parquet,adde023,Steam User Reviews API via kieranpoc/steam-reviews on Kaggle,,,CC BY-NC 4.0 (dataset card),2026-10-05,,d0ec12b33dffb8109b683b2e07780e2fc6b97187,,2026-03-12T14:51:00.000Z,2102,"Hugging Face repository downloads in last month; repeated per file, do not sum",31461389,b7bab2a98e26b59417de07e9b0a5adfb6280d1892892b67a31d4eda569a643ab,parquet,,,,,remote metadata only; not downloaded,,,,,,Repository update date does not prove each file was regenerated; card count is not a measured row count.,remote LFS metadata; verified locally for downloaded Parquet and matching CSV
adde023/steam-reviews,part.123.parquet,Hugging Face,https://huggingface.co/datasets/adde023/steam-reviews/blob/d0ec12b33dffb8109b683b2e07780e2fc6b97187/part.123.parquet,adde023,Steam User Reviews API via kieranpoc/steam-reviews on Kaggle,,,CC BY-NC 4.0 (dataset card),2026-10-05,,d0ec12b33dffb8109b683b2e07780e2fc6b97187,,2026-03-12T14:51:00.000Z,2102,"Hugging Face repository downloads in last month; repeated per file, do not sum",32937822,f353ef654d48ea4267cc121defe604beaaf3799083565ab46d1bf171bbf34acb,parquet,,,,,remote metadata only; not downloaded,,,,,,Repository update date does not prove each file was regenerated; card count is not a measured row count.,remote LFS metadata; verified locally for downloaded Parquet and matching CSV
adde023/steam-reviews,part.124.parquet,Hugging Face,https://huggingface.co/datasets/adde023/steam-reviews/blob/d0ec12b33dffb8109b683b2e07780e2fc6b97187/part.124.parquet,adde023,Steam User Reviews API via kieranpoc/steam-reviews on Kaggle,,,CC BY-NC 4.0 (dataset card),2026-10-05,,d0ec12b33dffb8109b683b2e07780e2fc6b97187,,2026-03-12T14:51:00.000Z,2102,"Hugging Face repository downloads in last month; repeated per file, do not sum",35921300,ffb71005b41ab2a779c109a57d20b681054d9b2057e4ebaf56e2f29a22dd2fa4,parquet,,,,,remote metadata only; not downloaded,,,,,,Repository update date does not prove each file was regenerated; card count is not a measured row count.,remote LFS metadata; verified locally for downloaded Parquet and matching CSV
adde023/steam-reviews,part.125.parquet,Hugging Face,https://huggingface.co/datasets/adde023/steam-reviews/blob/d0ec12b33dffb8109b683b2e07780e2fc6b97187/part.125.parquet,adde023,Steam User Reviews API via kieranpoc/steam-reviews on Kaggle,,,CC BY-NC 4.0 (dataset card),2026-10-05,,d0ec12b33dffb8109b683b2e07780e2fc6b97187,,2026-03-12T14:51:00.000Z,2102,"Hugging Face repository downloads in last month; repeated per file, do not sum",37269541,e390df584d96b9f88151c3c0fa60c0405f659b8d504d1a15865aa5ba7debc3d9,parquet,,,,,remote metadata only; not downloaded,,,,,,Repository update date does not prove each file was regenerated; card count is not a measured row count.,remote LFS metadata; verified locally for downloaded Parquet and matching CSV
adde023/steam-reviews,part.126.parquet,Hugging Face,https://huggingface.co/datasets/adde023/steam-reviews/blob/d0ec12b33dffb8109b683b2e07780e2fc6b97187/part.126.parquet,adde023,Steam User Reviews API via kieranpoc/steam-reviews on Kaggle,,,CC BY-NC 4.0 (dataset card),2026-10-05,,d0ec12b33dffb8109b683b2e07780e2fc6b97187,,2026-03-12T14:51:00.000Z,2102,"Hugging Face repository downloads in last month; repeated per file, do not sum",35181791,18dc0552b492af86b1a8e78cd3d6ddf06fd98de222064c2d098e740b287b2edb,parquet,,,,,remote metadata only; not downloaded,,,,,,Repository update date does not prove each file was regenerated; card count is not a measured row count.,remote LFS metadata; verified locally for downloaded Parquet and matching CSV
adde023/steam-reviews,part.127.parquet,Hugging Face,https://huggingface.co/datasets/adde023/steam-reviews/blob/d0ec12b33dffb8109b683b2e07780e2fc6b97187/part.127.parquet,adde023,Steam User Reviews API via kieranpoc/steam-reviews on Kaggle,,,CC BY-NC 4.0 (dataset card),2026-10-05,,d0ec12b33dffb8109b683b2e07780e2fc6b97187,,2026-03-12T14:51:00.000Z,2102,"Hugging Face repository downloads in last month; repeated per file, do not sum",36302549,d4fd0b316569672f1e17c8cd12b80c98eff611ee6874781ccbd8d88254a3715a,parquet,,,,,remote metadata only; not downloaded,,,,,,Repository update date does not prove each file was regenerated; card count is not a measured row count.,remote LFS metadata; verified locally for downloaded Parquet and matching CSV
adde023/steam-reviews,part.128.parquet,Hugging Face,https://huggingface.co/datasets/adde023/steam-reviews/blob/d0ec12b33dffb8109b683b2e07780e2fc6b97187/part.128.parquet,adde023,Steam User Reviews API via kieranpoc/steam-reviews on Kaggle,,,CC BY-NC 4.0 (dataset card),2026-10-05,,d0ec12b33dffb8109b683b2e07780e2fc6b97187,,2026-03-12T14:51:00.000Z,2102,"Hugging Face repository downloads in last month; repeated per file, do not sum",36077583,dcc82adb30b5c9f84b9f91368ee5635f22c0d262bb12dbec82fc8edd484a3f30,parquet,,,,,remote metadata only; not downloaded,,,,,,Repository update date does not prove each file was regenerated; card count is not a measured row count.,remote LFS metadata; verified locally for downloaded Parquet and matching CSV
adde023/steam-reviews,part.129.parquet,Hugging Face,https://huggingface.co/datasets/adde023/steam-reviews/blob/d0ec12b33dffb8109b683b2e07780e2fc6b97187/part.129.parquet,adde023,Steam User Reviews API via kieranpoc/steam-reviews on Kaggle,,,CC BY-NC 4.0 (dataset card),2026-10-05,,d0ec12b33dffb8109b683b2e07780e2fc6b97187,,2026-03-12T14:51:00.000Z,2102,"Hugging Face repository downloads in last month; repeated per file, do not sum",36425362,3443b2334d190e9faee6363836c55d972dcbc48d2c0557b0e9e5db4680fd7b09,parquet,,,,,remote metadata only; not downloaded,,,,,,Repository update date does not prove each file was regenerated; card count is not a measured row count.,remote LFS metadata; verified locally for downloaded Parquet and matching CSV
adde023/steam-reviews,part.13.parquet,Hugging Face,https://huggingface.co/datasets/adde023/steam-reviews/blob/d0ec12b33dffb8109b683b2e07780e2fc6b97187/part.13.parquet,adde023,Steam User Reviews API via kieranpoc/steam-reviews on Kaggle,,,CC BY-NC 4.0 (dataset card),2026-10-05,,d0ec12b33dffb8109b683b2e07780e2fc6b97187,,2026-03-12T14:51:00.000Z,2102,"Hugging Face repository downloads in last month; repeated per file, do not sum",34469401,a4686b438e5e5bcf8af98fbbaca39dba4153ac8e00971eae4b6249594abab5bc,parquet,,,,,remote metadata only; not downloaded,,,,,,Repository update date does not prove each file was regenerated; card count is not a measured row count.,remote LFS metadata; verified locally for downloaded Parquet and matching CSV
adde023/steam-reviews,part.130.parquet,Hugging Face,https://huggingface.co/datasets/adde023/steam-reviews/blob/d0ec12b33dffb8109b683b2e07780e2fc6b97187/part.130.parquet,adde023,Steam User Reviews API via kieranpoc/steam-reviews on Kaggle,,,CC BY-NC 4.0 (dataset card),2026-10-05,,d0ec12b33dffb8109b683b2e07780e2fc6b97187,,2026-03-12T14:51:00.000Z,2102,"Hugging Face repository downloads in last month; repeated per file, do not sum",35606067,2456d7c372c4ddb0ac8359085534d9f1d6d2b7e38a54427af859bffa222010d2,parquet,,,,,remote metadata only; not downloaded,,,,,,Repository update date does not prove each file was regenerated; card count is not a measured row count.,remote LFS metadata; verified locally for downloaded Parquet and matching CSV
adde023/steam-reviews,part.131.parquet,Hugging Face,https://huggingface.co/datasets/adde023/steam-reviews/blob/d0ec12b33dffb8109b683b2e07780e2fc6b97187/part.131.parquet,adde023,Steam User Reviews API via kieranpoc/steam-reviews on Kaggle,,,CC BY-NC 4.0 (dataset card),2026-10-05,,d0ec12b33dffb8109b683b2e07780e2fc6b97187,,2026-03-12T14:51:00.000Z,2102,"Hugging Face repository downloads in last month; repeated per file, do not sum",37821980,25d87834745b0a8f14d185bc8f32aaa7700f94e1e728d4b6538b97e6c230a713,parquet,,,,,remote metadata only; not downloaded,,,,,,Repository update date does not prove each file was regenerated; card count is not a measured row count.,remote LFS metadata; verified locally for downloaded Parquet and matching CSV
adde023/steam-reviews,part.132.parquet,Hugging Face,https://huggingface.co/datasets/adde023/steam-reviews/blob/d0ec12b33dffb8109b683b2e07780e2fc6b97187/part.132.parquet,adde023,Steam User Reviews API via kieranpoc/steam-reviews on Kaggle,,,CC BY-NC 4.0 (dataset card),2026-10-05,,d0ec12b33dffb8109b683b2e07780e2fc6b97187,,2026-03-12T14:51:00.000Z,2102,"Hugging Face repository downloads in last month; repeated per file, do not sum",35232533,6431fbd7019861d650b1bba13f4dfe03c9246ed8f2c2d290d493245ae8693661,parquet,,,,,remote metadata only; not downloaded,,,,,,Repository update date does not prove each file was regenerated; card count is not a measured row count.,remote LFS metadata; verified locally for downloaded Parquet and matching CSV
adde023/steam-reviews,part.133.parquet,Hugging Face,https://huggingface.co/datasets/adde023/steam-reviews/blob/d0ec12b33dffb8109b683b2e07780e2fc6b97187/part.133.parquet,adde023,Steam User Reviews API via kieranpoc/steam-reviews on Kaggle,,,CC BY-NC 4.0 (dataset card),2026-10-05,,d0ec12b33dffb8109b683b2e07780e2fc6b97187,,2026-03-12T14:51:00.000Z,2102,"Hugging Face repository downloads in last month; repeated per file, do not sum",36008831,a4322693d281fbdc88c2ca436bfdbbe3ba259a62fcf6c99723be1994af67190e,parquet,,,,,remote metadata only; not downloaded,,,,,,Repository update date does not prove each file was regenerated; card count is not a measured row count.,remote LFS metadata; verified locally for downloaded Parquet and matching CSV
adde023/steam-reviews,part.134.parquet,Hugging Face,https://huggingface.co/datasets/adde023/steam-reviews/blob/d0ec12b33dffb8109b683b2e07780e2fc6b97187/part.134.parquet,adde023,Steam User Reviews API via kieranpoc/steam-reviews on Kaggle,,,CC BY-NC 4.0 (dataset card),2026-10-05,,d0ec12b33dffb8109b683b2e07780e2fc6b97187,,2026-03-12T14:51:00.000Z,2102,"Hugging Face repository downloads in last month; repeated per file, do not sum",34967259,77960c24f114dc22810691ce8df35cf39985e7a2a58aed2107087331d95b8308,parquet,,,,,remote metadata only; not downloaded,,,,,,Repository update date does not prove each file was regenerated; card count is not a measured row count.,remote LFS metadata; verified locally for downloaded Parquet and matching CSV
adde023/steam-reviews,part.135.parquet,Hugging Face,https://huggingface.co/datasets/adde023/steam-reviews/blob/d0ec12b33dffb8109b683b2e07780e2fc6b97187/part.135.parquet,adde023,Steam User Reviews API via kieranpoc/steam-reviews on Kaggle,,,CC BY-NC 4.0 (dataset card),2026-10-05,,d0ec12b33dffb8109b683b2e07780e2fc6b97187,,2026-03-12T14:51:00.000Z,2102,"Hugging Face repository downloads in last month; repeated per file, do not sum",35716958,f93ea36d35f566ee0f76b59aa945fbf07adbfab80c1da223060d4a629dc97591,parquet,,,,,remote metadata only; not downloaded,,,,,,Repository update date does not prove each file was regenerated; card count is not a measured row count.,remote LFS metadata; verified locally for downloaded Parquet and matching CSV
adde023/steam-reviews,part.136.parquet,Hugging Face,https://huggingface.co/datasets/adde023/steam-reviews/blob/d0ec12b33dffb8109b683b2e07780e2fc6b97187/part.136.parquet,adde023,Steam User Reviews API via kieranpoc/steam-reviews on Kaggle,,,CC BY-NC 4.0 (dataset card),2026-10-05,,d0ec12b33dffb8109b683b2e07780e2fc6b97187,,2026-03-12T14:51:00.000Z,2102,"Hugging Face repository downloads in last month; repeated per file, do not sum",35346037,403302fd8f24c01e088e610aee4c1fc61143433f8691d7d1dd623297359bc0fe,parquet,,,,,remote metadata only; not downloaded,,,,,,Repository update date does not prove each file was regenerated; card count is not a measured row count.,remote LFS metadata; verified locally for downloaded Parquet and matching CSV
adde023/steam-reviews,part.137.parquet,Hugging Face,https://huggingface.co/datasets/adde023/steam-reviews/blob/d0ec12b33dffb8109b683b2e07780e2fc6b97187/part.137.parquet,adde023,Steam User Reviews API via kieranpoc/steam-reviews on Kaggle,,,CC BY-NC 4.0 (dataset card),2026-10-05,,d0ec12b33dffb8109b683b2e07780e2fc6b97187,,2026-03-12T14:51:00.000Z,2102,"Hugging Face repository downloads in last month; repeated per file, do not sum",36461880,3aad70c5fa4bc0d4c02957d5371577ebf5828471bbdb68c2638b66cf814991dc,parquet,,,,,remote metadata only; not downloaded,,,,,,Repository update date does not prove each file was regenerated; card count is not a measured row count.,remote LFS metadata; verified locally for downloaded Parquet and matching CSV
adde023/steam-reviews,part.138.parquet,Hugging Face,https://huggingface.co/datasets/adde023/steam-reviews/blob/d0ec12b33dffb8109b683b2e07780e2fc6b97187/part.138.parquet,adde023,Steam User Reviews API via kieranpoc/steam-reviews on Kaggle,,,CC BY-NC 4.0 (dataset card),2026-10-05,,d0ec12b33dffb8109b683b2e07780e2fc6b97187,,2026-03-12T14:51:00.000Z,2102,"Hugging Face repository downloads in last month; repeated per file, do not sum",35738641,084163c7addd5c83288f80e4856fe97c7d15fbb53dc01a0c7f234dbceb99926a,parquet,,,,,remote metadata only; not downloaded,,,,,,Repository update date does not prove each file was regenerated; card count is not a measured row count.,remote LFS metadata; verified locally for downloaded Parquet and matching CSV
adde023/steam-reviews,part.139.parquet,Hugging Face,https://huggingface.co/datasets/adde023/steam-reviews/blob/d0ec12b33dffb8109b683b2e07780e2fc6b97187/part.139.parquet,adde023,Steam User Reviews API via kieranpoc/steam-reviews on Kaggle,,,CC BY-NC 4.0 (dataset card),2026-10-05,,d0ec12b33dffb8109b683b2e07780e2fc6b97187,,2026-03-12T14:51:00.000Z,2102,"Hugging Face repository downloads in last month; repeated per file, do not sum",36349064,12ba14361937272100b2236d5397a0bd145a0c7114acb9fdde9bdb6a982569d8,parquet,,,,,remote metadata only; not downloaded,,,,,,Repository update date does not prove each file was regenerated; card count is not a measured row count.,remote LFS metadata; verified locally for downloaded Parquet and matching CSV
adde023/steam-reviews,part.14.parquet,Hugging Face,https://huggingface.co/datasets/adde023/steam-reviews/blob/d0ec12b33dffb8109b683b2e07780e2fc6b97187/part.14.parquet,adde023,Steam User Reviews API via kieranpoc/steam-reviews on Kaggle,,,CC BY-NC 4.0 (dataset card),2026-10-05,,d0ec12b33dffb8109b683b2e07780e2fc6b97187,,2026-03-12T14:51:00.000Z,2102,"Hugging Face repository downloads in last month; repeated per file, do not sum",36485453,9ff2ba55d6a95a4adc9c4b81272f120631d0b69226b9be0201ae98fda69dbc14,parquet,,,,,remote metadata only; not downloaded,,,,,,Repository update date does not prove each file was regenerated; card count is not a measured row count.,remote LFS metadata; verified locally for downloaded Parquet and matching CSV
adde023/steam-reviews,part.140.parquet,Hugging Face,https://huggingface.co/datasets/adde023/steam-reviews/blob/d0ec12b33dffb8109b683b2e07780e2fc6b97187/part.140.parquet,adde023,Steam User Reviews API via kieranpoc/steam-reviews on Kaggle,,,CC BY-NC 4.0 (dataset card),2026-10-05,,d0ec12b33dffb8109b683b2e07780e2fc6b97187,,2026-03-12T14:51:00.000Z,2102,"Hugging Face repository downloads in last month; repeated per file, do not sum",36676352,7b621345b8ff842101468301df33e4837730e1e544e3f3d7b7d363d249572e12,parquet,,,,,remote metadata only; not downloaded,,,,,,Repository update date does not prove each file was regenerated; card count is not a measured row count.,remote LFS metadata; verified locally for downloaded Parquet and matching CSV
adde023/steam-reviews,part.141.parquet,Hugging Face,https://huggingface.co/datasets/adde023/steam-reviews/blob/d0ec12b33dffb8109b683b2e07780e2fc6b97187/part.141.parquet,adde023,Steam User Reviews API via kieranpoc/steam-reviews on Kaggle,,,CC BY-NC 4.0 (dataset card),2026-10-05,,d0ec12b33dffb8109b683b2e07780e2fc6b97187,,2026-03-12T14:51:00.000Z,2102,"Hugging Face repository downloads in last month; repeated per file, do not sum",33531271,59be9069dc3c19dc65a818a542dfdc96a41217777053c1a1f62714f4694c8093,parquet,,,,,remote metadata only; not downloaded,,,,,,Repository update date does not prove each file was regenerated; card count is not a measured row count.,remote LFS metadata; verified locally for downloaded Parquet and matching CSV
adde023/steam-reviews,part.142.parquet,Hugging Face,https://huggingface.co/datasets/adde023/steam-reviews/blob/d0ec12b33dffb8109b683b2e07780e2fc6b97187/part.142.parquet,adde023,Steam User Reviews API via kieranpoc/steam-reviews on Kaggle,,,CC BY-NC 4.0 (dataset card),2026-10-05,,d0ec12b33dffb8109b683b2e07780e2fc6b97187,,2026-03-12T14:51:00.000Z,2102,"Hugging Face repository downloads in last month; repeated per file, do not sum",36501052,5fc32fe87a0d2aaa7627d178e608eb4e5dd6edaf83f67cfb874b48bcd57a11a8,parquet,,,,,remote metadata only; not downloaded,,,,,,Repository update date does not prove each file was regenerated; card count is not a measured row count.,remote LFS metadata; verified locally for downloaded Parquet and matching CSV
adde023/steam-reviews,part.143.parquet,Hugging Face,https://huggingface.co/datasets/adde023/steam-reviews/blob/d0ec12b33dffb8109b683b2e07780e2fc6b97187/part.143.parquet,adde023,Steam User Reviews API via kieranpoc/steam-reviews on Kaggle,,,CC BY-NC 4.0 (dataset card),2026-10-05,,d0ec12b33dffb8109b683b2e07780e2fc6b97187,,2026-03-12T14:51:00.000Z,2102,"Hugging Face repository downloads in last month; repeated per file, do not sum",35850442,7efcaa7a09eaa511366ee49d9dd491a5f327667506fb91a2258eab4fae5f1174,parquet,,,,,remote metadata only; not downloaded,,,,,,Repository update date does not prove each file was regenerated; card count is not a measured row count.,remote LFS metadata; verified locally for downloaded Parquet and matching CSV
adde023/steam-reviews,part.144.parquet,Hugging Face,https://huggingface.co/datasets/adde023/steam-reviews/blob/d0ec12b33dffb8109b683b2e07780e2fc6b97187/part.144.parquet,adde023,Steam User Reviews API via kieranpoc/steam-reviews on Kaggle,,,CC BY-NC 4.0 (dataset card),2026-10-05,,d0ec12b33dffb8109b683b2e07780e2fc6b97187,,2026-03-12T14:51:00.000Z,2102,"Hugging Face repository downloads in last month; repeated per file, do not sum",36495761,18ed36b56c0132df96cd107093c12e036e8abb0af8b64747572f5c75b6761c7a,parquet,,,,,remote metadata only; not downloaded,,,,,,Repository update date does not prove each file was regenerated; card count is not a measured row count.,remote LFS metadata; verified locally for downloaded Parquet and matching CSV
adde023/steam-reviews,part.145.parquet,Hugging Face,https://huggingface.co/datasets/adde023/steam-reviews/blob/d0ec12b33dffb8109b683b2e07780e2fc6b97187/part.145.parquet,adde023,Steam User Reviews API via kieranpoc/steam-reviews on Kaggle,,,CC BY-NC 4.0 (dataset card),2026-10-05,,d0ec12b33dffb8109b683b2e07780e2fc6b97187,,2026-03-12T14:51:00.000Z,2102,"Hugging Face repository downloads in last month; repeated per file, do not sum",35200149,bd9ee5747258d8fabd24b6c7c06f6a97745581e93b3c89340c2780ec5d3fd961,parquet,,,,,remote metadata only; not downloaded,,,,,,Repository update date does not prove each file was regenerated; card count is not a measured row count.,remote LFS metadata; verified locally for downloaded Parquet and matching CSV
adde023/steam-reviews,part.146.parquet,Hugging Face,https://huggingface.co/datasets/adde023/steam-reviews/blob/d0ec12b33dffb8109b683b2e07780e2fc6b97187/part.146.parquet,adde023,Steam User Reviews API via kieranpoc/steam-reviews on Kaggle,,,CC BY-NC 4.0 (dataset card),2026-10-05,,d0ec12b33dffb8109b683b2e07780e2fc6b97187,,2026-03-12T14:51:00.000Z,2102,"Hugging Face repository downloads in last month; repeated per file, do not sum",36785904,50a565d57c9ca1f209b4697175becfc3a876152f2ae98f7ffcef30b03b5c6b97,parquet,,,,,remote metadata only; not downloaded,,,,,,Repository update date does not prove each file was regenerated; card count is not a measured row count.,remote LFS metadata; verified locally for downloaded Parquet and matching CSV
adde023/steam-reviews,part.147.parquet,Hugging Face,https://huggingface.co/datasets/adde023/steam-reviews/blob/d0ec12b33dffb8109b683b2e07780e2fc6b97187/part.147.parquet,adde023,Steam User Reviews API via kieranpoc/steam-reviews on Kaggle,,,CC BY-NC 4.0 (dataset card),2026-10-05,,d0ec12b33dffb8109b683b2e07780e2fc6b97187,,2026-03-12T14:51:00.000Z,2102,"Hugging Face repository downloads in last month; repeated per file, do not sum",35237187,4071b04f0f633dc686673419707904300eb69218b50900e39ea4ed7f2b79881f,parquet,,,,,remote metadata only; not downloaded,,,,,,Repository update date does not prove each file was regenerated; card count is not a measured row count.,remote LFS metadata; verified locally for downloaded Parquet and matching CSV
adde023/steam-reviews,part.148.parquet,Hugging Face,https://huggingface.co/datasets/adde023/steam-reviews/blob/d0ec12b33dffb8109b683b2e07780e2fc6b97187/part.148.parquet,adde023,Steam User Reviews API via kieranpoc/steam-reviews on Kaggle,,,CC BY-NC 4.0 (dataset card),2026-10-05,,d0ec12b33dffb8109b683b2e07780e2fc6b97187,,2026-03-12T14:51:00.000Z,2102,"Hugging Face repository downloads in last month; repeated per file, do not sum",37589131,f2f44dc4e251f8fe38f24cfe60f72d5beeb9f49657cd547da0104272efed0e57,parquet,,,,,remote metadata only; not downloaded,,,,,,Repository update date does not prove each file was regenerated; card count is not a measured row count.,remote LFS metadata; verified locally for downloaded Parquet and matching CSV
adde023/steam-reviews,part.149.parquet,Hugging Face,https://huggingface.co/datasets/adde023/steam-reviews/blob/d0ec12b33dffb8109b683b2e07780e2fc6b97187/part.149.parquet,adde023,Steam User Reviews API via kieranpoc/steam-reviews on Kaggle,,,CC BY-NC 4.0 (dataset card),2026-10-05,,d0ec12b33dffb8109b683b2e07780e2fc6b97187,,2026-03-12T14:51:00.000Z,2102,"Hugging Face repository downloads in last month; repeated per file, do not sum",37059128,502ba481f2b0b1fbac3083aac23fa1682fe9b73af47538c18eabe54196dc3835,parquet,,,,,remote metadata only; not downloaded,,,,,,Repository update date does not prove each file was regenerated; card count is not a measured row count.,remote LFS metadata; verified locally for downloaded Parquet and matching CSV
adde023/steam-reviews,part.15.parquet,Hugging Face,https://huggingface.co/datasets/adde023/steam-reviews/blob/d0ec12b33dffb8109b683b2e07780e2fc6b97187/part.15.parquet,adde023,Steam User Reviews API via kieranpoc/steam-reviews on Kaggle,,,CC BY-NC 4.0 (dataset card),2026-10-05,,d0ec12b33dffb8109b683b2e07780e2fc6b97187,,2026-03-12T14:51:00.000Z,2102,"Hugging Face repository downloads in last month; repeated per file, do not sum",35203738,207e9567c5ba0aaaec13fc3510f7922f9e453705fbc28721b5edcc73b720462f,parquet,,,,,remote metadata only; not downloaded,,,,,,Repository update date does not prove each file was regenerated; card count is not a measured row count.,remote LFS metadata; verified locally for downloaded Parquet and matching CSV
adde023/steam-reviews,part.150.parquet,Hugging Face,https://huggingface.co/datasets/adde023/steam-reviews/blob/d0ec12b33dffb8109b683b2e07780e2fc6b97187/part.150.parquet,adde023,Steam User Reviews API via kieranpoc/steam-reviews on Kaggle,,,CC BY-NC 4.0 (dataset card),2026-10-05,,d0ec12b33dffb8109b683b2e07780e2fc6b97187,,2026-03-12T14:51:00.000Z,2102,"Hugging Face repository downloads in last month; repeated per file, do not sum",35779516,f631f44bf220fe478084f8ab3c38943f8d5813822048366db39fa4a359f1d141,parquet,,,,,remote metadata only; not downloaded,,,,,,Repository update date does not prove each file was regenerated; card count is not a measured row count.,remote LFS metadata; verified locally for downloaded Parquet and matching CSV
adde023/steam-reviews,part.151.parquet,Hugging Face,https://huggingface.co/datasets/adde023/steam-reviews/blob/d0ec12b33dffb8109b683b2e07780e2fc6b97187/part.151.parquet,adde023,Steam User Reviews API via kieranpoc/steam-reviews on Kaggle,,,CC BY-NC 4.0 (dataset card),2026-10-05,,d0ec12b33dffb8109b683b2e07780e2fc6b97187,,2026-03-12T14:51:00.000Z,2102,"Hugging Face repository downloads in last month; repeated per file, do not sum",37336029,c6d0f1bf98f44dc30e21df54ad03b65e4437c60d080d42a9cceb56c4e1ec4237,parquet,,,,,remote metadata only; not downloaded,,,,,,Repository update date does not prove each file was regenerated; card count is not a measured row count.,remote LFS metadata; verified locally for downloaded Parquet and matching CSV
adde023/steam-reviews,part.152.parquet,Hugging Face,https://huggingface.co/datasets/adde023/steam-reviews/blob/d0ec12b33dffb8109b683b2e07780e2fc6b97187/part.152.parquet,adde023,Steam User Reviews API via kieranpoc/steam-reviews on Kaggle,,,CC BY-NC 4.0 (dataset card),2026-10-05,,d0ec12b33dffb8109b683b2e07780e2fc6b97187,,2026-03-12T14:51:00.000Z,2102,"Hugging Face repository downloads in last month; repeated per file, do not sum",36069344,41c934c30b325622d5a8ff939d3cc39fe33a01a838b849cb3d4e5e8103de6bd2,parquet,,,,,remote metadata only; not downloaded,,,,,,Repository update date does not prove each file was regenerated; card count is not a measured row count.,remote LFS metadata; verified locally for downloaded Parquet and matching CSV
adde023/steam-reviews,part.153.parquet,Hugging Face,https://huggingface.co/datasets/adde023/steam-reviews/blob/d0ec12b33dffb8109b683b2e07780e2fc6b97187/part.153.parquet,adde023,Steam User Reviews API via kieranpoc/steam-reviews on Kaggle,,,CC BY-NC 4.0 (dataset card),2026-10-05,,d0ec12b33dffb8109b683b2e07780e2fc6b97187,,2026-03-12T14:51:00.000Z,2102,"Hugging Face repository downloads in last month; repeated per file, do not sum",33905085,0bf916a3c0494ba16dc425497c558d976d8f33be42fce0d06fd6802b50c95f0d,parquet,,,,,remote metadata only; not downloaded,,,,,,Repository update date does not prove each file was regenerated; card count is not a measured row count.,remote LFS metadata; verified locally for downloaded Parquet and matching CSV
adde023/steam-reviews,part.154.parquet,Hugging Face,https://huggingface.co/datasets/adde023/steam-reviews/blob/d0ec12b33dffb8109b683b2e07780e2fc6b97187/part.154.parquet,adde023,Steam User Reviews API via kieranpoc/steam-reviews on Kaggle,,,CC BY-NC 4.0 (dataset card),2026-10-05,,d0ec12b33dffb8109b683b2e07780e2fc6b97187,,2026-03-12T14:51:00.000Z,2102,"Hugging Face repository downloads in last month; repeated per file, do not sum",33576948,429bf9d76d8db0395a41cd9f585390a168214e2d8819d1b4b853030c3b10c45a,parquet,,,,,remote metadata only; not downloaded,,,,,,Repository update date does not prove each file was regenerated; card count is not a measured row count.,remote LFS metadata; verified locally for downloaded Parquet and matching CSV
adde023/steam-reviews,part.155.parquet,Hugging Face,https://huggingface.co/datasets/adde023/steam-reviews/blob/d0ec12b33dffb8109b683b2e07780e2fc6b97187/part.155.parquet,adde023,Steam User Reviews API via kieranpoc/steam-reviews on Kaggle,,,CC BY-NC 4.0 (dataset card),2026-10-05,,d0ec12b33dffb8109b683b2e07780e2fc6b97187,,2026-03-12T14:51:00.000Z,2102,"Hugging Face repository downloads in last month; repeated per file, do not sum",33174295,9f3227c5562526a750a5b7b04d97e344d0fcbb3f439b65219b658a5e641b2d90,parquet,,,,,remote metadata only; not downloaded,,,,,,Repository update date does not prove each file was regenerated; card count is not a measured row count.,remote LFS metadata; verified locally for downloaded Parquet and matching CSV
adde023/steam-reviews,part.156.parquet,Hugging Face,https://huggingface.co/datasets/adde023/steam-reviews/blob/d0ec12b33dffb8109b683b2e07780e2fc6b97187/part.156.parquet,adde023,Steam User Reviews API via kieranpoc/steam-reviews on Kaggle,,,CC BY-NC 4.0 (dataset card),2026-10-05,,d0ec12b33dffb8109b683b2e07780e2fc6b97187,,2026-03-12T14:51:00.000Z,2102,"Hugging Face repository downloads in last month; repeated per file, do not sum",34343161,20b5fe53e3825a367b8d82dc6ae03cd0226d78c6be23916ae37cdb3ab1d082c4,parquet,,,,,remote metadata only; not downloaded,,,,,,Repository update date does not prove each file was regenerated; card count is not a measured row count.,remote LFS metadata; verified locally for downloaded Parquet and matching CSV
adde023/steam-reviews,part.157.parquet,Hugging Face,https://huggingface.co/datasets/adde023/steam-reviews/blob/d0ec12b33dffb8109b683b2e07780e2fc6b97187/part.157.parquet,adde023,Steam User Reviews API via kieranpoc/steam-reviews on Kaggle,,,CC BY-NC 4.0 (dataset card),2026-10-05,,d0ec12b33dffb8109b683b2e07780e2fc6b97187,,2026-03-12T14:51:00.000Z,2102,"Hugging Face repository downloads in last month; repeated per file, do not sum",34175792,bf71f9f8d71c3ce2f0333f39d31c687e92703ca6cdda12829dec805794464945,parquet,,,,,remote metadata only; not downloaded,,,,,,Repository update date does not prove each file was regenerated; card count is not a measured row count.,remote LFS metadata; verified locally for downloaded Parquet and matching CSV
adde023/steam-reviews,part.158.parquet,Hugging Face,https://huggingface.co/datasets/adde023/steam-reviews/blob/d0ec12b33dffb8109b683b2e07780e2fc6b97187/part.158.parquet,adde023,Steam User Reviews API via kieranpoc/steam-reviews on Kaggle,,,CC BY-NC 4.0 (dataset card),2026-10-05,,d0ec12b33dffb8109b683b2e07780e2fc6b97187,,2026-03-12T14:51:00.000Z,2102,"Hugging Face repository downloads in last month; repeated per file, do not sum",35390657,bde9612d90555a8833691488bbf7e96f6a70136f39121afc4388c5b20de7cfa1,parquet,,,,,remote metadata only; not downloaded,,,,,,Repository update date does not prove each file was regenerated; card count is not a measured row count.,remote LFS metadata; verified locally for downloaded Parquet and matching CSV
adde023/steam-reviews,part.159.parquet,Hugging Face,https://huggingface.co/datasets/adde023/steam-reviews/blob/d0ec12b33dffb8109b683b2e07780e2fc6b97187/part.159.parquet,adde023,Steam User Reviews API via kieranpoc/steam-reviews on Kaggle,,,CC BY-NC 4.0 (dataset card),2026-10-05,,d0ec12b33dffb8109b683b2e07780e2fc6b97187,,2026-03-12T14:51:00.000Z,2102,"Hugging Face repository downloads in last month; repeated per file, do not sum",31487904,fb831d035c2a4c04038e6b324cf6bab3ceefd5b80b7646c90456c99bc497c7fb,parquet,,,,,remote metadata only; not downloaded,,,,,,Repository update date does not prove each file was regenerated; card count is not a measured row count.,remote LFS metadata; verified locally for downloaded Parquet and matching CSV
adde023/steam-reviews,part.16.parquet,Hugging Face,https://huggingface.co/datasets/adde023/steam-reviews/blob/d0ec12b33dffb8109b683b2e07780e2fc6b97187/part.16.parquet,adde023,Steam User Reviews API via kieranpoc/steam-reviews on Kaggle,,,CC BY-NC 4.0 (dataset card),2026-10-05,,d0ec12b33dffb8109b683b2e07780e2fc6b97187,,2026-03-12T14:51:00.000Z,2102,"Hugging Face repository downloads in last month; repeated per file, do not sum",36515526,e1b619ace6a0d989a16f732eba1a8ee624b5fd3bb9d079bd9291fa1f1fbe3122,parquet,,,,,remote metadata only; not downloaded,,,,,,Repository update date does not prove each file was regenerated; card count is not a measured row count.,remote LFS metadata; verified locally for downloaded Parquet and matching CSV
adde023/steam-reviews,part.160.parquet,Hugging Face,https://huggingface.co/datasets/adde023/steam-reviews/blob/d0ec12b33dffb8109b683b2e07780e2fc6b97187/part.160.parquet,adde023,Steam User Reviews API via kieranpoc/steam-reviews on Kaggle,,,CC BY-NC 4.0 (dataset card),2026-10-05,,d0ec12b33dffb8109b683b2e07780e2fc6b97187,,2026-03-12T14:51:00.000Z,2102,"Hugging Face repository downloads in last month; repeated per file, do not sum",36743843,8b33dc041eb73507e8fd9dbf4f11461164d74ec9638a19c606b93a9a4116f211,parquet,,,,,remote metadata only; not downloaded,,,,,,Repository update date does not prove each file was regenerated; card count is not a measured row count.,remote LFS metadata; verified locally for downloaded Parquet and matching CSV
adde023/steam-reviews,part.161.parquet,Hugging Face,https://huggingface.co/datasets/adde023/steam-reviews/blob/d0ec12b33dffb8109b683b2e07780e2fc6b97187/part.161.parquet,adde023,Steam User Reviews API via kieranpoc/steam-reviews on Kaggle,,,CC BY-NC 4.0 (dataset card),2026-10-05,,d0ec12b33dffb8109b683b2e07780e2fc6b97187,,2026-03-12T14:51:00.000Z,2102,"Hugging Face repository downloads in last month; repeated per file, do not sum",35697802,15c0bebb191c0322c8eca04f427c339d98bbd08cc65d52abe16fbcd17932d194,parquet,,,,,remote metadata only; not downloaded,,,,,,Repository update date does not prove each file was regenerated; card count is not a measured row count.,remote LFS metadata; verified locally for downloaded Parquet and matching CSV
adde023/steam-reviews,part.162.parquet,Hugging Face,https://huggingface.co/datasets/adde023/steam-reviews/blob/d0ec12b33dffb8109b683b2e07780e2fc6b97187/part.162.parquet,adde023,Steam User Reviews API via kieranpoc/steam-reviews on Kaggle,,,CC BY-NC 4.0 (dataset card),2026-10-05,,d0ec12b33dffb8109b683b2e07780e2fc6b97187,,2026-03-12T14:51:00.000Z,2102,"Hugging Face repository downloads in last month; repeated per file, do not sum",36784575,55b10451397b5e943621a5bab9e63d9468508b9910bef00e0cea33573b7235b5,parquet,,,,,remote metadata only; not downloaded,,,,,,Repository update date does not prove each file was regenerated; card count is not a measured row count.,remote LFS metadata; verified locally for downloaded Parquet and matching CSV
adde023/steam-reviews,part.163.parquet,Hugging Face,https://huggingface.co/datasets/adde023/steam-reviews/blob/d0ec12b33dffb8109b683b2e07780e2fc6b97187/part.163.parquet,adde023,Steam User Reviews API via kieranpoc/steam-reviews on Kaggle,,,CC BY-NC 4.0 (dataset card),2026-10-05,,d0ec12b33dffb8109b683b2e07780e2fc6b97187,,2026-03-12T14:51:00.000Z,2102,"Hugging Face repository downloads in last month; repeated per file, do not sum",36262569,7f46607b0ac0966753aae73b871b13c169ec381f7b7bbe9f2ed8ff00b4a4a05d,parquet,,,,,remote metadata only; not downloaded,,,,,,Repository update date does not prove each file was regenerated; card count is not a measured row count.,remote LFS metadata; verified locally for downloaded Parquet and matching CSV
adde023/steam-reviews,part.164.parquet,Hugging Face,https://huggingface.co/datasets/adde023/steam-reviews/blob/d0ec12b33dffb8109b683b2e07780e2fc6b97187/part.164.parquet,adde023,Steam User Reviews API via kieranpoc/steam-reviews on Kaggle,,,CC BY-NC 4.0 (dataset card),2026-10-05,,d0ec12b33dffb8109b683b2e07780e2fc6b97187,,2026-03-12T14:51:00.000Z,2102,"Hugging Face repository downloads in last month; repeated per file, do not sum",34100871,69be683680eeb6929ebdf2bd6fa194914fccdf69dce2e0b69c20a9e11b1db286,parquet,,,,,remote metadata only; not downloaded,,,,,,Repository update date does not prove each file was regenerated; card count is not a measured row count.,remote LFS metadata; verified locally for downloaded Parquet and matching CSV
adde023/steam-reviews,part.165.parquet,Hugging Face,https://huggingface.co/datasets/adde023/steam-reviews/blob/d0ec12b33dffb8109b683b2e07780e2fc6b97187/part.165.parquet,adde023,Steam User Reviews API via kieranpoc/steam-reviews on Kaggle,,,CC BY-NC 4.0 (dataset card),2026-10-05,,d0ec12b33dffb8109b683b2e07780e2fc6b97187,,2026-03-12T14:51:00.000Z,2102,"Hugging Face repository downloads in last month; repeated per file, do not sum",35890158,440409ea029ef782754bba6cfb26f7978e3d5986a6f85a79b53925ace9316b74,parquet,,,,,remote metadata only; not downloaded,,,,,,Repository update date does not prove each file was regenerated; card count is not a measured row count.,remote LFS metadata; verified locally for downloaded Parquet and matching CSV
adde023/steam-reviews,part.166.parquet,Hugging Face,https://huggingface.co/datasets/adde023/steam-reviews/blob/d0ec12b33dffb8109b683b2e07780e2fc6b97187/part.166.parquet,adde023,Steam User Reviews API via kieranpoc/steam-reviews on Kaggle,,,CC BY-NC 4.0 (dataset card),2026-10-05,,d0ec12b33dffb8109b683b2e07780e2fc6b97187,,2026-03-12T14:51:00.000Z,2102,"Hugging Face repository downloads in last month; repeated per file, do not sum",32292408,0ac4385ec66e25033d42bd950dcea5affee9f69dba2fbd4afe79192826084d5e,parquet,,,,,remote metadata only; not downloaded,,,,,,Repository update date does not prove each file was regenerated; card count is not a measured row count.,remote LFS metadata; verified locally for downloaded Parquet and matching CSV
adde023/steam-reviews,part.167.parquet,Hugging Face,https://huggingface.co/datasets/adde023/steam-reviews/blob/d0ec12b33dffb8109b683b2e07780e2fc6b97187/part.167.parquet,adde023,Steam User Reviews API via kieranpoc/steam-reviews on Kaggle,,,CC BY-NC 4.0 (dataset card),2026-10-05,,d0ec12b33dffb8109b683b2e07780e2fc6b97187,,2026-03-12T14:51:00.000Z,2102,"Hugging Face repository downloads in last month; repeated per file, do not sum",34916252,0d28eaf9c757dd6553981c4955946648bcb9a22fc5595984c425c431b220dad2,parquet,,,,,remote metadata only; not downloaded,,,,,,Repository update date does not prove each file was regenerated; card count is not a measured row count.,remote LFS metadata; verified locally for downloaded Parquet and matching CSV
adde023/steam-reviews,part.168.parquet,Hugging Face,https://huggingface.co/datasets/adde023/steam-reviews/blob/d0ec12b33dffb8109b683b2e07780e2fc6b97187/part.168.parquet,adde023,Steam User Reviews API via kieranpoc/steam-reviews on Kaggle,,,CC BY-NC 4.0 (dataset card),2026-10-05,,d0ec12b33dffb8109b683b2e07780e2fc6b97187,,2026-03-12T14:51:00.000Z,2102,"Hugging Face repository downloads in last month; repeated per file, do not sum",34130254,5ffa5f37496cc2016ee23a0a2cfaa23511bfd25d8571899e7ea2a1419e71c41a,parquet,,,,,remote metadata only; not downloaded,,,,,,Repository update date does not prove each file was regenerated; card count is not a measured row count.,remote LFS metadata; verified locally for downloaded Parquet and matching CSV
adde023/steam-reviews,part.169.parquet,Hugging Face,https://huggingface.co/datasets/adde023/steam-reviews/blob/d0ec12b33dffb8109b683b2e07780e2fc6b97187/part.169.parquet,adde023,Steam User Reviews API via kieranpoc/steam-reviews on Kaggle,,,CC BY-NC 4.0 (dataset card),2026-10-05,,d0ec12b33dffb8109b683b2e07780e2fc6b97187,,2026-03-12T14:51:00.000Z,2102,"Hugging Face repository downloads in last month; repeated per file, do not sum",35479902,96441a0216dfb28c923f7137f38d5cb333b275c8a90cf5698fc760296729dd28,parquet,,,,,remote metadata only; not downloaded,,,,,,Repository update date does not prove each file was regenerated; card count is not a measured row count.,remote LFS metadata; verified locally for downloaded Parquet and matching CSV
adde023/steam-reviews,part.17.parquet,Hugging Face,https://huggingface.co/datasets/adde023/steam-reviews/blob/d0ec12b33dffb8109b683b2e07780e2fc6b97187/part.17.parquet,adde023,Steam User Reviews API via kieranpoc/steam-reviews on Kaggle,,,CC BY-NC 4.0 (dataset card),2026-10-05,,d0ec12b33dffb8109b683b2e07780e2fc6b97187,,2026-03-12T14:51:00.000Z,2102,"Hugging Face repository downloads in last month; repeated per file, do not sum",36750000,dfb84eba2e1df92679a6156256bde6d87b37b3046f5307e84eec56495880ad08,parquet,,,,,remote metadata only; not downloaded,,,,,,Repository update date does not prove each file was regenerated; card count is not a measured row count.,remote LFS metadata; verified locally for downloaded Parquet and matching CSV
adde023/steam-reviews,part.170.parquet,Hugging Face,https://huggingface.co/datasets/adde023/steam-reviews/blob/d0ec12b33dffb8109b683b2e07780e2fc6b97187/part.170.parquet,adde023,Steam User Reviews API via kieranpoc/steam-reviews on Kaggle,,,CC BY-NC 4.0 (dataset card),2026-10-05,,d0ec12b33dffb8109b683b2e07780e2fc6b97187,,2026-03-12T14:51:00.000Z,2102,"Hugging Face repository downloads in last month; repeated per file, do not sum",36533201,4e7b5d2bcacb02039e4a1973c7f0af3181b0a572ce12d52e472d41286ac8069f,parquet,,,,,remote metadata only; not downloaded,,,,,,Repository update date does not prove each file was regenerated; card count is not a measured row count.,remote LFS metadata; verified locally for downloaded Parquet and matching CSV
adde023/steam-reviews,part.171.parquet,Hugging Face,https://huggingface.co/datasets/adde023/steam-reviews/blob/d0ec12b33dffb8109b683b2e07780e2fc6b97187/part.171.parquet,adde023,Steam User Reviews API via kieranpoc/steam-reviews on Kaggle,,,CC BY-NC 4.0 (dataset card),2026-10-05,,d0ec12b33dffb8109b683b2e07780e2fc6b97187,,2026-03-12T14:51:00.000Z,2102,"Hugging Face repository downloads in last month; repeated per file, do not sum",35330475,ad9de9eac18206332310e9d07fc8df3974df29592bf740ad7bfa17eead691eb8,parquet,,,,,remote metadata only; not downloaded,,,,,,Repository update date does not prove each file was regenerated; card count is not a measured row count.,remote LFS metadata; verified locally for downloaded Parquet and matching CSV
adde023/steam-reviews,part.172.parquet,Hugging Face,https://huggingface.co/datasets/adde023/steam-reviews/blob/d0ec12b33dffb8109b683b2e07780e2fc6b97187/part.172.parquet,adde023,Steam User Reviews API via kieranpoc/steam-reviews on Kaggle,,,CC BY-NC 4.0 (dataset card),2026-10-05,,d0ec12b33dffb8109b683b2e07780e2fc6b97187,,2026-03-12T14:51:00.000Z,2102,"Hugging Face repository downloads in last month; repeated per file, do not sum",34967474,ae178d27d3012654a12dd8da2770c20615d3d358dfee8c6138f9d91e0a005839,parquet,,,,,remote metadata only; not downloaded,,,,,,Repository update date does not prove each file was regenerated; card count is not a measured row count.,remote LFS metadata; verified locally for downloaded Parquet and matching CSV
adde023/steam-reviews,part.173.parquet,Hugging Face,https://huggingface.co/datasets/adde023/steam-reviews/blob/d0ec12b33dffb8109b683b2e07780e2fc6b97187/part.173.parquet,adde023,Steam User Reviews API via kieranpoc/steam-reviews on Kaggle,,,CC BY-NC 4.0 (dataset card),2026-10-05,,d0ec12b33dffb8109b683b2e07780e2fc6b97187,,2026-03-12T14:51:00.000Z,2102,"Hugging Face repository downloads in last month; repeated per file, do not sum",36838189,6e3f4d8c7c8b7d4864e2f5e8a41f0df6efc90a7d008ec775745cbc64485a70c8,parquet,,,,,remote metadata only; not downloaded,,,,,,Repository update date does not prove each file was regenerated; card count is not a measured row count.,remote LFS metadata; verified locally for downloaded Parquet and matching CSV
adde023/steam-reviews,part.174.parquet,Hugging Face,https://huggingface.co/datasets/adde023/steam-reviews/blob/d0ec12b33dffb8109b683b2e07780e2fc6b97187/part.174.parquet,adde023,Steam User Reviews API via kieranpoc/steam-reviews on Kaggle,,,CC BY-NC 4.0 (dataset card),2026-10-05,,d0ec12b33dffb8109b683b2e07780e2fc6b97187,,2026-03-12T14:51:00.000Z,2102,"Hugging Face repository downloads in last month; repeated per file, do not sum",36991198,170798bdab4c58300ae375cb70fd5ec69964866372bf6dd90ef1021879ef76f0,parquet,,,,,remote metadata only; not downloaded,,,,,,Repository update date does not prove each file was regenerated; card count is not a measured row count.,remote LFS metadata; verified locally for downloaded Parquet and matching CSV
adde023/steam-reviews,part.175.parquet,Hugging Face,https://huggingface.co/datasets/adde023/steam-reviews/blob/d0ec12b33dffb8109b683b2e07780e2fc6b97187/part.175.parquet,adde023,Steam User Reviews API via kieranpoc/steam-reviews on Kaggle,,,CC BY-NC 4.0 (dataset card),2026-10-05,,d0ec12b33dffb8109b683b2e07780e2fc6b97187,,2026-03-12T14:51:00.000Z,2102,"Hugging Face repository downloads in last month; repeated per file, do not sum",36999936,a74d360b285ed9e19b32b71ecf87bc1e0a738f0ec81c62a29b2a54fb4db8d7c8,parquet,,,,,remote metadata only; not downloaded,,,,,,Repository update date does not prove each file was regenerated; card count is not a measured row count.,remote LFS metadata; verified locally for downloaded Parquet and matching CSV
adde023/steam-reviews,part.176.parquet,Hugging Face,https://huggingface.co/datasets/adde023/steam-reviews/blob/d0ec12b33dffb8109b683b2e07780e2fc6b97187/part.176.parquet,adde023,Steam User Reviews API via kieranpoc/steam-reviews on Kaggle,,,CC BY-NC 4.0 (dataset card),2026-10-05,,d0ec12b33dffb8109b683b2e07780e2fc6b97187,,2026-03-12T14:51:00.000Z,2102,"Hugging Face repository downloads in last month; repeated per file, do not sum",35200611,e37a45af7cbec935e09c3348d049ea2b2578d83124607e6f22199b68ce7b0820,parquet,,,,,remote metadata only; not downloaded,,,,,,Repository update date does not prove each file was regenerated; card count is not a measured row count.,remote LFS metadata; verified locally for downloaded Parquet and matching CSV
adde023/steam-reviews,part.177.parquet,Hugging Face,https://huggingface.co/datasets/adde023/steam-reviews/blob/d0ec12b33dffb8109b683b2e07780e2fc6b97187/part.177.parquet,adde023,Steam User Reviews API via kieranpoc/steam-reviews on Kaggle,,,CC BY-NC 4.0 (dataset card),2026-10-05,,d0ec12b33dffb8109b683b2e07780e2fc6b97187,,2026-03-12T14:51:00.000Z,2102,"Hugging Face repository downloads in last month; repeated per file, do not sum",37920478,c012da439b3459c4a4fe720254387408176a3d89c2e898003e5a7a2cd80617ac,parquet,,,,,remote metadata only; not downloaded,,,,,,Repository update date does not prove each file was regenerated; card count is not a measured row count.,remote LFS metadata; verified locally for downloaded Parquet and matching CSV
adde023/steam-reviews,part.178.parquet,Hugging Face,https://huggingface.co/datasets/adde023/steam-reviews/blob/d0ec12b33dffb8109b683b2e07780e2fc6b97187/part.178.parquet,adde023,Steam User Reviews API via kieranpoc/steam-reviews on Kaggle,,,CC BY-NC 4.0 (dataset card),2026-10-05,,d0ec12b33dffb8109b683b2e07780e2fc6b97187,,2026-03-12T14:51:00.000Z,2102,"Hugging Face repository downloads in last month; repeated per file, do not sum",37743524,3cbf2cd632946fee929b5f32d365adfb3f9fcef1dcf3321a541c941e351a59f4,parquet,,,,,remote metadata only; not downloaded,,,,,,Repository update date does not prove each file was regenerated; card count is not a measured row count.,remote LFS metadata; verified locally for downloaded Parquet and matching CSV
adde023/steam-reviews,part.179.parquet,Hugging Face,https://huggingface.co/datasets/adde023/steam-reviews/blob/d0ec12b33dffb8109b683b2e07780e2fc6b97187/part.179.parquet,adde023,Steam User Reviews API via kieranpoc/steam-reviews on Kaggle,,,CC BY-NC 4.0 (dataset card),2026-10-05,,d0ec12b33dffb8109b683b2e07780e2fc6b97187,,2026-03-12T14:51:00.000Z,2102,"Hugging Face repository downloads in last month; repeated per file, do not sum",35046814,9af2004796d086d12462cf507b7f5fde2975493785524dfd2eb7967e9213ae9a,parquet,,,,,remote metadata only; not downloaded,,,,,,Repository update date does not prove each file was regenerated; card count is not a measured row count.,remote LFS metadata; verified locally for downloaded Parquet and matching CSV
adde023/steam-reviews,part.18.parquet,Hugging Face,https://huggingface.co/datasets/adde023/steam-reviews/blob/d0ec12b33dffb8109b683b2e07780e2fc6b97187/part.18.parquet,adde023,Steam User Reviews API via kieranpoc/steam-reviews on Kaggle,,,CC BY-NC 4.0 (dataset card),2026-10-05,,d0ec12b33dffb8109b683b2e07780e2fc6b97187,,2026-03-12T14:51:00.000Z,2102,"Hugging Face repository downloads in last month; repeated per file, do not sum",37437224,d05462261c0f64bf6c2a3380a441f0b36300cf7bc5185e1c1e4c7f28ab6f1713,parquet,,,,,remote metadata only; not downloaded,,,,,,Repository update date does not prove each file was regenerated; card count is not a measured row count.,remote LFS metadata; verified locally for downloaded Parquet and matching CSV
adde023/steam-reviews,part.180.parquet,Hugging Face,https://huggingface.co/datasets/adde023/steam-reviews/blob/d0ec12b33dffb8109b683b2e07780e2fc6b97187/part.180.parquet,adde023,Steam User Reviews API via kieranpoc/steam-reviews on Kaggle,,,CC BY-NC 4.0 (dataset card),2026-10-05,,d0ec12b33dffb8109b683b2e07780e2fc6b97187,,2026-03-12T14:51:00.000Z,2102,"Hugging Face repository downloads in last month; repeated per file, do not sum",35880365,c1ba22f46e8b8d2705d92504fb3236548868986540fb8f222e9db87edb13b1d2,parquet,,,,,remote metadata only; not downloaded,,,,,,Repository update date does not prove each file was regenerated; card count is not a measured row count.,remote LFS metadata; verified locally for downloaded Parquet and matching CSV
adde023/steam-reviews,part.181.parquet,Hugging Face,https://huggingface.co/datasets/adde023/steam-reviews/blob/d0ec12b33dffb8109b683b2e07780e2fc6b97187/part.181.parquet,adde023,Steam User Reviews API via kieranpoc/steam-reviews on Kaggle,,,CC BY-NC 4.0 (dataset card),2026-10-05,,d0ec12b33dffb8109b683b2e07780e2fc6b97187,,2026-03-12T14:51:00.000Z,2102,"Hugging Face repository downloads in last month; repeated per file, do not sum",37611087,d86d70344791909a0c7cf403a351b43c4a577ed64fa97fab8c219d81a4f93895,parquet,,,,,remote metadata only; not downloaded,,,,,,Repository update date does not prove each file was regenerated; card count is not a measured row count.,remote LFS metadata; verified locally for downloaded Parquet and matching CSV
adde023/steam-reviews,part.182.parquet,Hugging Face,https://huggingface.co/datasets/adde023/steam-reviews/blob/d0ec12b33dffb8109b683b2e07780e2fc6b97187/part.182.parquet,adde023,Steam User Reviews API via kieranpoc/steam-reviews on Kaggle,,,CC BY-NC 4.0 (dataset card),2026-10-05,,d0ec12b33dffb8109b683b2e07780e2fc6b97187,,2026-03-12T14:51:00.000Z,2102,"Hugging Face repository downloads in last month; repeated per file, do not sum",37514694,6deda9e42011e1c733ce16b09998e00978a0507c1b09377f354d2dccdda30544,parquet,,,,,remote metadata only; not downloaded,,,,,,Repository update date does not prove each file was regenerated; card count is not a measured row count.,remote LFS metadata; verified locally for downloaded Parquet and matching CSV
adde023/steam-reviews,part.183.parquet,Hugging Face,https://huggingface.co/datasets/adde023/steam-reviews/blob/d0ec12b33dffb8109b683b2e07780e2fc6b97187/part.183.parquet,adde023,Steam User Reviews API via kieranpoc/steam-reviews on Kaggle,,,CC BY-NC 4.0 (dataset card),2026-10-05,,d0ec12b33dffb8109b683b2e07780e2fc6b97187,,2026-03-12T14:51:00.000Z,2102,"Hugging Face repository downloads in last month; repeated per file, do not sum",36449758,74028eacb259f607151ece3b4db017f85dc6de7ed876ab36612b175a2b73cc13,parquet,,,,,remote metadata only; not downloaded,,,,,,Repository update date does not prove each file was regenerated; card count is not a measured row count.,remote LFS metadata; verified locally for downloaded Parquet and matching CSV
adde023/steam-reviews,part.184.parquet,Hugging Face,https://huggingface.co/datasets/adde023/steam-reviews/blob/d0ec12b33dffb8109b683b2e07780e2fc6b97187/part.184.parquet,adde023,Steam User Reviews API via kieranpoc/steam-reviews on Kaggle,,,CC BY-NC 4.0 (dataset card),2026-10-05,,d0ec12b33dffb8109b683b2e07780e2fc6b97187,,2026-03-12T14:51:00.000Z,2102,"Hugging Face repository downloads in last month; repeated per file, do not sum",36434448,ddf3378d8931c9e55755e35adbdb0d52f0be1f061c2755ef781530baee70ca18,parquet,,,,,remote metadata only; not downloaded,,,,,,Repository update date does not prove each file was regenerated; card count is not a measured row count.,remote LFS metadata; verified locally for downloaded Parquet and matching CSV
adde023/steam-reviews,part.185.parquet,Hugging Face,https://huggingface.co/datasets/adde023/steam-reviews/blob/d0ec12b33dffb8109b683b2e07780e2fc6b97187/part.185.parquet,adde023,Steam User Reviews API via kieranpoc/steam-reviews on Kaggle,,,CC BY-NC 4.0 (dataset card),2026-10-05,,d0ec12b33dffb8109b683b2e07780e2fc6b97187,,2026-03-12T14:51:00.000Z,2102,"Hugging Face repository downloads in last month; repeated per file, do not sum",35845898,8eacadfd378aa2e04dedb912f5e75b331f8e9965d5439549509aaf421eecc40a,parquet,,,,,remote metadata only; not downloaded,,,,,,Repository update date does not prove each file was regenerated; card count is not a measured row count.,remote LFS metadata; verified locally for downloaded Parquet and matching CSV
adde023/steam-reviews,part.186.parquet,Hugging Face,https://huggingface.co/datasets/adde023/steam-reviews/blob/d0ec12b33dffb8109b683b2e07780e2fc6b97187/part.186.parquet,adde023,Steam User Reviews API via kieranpoc/steam-reviews on Kaggle,,,CC BY-NC 4.0 (dataset card),2026-10-05,,d0ec12b33dffb8109b683b2e07780e2fc6b97187,,2026-03-12T14:51:00.000Z,2102,"Hugging Face repository downloads in last month; repeated per file, do not sum",37476968,0d3ed6e1cdf4e5fcb05995a71da1d5da882d1beb9747c8bd1a142be26a5a25c5,parquet,,,,,remote metadata only; not downloaded,,,,,,Repository update date does not prove each file was regenerated; card count is not a measured row count.,remote LFS metadata; verified locally for downloaded Parquet and matching CSV
adde023/steam-reviews,part.187.parquet,Hugging Face,https://huggingface.co/datasets/adde023/steam-reviews/blob/d0ec12b33dffb8109b683b2e07780e2fc6b97187/part.187.parquet,adde023,Steam User Reviews API via kieranpoc/steam-reviews on Kaggle,,,CC BY-NC 4.0 (dataset card),2026-10-05,,d0ec12b33dffb8109b683b2e07780e2fc6b97187,,2026-03-12T14:51:00.000Z,2102,"Hugging Face repository downloads in last month; repeated per file, do not sum",37057230,738240e74a0ece89a1f2132b9bde2a8e725b59295c4f510b439bcc0443510220,parquet,,,,,remote metadata only; not downloaded,,,,,,Repository update date does not prove each file was regenerated; card count is not a measured row count.,remote LFS metadata; verified locally for downloaded Parquet and matching CSV
adde023/steam-reviews,part.188.parquet,Hugging Face,https://huggingface.co/datasets/adde023/steam-reviews/blob/d0ec12b33dffb8109b683b2e07780e2fc6b97187/part.188.parquet,adde023,Steam User Reviews API via kieranpoc/steam-reviews on Kaggle,,,CC BY-NC 4.0 (dataset card),2026-10-05,,d0ec12b33dffb8109b683b2e07780e2fc6b97187,,2026-03-12T14:51:00.000Z,2102,"Hugging Face repository downloads in last month; repeated per file, do not sum",36662734,9079555430da5418ee9432565ebd53cedf6eed22af18bd0490c58e5ae2e3d503,parquet,,,,,remote metadata only; not downloaded,,,,,,Repository update date does not prove each file was regenerated; card count is not a measured row count.,remote LFS metadata; verified locally for downloaded Parquet and matching CSV
adde023/steam-reviews,part.189.parquet,Hugging Face,https://huggingface.co/datasets/adde023/steam-reviews/blob/d0ec12b33dffb8109b683b2e07780e2fc6b97187/part.189.parquet,adde023,Steam User Reviews API via kieranpoc/steam-reviews on Kaggle,,,CC BY-NC 4.0 (dataset card),2026-10-05,,d0ec12b33dffb8109b683b2e07780e2fc6b97187,,2026-03-12T14:51:00.000Z,2102,"Hugging Face repository downloads in last month; repeated per file, do not sum",36436575,1831a9a1d5ceef87a8847fa67f34af2f750e82f48d0887f3739b83985d311706,parquet,,,,,remote metadata only; not downloaded,,,,,,Repository update date does not prove each file was regenerated; card count is not a measured row count.,remote LFS metadata; verified locally for downloaded Parquet and matching CSV
adde023/steam-reviews,part.19.parquet,Hugging Face,https://huggingface.co/datasets/adde023/steam-reviews/blob/d0ec12b33dffb8109b683b2e07780e2fc6b97187/part.19.parquet,adde023,Steam User Reviews API via kieranpoc/steam-reviews on Kaggle,,,CC BY-NC 4.0 (dataset card),2026-10-05,,d0ec12b33dffb8109b683b2e07780e2fc6b97187,,2026-03-12T14:51:00.000Z,2102,"Hugging Face repository downloads in last month; repeated per file, do not sum",37325779,5ac6977499b5956c933c74f816a40d4701ae158215b17103dc08624b291ab350,parquet,,,,,remote metadata only; not downloaded,,,,,,Repository update date does not prove each file was regenerated; card count is not a measured row count.,remote LFS metadata; verified locally for downloaded Parquet and matching CSV
adde023/steam-reviews,part.190.parquet,Hugging Face,https://huggingface.co/datasets/adde023/steam-reviews/blob/d0ec12b33dffb8109b683b2e07780e2fc6b97187/part.190.parquet,adde023,Steam User Reviews API via kieranpoc/steam-reviews on Kaggle,,,CC BY-NC 4.0 (dataset card),2026-10-05,,d0ec12b33dffb8109b683b2e07780e2fc6b97187,,2026-03-12T14:51:00.000Z,2102,"Hugging Face repository downloads in last month; repeated per file, do not sum",37723874,16a1e83f158ac06a87a1a0b2b4d82264e97a61843a44f19e278d54310a0e0ea4,parquet,,,,,remote metadata only; not downloaded,,,,,,Repository update date does not prove each file was regenerated; card count is not a measured row count.,remote LFS metadata; verified locally for downloaded Parquet and matching CSV
adde023/steam-reviews,part.191.parquet,Hugging Face,https://huggingface.co/datasets/adde023/steam-reviews/blob/d0ec12b33dffb8109b683b2e07780e2fc6b97187/part.191.parquet,adde023,Steam User Reviews API via kieranpoc/steam-reviews on Kaggle,,,CC BY-NC 4.0 (dataset card),2026-10-05,,d0ec12b33dffb8109b683b2e07780e2fc6b97187,,2026-03-12T14:51:00.000Z,2102,"Hugging Face repository downloads in last month; repeated per file, do not sum",37061436,2af340d6a24974e5a6035ff6a9b7015bce86fa82cbf82de8242799824935079e,parquet,,,,,remote metadata only; not downloaded,,,,,,Repository update date does not prove each file was regenerated; card count is not a measured row count.,remote LFS metadata; verified locally for downloaded Parquet and matching CSV
adde023/steam-reviews,part.192.parquet,Hugging Face,https://huggingface.co/datasets/adde023/steam-reviews/blob/d0ec12b33dffb8109b683b2e07780e2fc6b97187/part.192.parquet,adde023,Steam User Reviews API via kieranpoc/steam-reviews on Kaggle,,,CC BY-NC 4.0 (dataset card),2026-10-05,,d0ec12b33dffb8109b683b2e07780e2fc6b97187,,2026-03-12T14:51:00.000Z,2102,"Hugging Face repository downloads in last month; repeated per file, do not sum",35080682,a6a80b857011317a0bddc79d2d71a173e3807a63ca3d20ec4605c93a720fd887,parquet,,,,,remote metadata only; not downloaded,,,,,,Repository update date does not prove each file was regenerated; card count is not a measured row count.,remote LFS metadata; verified locally for downloaded Parquet and matching CSV
adde023/steam-reviews,part.193.parquet,Hugging Face,https://huggingface.co/datasets/adde023/steam-reviews/blob/d0ec12b33dffb8109b683b2e07780e2fc6b97187/part.193.parquet,adde023,Steam User Reviews API via kieranpoc/steam-reviews on Kaggle,,,CC BY-NC 4.0 (dataset card),2026-10-05,,d0ec12b33dffb8109b683b2e07780e2fc6b97187,,2026-03-12T14:51:00.000Z,2102,"Hugging Face repository downloads in last month; repeated per file, do not sum",35250815,77ff5579a21c5f19ac567c20189904309a142311d3f181b5acbd024095b841a4,parquet,,,,,remote metadata only; not downloaded,,,,,,Repository update date does not prove each file was regenerated; card count is not a measured row count.,remote LFS metadata; verified locally for downloaded Parquet and matching CSV
adde023/steam-reviews,part.194.parquet,Hugging Face,https://huggingface.co/datasets/adde023/steam-reviews/blob/d0ec12b33dffb8109b683b2e07780e2fc6b97187/part.194.parquet,adde023,Steam User Reviews API via kieranpoc/steam-reviews on Kaggle,,,CC BY-NC 4.0 (dataset card),2026-10-05,,d0ec12b33dffb8109b683b2e07780e2fc6b97187,,2026-03-12T14:51:00.000Z,2102,"Hugging Face repository downloads in last month; repeated per file, do not sum",38153067,97c7636fa248b2ad7c72c2c34ab6e6d0513394bac0e5b124ed55166a11b04df3,parquet,,,,,remote metadata only; not downloaded,,,,,,Repository update date does not prove each file was regenerated; card count is not a measured row count.,remote LFS metadata; verified locally for downloaded Parquet and matching CSV
adde023/steam-reviews,part.195.parquet,Hugging Face,https://huggingface.co/datasets/adde023/steam-reviews/blob/d0ec12b33dffb8109b683b2e07780e2fc6b97187/part.195.parquet,adde023,Steam User Reviews API via kieranpoc/steam-reviews on Kaggle,,,CC BY-NC 4.0 (dataset card),2026-10-05,,d0ec12b33dffb8109b683b2e07780e2fc6b97187,,2026-03-12T14:51:00.000Z,2102,"Hugging Face repository downloads in last month; repeated per file, do not sum",36540109,abb3293f368abb00b1d0a2d9ef07dafb0ab3b4d448a01ad06890c30a00c57607,parquet,,,,,remote metadata only; not downloaded,,,,,,Repository update date does not prove each file was regenerated; card count is not a measured row count.,remote LFS metadata; verified locally for downloaded Parquet and matching CSV
adde023/steam-reviews,part.196.parquet,Hugging Face,https://huggingface.co/datasets/adde023/steam-reviews/blob/d0ec12b33dffb8109b683b2e07780e2fc6b97187/part.196.parquet,adde023,Steam User Reviews API via kieranpoc/steam-reviews on Kaggle,,,CC BY-NC 4.0 (dataset card),2026-10-05,,d0ec12b33dffb8109b683b2e07780e2fc6b97187,,2026-03-12T14:51:00.000Z,2102,"Hugging Face repository downloads in last month; repeated per file, do not sum",36797672,9fa1db3842dff5712a305a262241bbfb0bb6289ce0d6d16381063a501fc00e3e,parquet,,,,,remote metadata only; not downloaded,,,,,,Repository update date does not prove each file was regenerated; card count is not a measured row count.,remote LFS metadata; verified locally for downloaded Parquet and matching CSV
adde023/steam-reviews,part.197.parquet,Hugging Face,https://huggingface.co/datasets/adde023/steam-reviews/blob/d0ec12b33dffb8109b683b2e07780e2fc6b97187/part.197.parquet,adde023,Steam User Reviews API via kieranpoc/steam-reviews on Kaggle,,,CC BY-NC 4.0 (dataset card),2026-10-05,,d0ec12b33dffb8109b683b2e07780e2fc6b97187,,2026-03-12T14:51:00.000Z,2102,"Hugging Face repository downloads in last month; repeated per file, do not sum",36213549,f00e376855625e70cb3dbe360fb2c51a7c386cba9d2f23856f6cf685d7a9a9e3,parquet,,,,,remote metadata only; not downloaded,,,,,,Repository update date does not prove each file was regenerated; card count is not a measured row count.,remote LFS metadata; verified locally for downloaded Parquet and matching CSV
adde023/steam-reviews,part.198.parquet,Hugging Face,https://huggingface.co/datasets/adde023/steam-reviews/blob/d0ec12b33dffb8109b683b2e07780e2fc6b97187/part.198.parquet,adde023,Steam User Reviews API via kieranpoc/steam-reviews on Kaggle,,,CC BY-NC 4.0 (dataset card),2026-10-05,,d0ec12b33dffb8109b683b2e07780e2fc6b97187,,2026-03-12T14:51:00.000Z,2102,"Hugging Face repository downloads in last month; repeated per file, do not sum",33141935,220e9791aef00bb2852482b39b619a9267166aea74398bd6f1ea67c796c958d0,parquet,,,,,remote metadata only; not downloaded,,,,,,Repository update date does not prove each file was regenerated; card count is not a measured row count.,remote LFS metadata; verified locally for downloaded Parquet and matching CSV
adde023/steam-reviews,part.199.parquet,Hugging Face,https://huggingface.co/datasets/adde023/steam-reviews/blob/d0ec12b33dffb8109b683b2e07780e2fc6b97187/part.199.parquet,adde023,Steam User Reviews API via kieranpoc/steam-reviews on Kaggle,,,CC BY-NC 4.0 (dataset card),2026-10-05,,d0ec12b33dffb8109b683b2e07780e2fc6b97187,,2026-03-12T14:51:00.000Z,2102,"Hugging Face repository downloads in last month; repeated per file, do not sum",32990486,533a1744c3fa2c691ef5411a0795000e5228f3f3f065cb230a8e17694da75c95,parquet,,,,,remote metadata only; not downloaded,,,,,,Repository update date does not prove each file was regenerated; card count is not a measured row count.,remote LFS metadata; verified locally for downloaded Parquet and matching CSV
adde023/steam-reviews,part.2.parquet,Hugging Face,https://huggingface.co/datasets/adde023/steam-reviews/blob/d0ec12b33dffb8109b683b2e07780e2fc6b97187/part.2.parquet,adde023,Steam User Reviews API via kieranpoc/steam-reviews on Kaggle,,,CC BY-NC 4.0 (dataset card),2026-10-05,,d0ec12b33dffb8109b683b2e07780e2fc6b97187,,2026-03-12T14:51:00.000Z,2102,"Hugging Face repository downloads in last month; repeated per file, do not sum",37382849,539daac960d10f3f81e42b5f36868b00d2e5ac224e4980c2fec8e39d0bda9d94,parquet,,,,,remote metadata only; not downloaded,,,,,,Repository update date does not prove each file was regenerated; card count is not a measured row count.,remote LFS metadata; verified locally for downloaded Parquet and matching CSV
adde023/steam-reviews,part.20.parquet,Hugging Face,https://huggingface.co/datasets/adde023/steam-reviews/blob/d0ec12b33dffb8109b683b2e07780e2fc6b97187/part.20.parquet,adde023,Steam User Reviews API via kieranpoc/steam-reviews on Kaggle,,,CC BY-NC 4.0 (dataset card),2026-10-05,,d0ec12b33dffb8109b683b2e07780e2fc6b97187,,2026-03-12T14:51:00.000Z,2102,"Hugging Face repository downloads in last month; repeated per file, do not sum",36513786,9cd4691b47a3d624e0bc5fda1cb306e02637d7e9feacd5991f85b22262d975d3,parquet,,,,,remote metadata only; not downloaded,,,,,,Repository update date does not prove each file was regenerated; card count is not a measured row count.,remote LFS metadata; verified locally for downloaded Parquet and matching CSV
adde023/steam-reviews,part.200.parquet,Hugging Face,https://huggingface.co/datasets/adde023/steam-reviews/blob/d0ec12b33dffb8109b683b2e07780e2fc6b97187/part.200.parquet,adde023,Steam User Reviews API via kieranpoc/steam-reviews on Kaggle,,,CC BY-NC 4.0 (dataset card),2026-10-05,,d0ec12b33dffb8109b683b2e07780e2fc6b97187,,2026-03-12T14:51:00.000Z,2102,"Hugging Face repository downloads in last month; repeated per file, do not sum",30991809,2d95cc3bbcc0bb6256151a6da09b5155d03d01af49764177c876c0c23341b25a,parquet,,,,,remote metadata only; not downloaded,,,,,,Repository update date does not prove each file was regenerated; card count is not a measured row count.,remote LFS metadata; verified locally for downloaded Parquet and matching CSV
adde023/steam-reviews,part.201.parquet,Hugging Face,https://huggingface.co/datasets/adde023/steam-reviews/blob/d0ec12b33dffb8109b683b2e07780e2fc6b97187/part.201.parquet,adde023,Steam User Reviews API via kieranpoc/steam-reviews on Kaggle,,,CC BY-NC 4.0 (dataset card),2026-10-05,,d0ec12b33dffb8109b683b2e07780e2fc6b97187,,2026-03-12T14:51:00.000Z,2102,"Hugging Face repository downloads in last month; repeated per file, do not sum",33612058,1776be55e20d30e044a1da8f19bc02afaef6f832f1fb4ed9b5a420338329a1e9,parquet,,,,,remote metadata only; not downloaded,,,,,,Repository update date does not prove each file was regenerated; card count is not a measured row count.,remote LFS metadata; verified locally for downloaded Parquet and matching CSV
adde023/steam-reviews,part.202.parquet,Hugging Face,https://huggingface.co/datasets/adde023/steam-reviews/blob/d0ec12b33dffb8109b683b2e07780e2fc6b97187/part.202.parquet,adde023,Steam User Reviews API via kieranpoc/steam-reviews on Kaggle,,,CC BY-NC 4.0 (dataset card),2026-10-05,,d0ec12b33dffb8109b683b2e07780e2fc6b97187,,2026-03-12T14:51:00.000Z,2102,"Hugging Face repository downloads in last month; repeated per file, do not sum",35345570,dd6e9010aa443249f30b4e9eb8b5a1cc08c843f7c5d125c788495024efbcd222,parquet,,,,,remote metadata only; not downloaded,,,,,,Repository update date does not prove each file was regenerated; card count is not a measured row count.,remote LFS metadata; verified locally for downloaded Parquet and matching CSV
adde023/steam-reviews,part.203.parquet,Hugging Face,https://huggingface.co/datasets/adde023/steam-reviews/blob/d0ec12b33dffb8109b683b2e07780e2fc6b97187/part.203.parquet,adde023,Steam User Reviews API via kieranpoc/steam-reviews on Kaggle,,,CC BY-NC 4.0 (dataset card),2026-10-05,,d0ec12b33dffb8109b683b2e07780e2fc6b97187,,2026-03-12T14:51:00.000Z,2102,"Hugging Face repository downloads in last month; repeated per file, do not sum",36965361,8669856a1ca75958ecdcbe4b22901c157cd6b5e0328a6f57b2a96d19d5325e00,parquet,,,,,remote metadata only; not downloaded,,,,,,Repository update date does not prove each file was regenerated; card count is not a measured row count.,remote LFS metadata; verified locally for downloaded Parquet and matching CSV
adde023/steam-reviews,part.204.parquet,Hugging Face,https://huggingface.co/datasets/adde023/steam-reviews/blob/d0ec12b33dffb8109b683b2e07780e2fc6b97187/part.204.parquet,adde023,Steam User Reviews API via kieranpoc/steam-reviews on Kaggle,,,CC BY-NC 4.0 (dataset card),2026-10-05,,d0ec12b33dffb8109b683b2e07780e2fc6b97187,,2026-03-12T14:51:00.000Z,2102,"Hugging Face repository downloads in last month; repeated per file, do not sum",35557834,d9ebcce0f0fc0ddd6f9f34a8ffd345deeec8d55a25ce811530076c548c50cf8a,parquet,,,,,remote metadata only; not downloaded,,,,,,Repository update date does not prove each file was regenerated; card count is not a measured row count.,remote LFS metadata; verified locally for downloaded Parquet and matching CSV
adde023/steam-reviews,part.205.parquet,Hugging Face,https://huggingface.co/datasets/adde023/steam-reviews/blob/d0ec12b33dffb8109b683b2e07780e2fc6b97187/part.205.parquet,adde023,Steam User Reviews API via kieranpoc/steam-reviews on Kaggle,,,CC BY-NC 4.0 (dataset card),2026-10-05,,d0ec12b33dffb8109b683b2e07780e2fc6b97187,,2026-03-12T14:51:00.000Z,2102,"Hugging Face repository downloads in last month; repeated per file, do not sum",34995339,460fe8045320cde72ab1ebbb1cbffc3ccb8e4deec942b1b1f2bcd1a5e8caf242,parquet,,,,,remote metadata only; not downloaded,,,,,,Repository update date does not prove each file was regenerated; card count is not a measured row count.,remote LFS metadata; verified locally for downloaded Parquet and matching CSV
adde023/steam-reviews,part.206.parquet,Hugging Face,https://huggingface.co/datasets/adde023/steam-reviews/blob/d0ec12b33dffb8109b683b2e07780e2fc6b97187/part.206.parquet,adde023,Steam User Reviews API via kieranpoc/steam-reviews on Kaggle,,,CC BY-NC 4.0 (dataset card),2026-10-05,,d0ec12b33dffb8109b683b2e07780e2fc6b97187,,2026-03-12T14:51:00.000Z,2102,"Hugging Face repository downloads in last month; repeated per file, do not sum",37960284,bf574d994ba317cb48b3f402d1eae1942c1fef6dab4e5dd506c2b7228392c354,parquet,,,,,remote metadata only; not downloaded,,,,,,Repository update date does not prove each file was regenerated; card count is not a measured row count.,remote LFS metadata; verified locally for downloaded Parquet and matching CSV
adde023/steam-reviews,part.207.parquet,Hugging Face,https://huggingface.co/datasets/adde023/steam-reviews/blob/d0ec12b33dffb8109b683b2e07780e2fc6b97187/part.207.parquet,adde023,Steam User Reviews API via kieranpoc/steam-reviews on Kaggle,,,CC BY-NC 4.0 (dataset card),2026-10-05,,d0ec12b33dffb8109b683b2e07780e2fc6b97187,,2026-03-12T14:51:00.000Z,2102,"Hugging Face repository downloads in last month; repeated per file, do not sum",36523490,eeb2377676b73d37a6241c2cd5ef45c45b73d7b8923229248a437da6d4666737,parquet,,,,,remote metadata only; not downloaded,,,,,,Repository update date does not prove each file was regenerated; card count is not a measured row count.,remote LFS metadata; verified locally for downloaded Parquet and matching CSV
adde023/steam-reviews,part.208.parquet,Hugging Face,https://huggingface.co/datasets/adde023/steam-reviews/blob/d0ec12b33dffb8109b683b2e07780e2fc6b97187/part.208.parquet,adde023,Steam User Reviews API via kieranpoc/steam-reviews on Kaggle,,,CC BY-NC 4.0 (dataset card),2026-10-05,,d0ec12b33dffb8109b683b2e07780e2fc6b97187,,2026-03-12T14:51:00.000Z,2102,"Hugging Face repository downloads in last month; repeated per file, do not sum",38523860,fdc05522785836de40e34680cc5e7f47c75e3c6c9ea0feca5ab7b55cef1dda8f,parquet,,,,,remote metadata only; not downloaded,,,,,,Repository update date does not prove each file was regenerated; card count is not a measured row count.,remote LFS metadata; verified locally for downloaded Parquet and matching CSV
adde023/steam-reviews,part.209.parquet,Hugging Face,https://huggingface.co/datasets/adde023/steam-reviews/blob/d0ec12b33dffb8109b683b2e07780e2fc6b97187/part.209.parquet,adde023,Steam User Reviews API via kieranpoc/steam-reviews on Kaggle,,,CC BY-NC 4.0 (dataset card),2026-10-05,,d0ec12b33dffb8109b683b2e07780e2fc6b97187,,2026-03-12T14:51:00.000Z,2102,"Hugging Face repository downloads in last month; repeated per file, do not sum",31216297,b099f236a208ec626a672c79e3b5de9333ce7ed33ebd13f6edf8927ee73171eb,parquet,,,,,remote metadata only; not downloaded,,,,,,Repository update date does not prove each file was regenerated; card count is not a measured row count.,remote LFS metadata; verified locally for downloaded Parquet and matching CSV
adde023/steam-reviews,part.21.parquet,Hugging Face,https://huggingface.co/datasets/adde023/steam-reviews/blob/d0ec12b33dffb8109b683b2e07780e2fc6b97187/part.21.parquet,adde023,Steam User Reviews API via kieranpoc/steam-reviews on Kaggle,,,CC BY-NC 4.0 (dataset card),2026-10-05,,d0ec12b33dffb8109b683b2e07780e2fc6b97187,,2026-03-12T14:51:00.000Z,2102,"Hugging Face repository downloads in last month; repeated per file, do not sum",32769859,dd071fee0483d7e7a91503b356866ea7f156f5b03be24baff8f78e4b635cc21b,parquet,,,,,remote metadata only; not downloaded,,,,,,Repository update date does not prove each file was regenerated; card count is not a measured row count.,remote LFS metadata; verified locally for downloaded Parquet and matching CSV
adde023/steam-reviews,part.210.parquet,Hugging Face,https://huggingface.co/datasets/adde023/steam-reviews/blob/d0ec12b33dffb8109b683b2e07780e2fc6b97187/part.210.parquet,adde023,Steam User Reviews API via kieranpoc/steam-reviews on Kaggle,,,CC BY-NC 4.0 (dataset card),2026-10-05,,d0ec12b33dffb8109b683b2e07780e2fc6b97187,,2026-03-12T14:51:00.000Z,2102,"Hugging Face repository downloads in last month; repeated per file, do not sum",35453512,2d9d0df121df76aa7ca2493f16fdbb59da5b70b567f1b5a4543dcc49ff656f2c,parquet,,,,,remote metadata only; not downloaded,,,,,,Repository update date does not prove each file was regenerated; card count is not a measured row count.,remote LFS metadata; verified locally for downloaded Parquet and matching CSV
adde023/steam-reviews,part.211.parquet,Hugging Face,https://huggingface.co/datasets/adde023/steam-reviews/blob/d0ec12b33dffb8109b683b2e07780e2fc6b97187/part.211.parquet,adde023,Steam User Reviews API via kieranpoc/steam-reviews on Kaggle,,,CC BY-NC 4.0 (dataset card),2026-10-05,,d0ec12b33dffb8109b683b2e07780e2fc6b97187,,2026-03-12T14:51:00.000Z,2102,"Hugging Face repository downloads in last month; repeated per file, do not sum",36789382,c56dd8b4828b633cfc81bcdf2640a6565dd5085305241d02277386e6a1274952,parquet,,,,,remote metadata only; not downloaded,,,,,,Repository update date does not prove each file was regenerated; card count is not a measured row count.,remote LFS metadata; verified locally for downloaded Parquet and matching CSV
adde023/steam-reviews,part.212.parquet,Hugging Face,https://huggingface.co/datasets/adde023/steam-reviews/blob/d0ec12b33dffb8109b683b2e07780e2fc6b97187/part.212.parquet,adde023,Steam User Reviews API via kieranpoc/steam-reviews on Kaggle,,,CC BY-NC 4.0 (dataset card),2026-10-05,,d0ec12b33dffb8109b683b2e07780e2fc6b97187,,2026-03-12T14:51:00.000Z,2102,"Hugging Face repository downloads in last month; repeated per file, do not sum",36072938,ba236d938ce0a481fb6341c884651aba1075f910c0b89cd6fd22c5d8f203af5f,parquet,,,,,remote metadata only; not downloaded,,,,,,Repository update date does not prove each file was regenerated; card count is not a measured row count.,remote LFS metadata; verified locally for downloaded Parquet and matching CSV
adde023/steam-reviews,part.213.parquet,Hugging Face,https://huggingface.co/datasets/adde023/steam-reviews/blob/d0ec12b33dffb8109b683b2e07780e2fc6b97187/part.213.parquet,adde023,Steam User Reviews API via kieranpoc/steam-reviews on Kaggle,,,CC BY-NC 4.0 (dataset card),2026-10-05,,d0ec12b33dffb8109b683b2e07780e2fc6b97187,,2026-03-12T14:51:00.000Z,2102,"Hugging Face repository downloads in last month; repeated per file, do not sum",35343920,dee7ed259cba511d7efe4a52081286be045e7ecc8853f48cca3d3eca0f5ba10b,parquet,,,,,remote metadata only; not downloaded,,,,,,Repository update date does not prove each file was regenerated; card count is not a measured row count.,remote LFS metadata; verified locally for downloaded Parquet and matching CSV
adde023/steam-reviews,part.214.parquet,Hugging Face,https://huggingface.co/datasets/adde023/steam-reviews/blob/d0ec12b33dffb8109b683b2e07780e2fc6b97187/part.214.parquet,adde023,Steam User Reviews API via kieranpoc/steam-reviews on Kaggle,,,CC BY-NC 4.0 (dataset card),2026-10-05,,d0ec12b33dffb8109b683b2e07780e2fc6b97187,,2026-03-12T14:51:00.000Z,2102,"Hugging Face repository downloads in last month; repeated per file, do not sum",35791171,58f0c381595437775a74e1a9aa1abab8a35a16e7b61480f830afe80d720cc3b3,parquet,,,,,remote metadata only; not downloaded,,,,,,Repository update date does not prove each file was regenerated; card count is not a measured row count.,remote LFS metadata; verified locally for downloaded Parquet and matching CSV
adde023/steam-reviews,part.215.parquet,Hugging Face,https://huggingface.co/datasets/adde023/steam-reviews/blob/d0ec12b33dffb8109b683b2e07780e2fc6b97187/part.215.parquet,adde023,Steam User Reviews API via kieranpoc/steam-reviews on Kaggle,,,CC BY-NC 4.0 (dataset card),2026-10-05,,d0ec12b33dffb8109b683b2e07780e2fc6b97187,,2026-03-12T14:51:00.000Z,2102,"Hugging Face repository downloads in last month; repeated per file, do not sum",34479934,1da951d0099346375bf89de8d96b30293aaa42ea4f072f8cfb36babdc3b7b97f,parquet,,,,,remote metadata only; not downloaded,,,,,,Repository update date does not prove each file was regenerated; card count is not a measured row count.,remote LFS metadata; verified locally for downloaded Parquet and matching CSV
adde023/steam-reviews,part.216.parquet,Hugging Face,https://huggingface.co/datasets/adde023/steam-reviews/blob/d0ec12b33dffb8109b683b2e07780e2fc6b97187/part.216.parquet,adde023,Steam User Reviews API via kieranpoc/steam-reviews on Kaggle,,,CC BY-NC 4.0 (dataset card),2026-10-05,,d0ec12b33dffb8109b683b2e07780e2fc6b97187,,2026-03-12T14:51:00.000Z,2102,"Hugging Face repository downloads in last month; repeated per file, do not sum",36225312,2c14e58cdbf9beed11ae00d6ba1e048d4c35c2f8a16ef99e620e081e2600e227,parquet,,,,,remote metadata only; not downloaded,,,,,,Repository update date does not prove each file was regenerated; card count is not a measured row count.,remote LFS metadata; verified locally for downloaded Parquet and matching CSV
adde023/steam-reviews,part.217.parquet,Hugging Face,https://huggingface.co/datasets/adde023/steam-reviews/blob/d0ec12b33dffb8109b683b2e07780e2fc6b97187/part.217.parquet,adde023,Steam User Reviews API via kieranpoc/steam-reviews on Kaggle,,,CC BY-NC 4.0 (dataset card),2026-10-05,,d0ec12b33dffb8109b683b2e07780e2fc6b97187,,2026-03-12T14:51:00.000Z,2102,"Hugging Face repository downloads in last month; repeated per file, do not sum",37125082,92290a69d27205db75a285fa09dd44e052b222c3d7733f77221d2e6e51cddb67,parquet,,,,,remote metadata only; not downloaded,,,,,,Repository update date does not prove each file was regenerated; card count is not a measured row count.,remote LFS metadata; verified locally for downloaded Parquet and matching CSV
adde023/steam-reviews,part.218.parquet,Hugging Face,https://huggingface.co/datasets/adde023/steam-reviews/blob/d0ec12b33dffb8109b683b2e07780e2fc6b97187/part.218.parquet,adde023,Steam User Reviews API via kieranpoc/steam-reviews on Kaggle,,,CC BY-NC 4.0 (dataset card),2026-10-05,,d0ec12b33dffb8109b683b2e07780e2fc6b97187,,2026-03-12T14:51:00.000Z,2102,"Hugging Face repository downloads in last month; repeated per file, do not sum",36039213,70f5db49359bf44b711007060f383c24096d52140576a40abb750233a8dba71e,parquet,,,,,remote metadata only; not downloaded,,,,,,Repository update date does not prove each file was regenerated; card count is not a measured row count.,remote LFS metadata; verified locally for downloaded Parquet and matching CSV
adde023/steam-reviews,part.219.parquet,Hugging Face,https://huggingface.co/datasets/adde023/steam-reviews/blob/d0ec12b33dffb8109b683b2e07780e2fc6b97187/part.219.parquet,adde023,Steam User Reviews API via kieranpoc/steam-reviews on Kaggle,,,CC BY-NC 4.0 (dataset card),2026-10-05,,d0ec12b33dffb8109b683b2e07780e2fc6b97187,,2026-03-12T14:51:00.000Z,2102,"Hugging Face repository downloads in last month; repeated per file, do not sum",36489081,a5b4b17187706f6ee2d39543f36844322c7bf4709ebb40b65d23aaaa16c67443,parquet,,,,,remote metadata only; not downloaded,,,,,,Repository update date does not prove each file was regenerated; card count is not a measured row count.,remote LFS metadata; verified locally for downloaded Parquet and matching CSV
adde023/steam-reviews,part.22.parquet,Hugging Face,https://huggingface.co/datasets/adde023/steam-reviews/blob/d0ec12b33dffb8109b683b2e07780e2fc6b97187/part.22.parquet,adde023,Steam User Reviews API via kieranpoc/steam-reviews on Kaggle,,,CC BY-NC 4.0 (dataset card),2026-10-05,,d0ec12b33dffb8109b683b2e07780e2fc6b97187,,2026-03-12T14:51:00.000Z,2102,"Hugging Face repository downloads in last month; repeated per file, do not sum",36045059,8dca6a1fa1aac45d8ff422ed1537ece5651d7cb054353f5d2476f6f16d6b33c4,parquet,,,,,remote metadata only; not downloaded,,,,,,Repository update date does not prove each file was regenerated; card count is not a measured row count.,remote LFS metadata; verified locally for downloaded Parquet and matching CSV
adde023/steam-reviews,part.220.parquet,Hugging Face,https://huggingface.co/datasets/adde023/steam-reviews/blob/d0ec12b33dffb8109b683b2e07780e2fc6b97187/part.220.parquet,adde023,Steam User Reviews API via kieranpoc/steam-reviews on Kaggle,,,CC BY-NC 4.0 (dataset card),2026-10-05,,d0ec12b33dffb8109b683b2e07780e2fc6b97187,,2026-03-12T14:51:00.000Z,2102,"Hugging Face repository downloads in last month; repeated per file, do not sum",29895155,a3b0885cdf02d1a9ec89e2b62b62771159de15a9a2dc181762366ec5ed4b6cb0,parquet,,,,,remote metadata only; not downloaded,,,,,,Repository update date does not prove each file was regenerated; card count is not a measured row count.,remote LFS metadata; verified locally for downloaded Parquet and matching CSV
adde023/steam-reviews,part.221.parquet,Hugging Face,https://huggingface.co/datasets/adde023/steam-reviews/blob/d0ec12b33dffb8109b683b2e07780e2fc6b97187/part.221.parquet,adde023,Steam User Reviews API via kieranpoc/steam-reviews on Kaggle,,,CC BY-NC 4.0 (dataset card),2026-10-05,,d0ec12b33dffb8109b683b2e07780e2fc6b97187,,2026-03-12T14:51:00.000Z,2102,"Hugging Face repository downloads in last month; repeated per file, do not sum",32266280,c1bf13ce7445f37eb7834279bab692d9641ecd0e0da7eadd49056b512481465b,parquet,,,,,remote metadata only; not downloaded,,,,,,Repository update date does not prove each file was regenerated; card count is not a measured row count.,remote LFS metadata; verified locally for downloaded Parquet and matching CSV
adde023/steam-reviews,part.222.parquet,Hugging Face,https://huggingface.co/datasets/adde023/steam-reviews/blob/d0ec12b33dffb8109b683b2e07780e2fc6b97187/part.222.parquet,adde023,Steam User Reviews API via kieranpoc/steam-reviews on Kaggle,,,CC BY-NC 4.0 (dataset card),2026-10-05,,d0ec12b33dffb8109b683b2e07780e2fc6b97187,,2026-03-12T14:51:00.000Z,2102,"Hugging Face repository downloads in last month; repeated per file, do not sum",36539477,6baf8d2952392786244761fff7cc6eb4678649166aa8f7e3af88a9fa2daa456c,parquet,,,,,remote metadata only; not downloaded,,,,,,Repository update date does not prove each file was regenerated; card count is not a measured row count.,remote LFS metadata; verified locally for downloaded Parquet and matching CSV
adde023/steam-reviews,part.223.parquet,Hugging Face,https://huggingface.co/datasets/adde023/steam-reviews/blob/d0ec12b33dffb8109b683b2e07780e2fc6b97187/part.223.parquet,adde023,Steam User Reviews API via kieranpoc/steam-reviews on Kaggle,,,CC BY-NC 4.0 (dataset card),2026-10-05,,d0ec12b33dffb8109b683b2e07780e2fc6b97187,,2026-03-12T14:51:00.000Z,2102,"Hugging Face repository downloads in last month; repeated per file, do not sum",37555477,c6f00bcf45c41c3a0feeaa4f7b44511c705d1b905262a410d0ef2ade989a3f1e,parquet,,,,,remote metadata only; not downloaded,,,,,,Repository update date does not prove each file was regenerated; card count is not a measured row count.,remote LFS metadata; verified locally for downloaded Parquet and matching CSV
adde023/steam-reviews,part.224.parquet,Hugging Face,https://huggingface.co/datasets/adde023/steam-reviews/blob/d0ec12b33dffb8109b683b2e07780e2fc6b97187/part.224.parquet,adde023,Steam User Reviews API via kieranpoc/steam-reviews on Kaggle,,,CC BY-NC 4.0 (dataset card),2026-10-05,,d0ec12b33dffb8109b683b2e07780e2fc6b97187,,2026-03-12T14:51:00.000Z,2102,"Hugging Face repository downloads in last month; repeated per file, do not sum",36105566,95ddc5af222f74880156c5450c6d93a13dd7effd34514c605a13c41198e69f01,parquet,,,,,remote metadata only; not downloaded,,,,,,Repository update date does not prove each file was regenerated; card count is not a measured row count.,remote LFS metadata; verified locally for downloaded Parquet and matching CSV
adde023/steam-reviews,part.225.parquet,Hugging Face,https://huggingface.co/datasets/adde023/steam-reviews/blob/d0ec12b33dffb8109b683b2e07780e2fc6b97187/part.225.parquet,adde023,Steam User Reviews API via kieranpoc/steam-reviews on Kaggle,,,CC BY-NC 4.0 (dataset card),2026-10-05,,d0ec12b33dffb8109b683b2e07780e2fc6b97187,,2026-03-12T14:51:00.000Z,2102,"Hugging Face repository downloads in last month; repeated per file, do not sum",35392436,4bc9d2122709a0e7c7f933196387f363f84594014d324b44e7cc81bcc646c1f7,parquet,,,,,remote metadata only; not downloaded,,,,,,Repository update date does not prove each file was regenerated; card count is not a measured row count.,remote LFS metadata; verified locally for downloaded Parquet and matching CSV
adde023/steam-reviews,part.226.parquet,Hugging Face,https://huggingface.co/datasets/adde023/steam-reviews/blob/d0ec12b33dffb8109b683b2e07780e2fc6b97187/part.226.parquet,adde023,Steam User Reviews API via kieranpoc/steam-reviews on Kaggle,,,CC BY-NC 4.0 (dataset card),2026-10-05,,d0ec12b33dffb8109b683b2e07780e2fc6b97187,,2026-03-12T14:51:00.000Z,2102,"Hugging Face repository downloads in last month; repeated per file, do not sum",36085990,e100df1e5e1be376cc7dc50200aef15d98e5869de1a0125b3b4910098c3a6194,parquet,,,,,remote metadata only; not downloaded,,,,,,Repository update date does not prove each file was regenerated; card count is not a measured row count.,remote LFS metadata; verified locally for downloaded Parquet and matching CSV
adde023/steam-reviews,part.227.parquet,Hugging Face,https://huggingface.co/datasets/adde023/steam-reviews/blob/d0ec12b33dffb8109b683b2e07780e2fc6b97187/part.227.parquet,adde023,Steam User Reviews API via kieranpoc/steam-reviews on Kaggle,,,CC BY-NC 4.0 (dataset card),2026-10-05,,d0ec12b33dffb8109b683b2e07780e2fc6b97187,,2026-03-12T14:51:00.000Z,2102,"Hugging Face repository downloads in last month; repeated per file, do not sum",37790113,dfa53d7c835cd4bac675b4d21d2a5626063d47b1c39fd205df8138d5acee4f03,parquet,,,,,remote metadata only; not downloaded,,,,,,Repository update date does not prove each file was regenerated; card count is not a measured row count.,remote LFS metadata; verified locally for downloaded Parquet and matching CSV
adde023/steam-reviews,part.228.parquet,Hugging Face,https://huggingface.co/datasets/adde023/steam-reviews/blob/d0ec12b33dffb8109b683b2e07780e2fc6b97187/part.228.parquet,adde023,Steam User Reviews API via kieranpoc/steam-reviews on Kaggle,,,CC BY-NC 4.0 (dataset card),2026-10-05,,d0ec12b33dffb8109b683b2e07780e2fc6b97187,,2026-03-12T14:51:00.000Z,2102,"Hugging Face repository downloads in last month; repeated per file, do not sum",35858837,ac4753680cb88dc7eee28e1cf1f4a95d19a57f788f5ce4a4d060b61c5b8d4ab5,parquet,,,,,remote metadata only; not downloaded,,,,,,Repository update date does not prove each file was regenerated; card count is not a measured row count.,remote LFS metadata; verified locally for downloaded Parquet and matching CSV
adde023/steam-reviews,part.229.parquet,Hugging Face,https://huggingface.co/datasets/adde023/steam-reviews/blob/d0ec12b33dffb8109b683b2e07780e2fc6b97187/part.229.parquet,adde023,Steam User Reviews API via kieranpoc/steam-reviews on Kaggle,,,CC BY-NC 4.0 (dataset card),2026-10-05,,d0ec12b33dffb8109b683b2e07780e2fc6b97187,,2026-03-12T14:51:00.000Z,2102,"Hugging Face repository downloads in last month; repeated per file, do not sum",36477992,39176d4d5a2f9afa2b4685568b83072c9b99a0c7fa618c005d597a119a85a390,parquet,,,,,remote metadata only; not downloaded,,,,,,Repository update date does not prove each file was regenerated; card count is not a measured row count.,remote LFS metadata; verified locally for downloaded Parquet and matching CSV
adde023/steam-reviews,part.23.parquet,Hugging Face,https://huggingface.co/datasets/adde023/steam-reviews/blob/d0ec12b33dffb8109b683b2e07780e2fc6b97187/part.23.parquet,adde023,Steam User Reviews API via kieranpoc/steam-reviews on Kaggle,,,CC BY-NC 4.0 (dataset card),2026-10-05,,d0ec12b33dffb8109b683b2e07780e2fc6b97187,,2026-03-12T14:51:00.000Z,2102,"Hugging Face repository downloads in last month; repeated per file, do not sum",34366199,369da83c82b6e4ecc5b25f9766eee2e838567fa49d8eb29ce049aac70cf4003a,parquet,,,,,remote metadata only; not downloaded,,,,,,Repository update date does not prove each file was regenerated; card count is not a measured row count.,remote LFS metadata; verified locally for downloaded Parquet and matching CSV
adde023/steam-reviews,part.230.parquet,Hugging Face,https://huggingface.co/datasets/adde023/steam-reviews/blob/d0ec12b33dffb8109b683b2e07780e2fc6b97187/part.230.parquet,adde023,Steam User Reviews API via kieranpoc/steam-reviews on Kaggle,,,CC BY-NC 4.0 (dataset card),2026-10-05,,d0ec12b33dffb8109b683b2e07780e2fc6b97187,,2026-03-12T14:51:00.000Z,2102,"Hugging Face repository downloads in last month; repeated per file, do not sum",37628691,7188b433b0918103be4cb221f017acb8075e199212b1fcf724ed0edd758930c6,parquet,,,,,remote metadata only; not downloaded,,,,,,Repository update date does not prove each file was regenerated; card count is not a measured row count.,remote LFS metadata; verified locally for downloaded Parquet and matching CSV
adde023/steam-reviews,part.231.parquet,Hugging Face,https://huggingface.co/datasets/adde023/steam-reviews/blob/d0ec12b33dffb8109b683b2e07780e2fc6b97187/part.231.parquet,adde023,Steam User Reviews API via kieranpoc/steam-reviews on Kaggle,,,CC BY-NC 4.0 (dataset card),2026-10-05,,d0ec12b33dffb8109b683b2e07780e2fc6b97187,,2026-03-12T14:51:00.000Z,2102,"Hugging Face repository downloads in last month; repeated per file, do not sum",37321640,8b9541af4bcc6e06062ee700c8ccb35ffc0d980c49f2932b80f4df44b58fc96b,parquet,,,,,remote metadata only; not downloaded,,,,,,Repository update date does not prove each file was regenerated; card count is not a measured row count.,remote LFS metadata; verified locally for downloaded Parquet and matching CSV
adde023/steam-reviews,part.232.parquet,Hugging Face,https://huggingface.co/datasets/adde023/steam-reviews/blob/d0ec12b33dffb8109b683b2e07780e2fc6b97187/part.232.parquet,adde023,Steam User Reviews API via kieranpoc/steam-reviews on Kaggle,,,CC BY-NC 4.0 (dataset card),2026-10-05,,d0ec12b33dffb8109b683b2e07780e2fc6b97187,,2026-03-12T14:51:00.000Z,2102,"Hugging Face repository downloads in last month; repeated per file, do not sum",38607388,c1c8f9ea9c86306431432f621b36874b215122347c0aadd480fb1afc7523dda8,parquet,,,,,remote metadata only; not downloaded,,,,,,Repository update date does not prove each file was regenerated; card count is not a measured row count.,remote LFS metadata; verified locally for downloaded Parquet and matching CSV
adde023/steam-reviews,part.233.parquet,Hugging Face,https://huggingface.co/datasets/adde023/steam-reviews/blob/d0ec12b33dffb8109b683b2e07780e2fc6b97187/part.233.parquet,adde023,Steam User Reviews API via kieranpoc/steam-reviews on Kaggle,,,CC BY-NC 4.0 (dataset card),2026-10-05,,d0ec12b33dffb8109b683b2e07780e2fc6b97187,,2026-03-12T14:51:00.000Z,2102,"Hugging Face repository downloads in last month; repeated per file, do not sum",37816624,18551ea036c850d862afbf3192b3169cc46ef41fa49eaff24ae794b1af064589,parquet,,,,,remote metadata only; not downloaded,,,,,,Repository update date does not prove each file was regenerated; card count is not a measured row count.,remote LFS metadata; verified locally for downloaded Parquet and matching CSV
adde023/steam-reviews,part.234.parquet,Hugging Face,https://huggingface.co/datasets/adde023/steam-reviews/blob/d0ec12b33dffb8109b683b2e07780e2fc6b97187/part.234.parquet,adde023,Steam User Reviews API via kieranpoc/steam-reviews on Kaggle,,,CC BY-NC 4.0 (dataset card),2026-10-05,,d0ec12b33dffb8109b683b2e07780e2fc6b97187,,2026-03-12T14:51:00.000Z,2102,"Hugging Face repository downloads in last month; repeated per file, do not sum",34464784,33f1105c419cf157a4173b2217bb832878dae164e83e92be3bf673ca0ec809bc,parquet,,,,,remote metadata only; not downloaded,,,,,,Repository update date does not prove each file was regenerated; card count is not a measured row count.,remote LFS metadata; verified locally for downloaded Parquet and matching CSV
adde023/steam-reviews,part.235.parquet,Hugging Face,https://huggingface.co/datasets/adde023/steam-reviews/blob/d0ec12b33dffb8109b683b2e07780e2fc6b97187/part.235.parquet,adde023,Steam User Reviews API via kieranpoc/steam-reviews on Kaggle,,,CC BY-NC 4.0 (dataset card),2026-10-05,,d0ec12b33dffb8109b683b2e07780e2fc6b97187,,2026-03-12T14:51:00.000Z,2102,"Hugging Face repository downloads in last month; repeated per file, do not sum",31634485,18e606d4594e23d7edc55d28852c5cda751d2eb38a4c8df98928cbfcf770fe38,parquet,,,,,remote metadata only; not downloaded,,,,,,Repository update date does not prove each file was regenerated; card count is not a measured row count.,remote LFS metadata; verified locally for downloaded Parquet and matching CSV
adde023/steam-reviews,part.236.parquet,Hugging Face,https://huggingface.co/datasets/adde023/steam-reviews/blob/d0ec12b33dffb8109b683b2e07780e2fc6b97187/part.236.parquet,adde023,Steam User Reviews API via kieranpoc/steam-reviews on Kaggle,,,CC BY-NC 4.0 (dataset card),2026-10-05,,d0ec12b33dffb8109b683b2e07780e2fc6b97187,,2026-03-12T14:51:00.000Z,2102,"Hugging Face repository downloads in last month; repeated per file, do not sum",34763702,d99eed081903eb92e9ff6864cf85d465a7de6247c972343abb747a7b36b2edbd,parquet,,,,,remote metadata only; not downloaded,,,,,,Repository update date does not prove each file was regenerated; card count is not a measured row count.,remote LFS metadata; verified locally for downloaded Parquet and matching CSV
adde023/steam-reviews,part.237.parquet,Hugging Face,https://huggingface.co/datasets/adde023/steam-reviews/blob/d0ec12b33dffb8109b683b2e07780e2fc6b97187/part.237.parquet,adde023,Steam User Reviews API via kieranpoc/steam-reviews on Kaggle,,,CC BY-NC 4.0 (dataset card),2026-10-05,,d0ec12b33dffb8109b683b2e07780e2fc6b97187,,2026-03-12T14:51:00.000Z,2102,"Hugging Face repository downloads in last month; repeated per file, do not sum",33718681,e9aa10d694a1a28584bafbfd8cdf2f0cc74d7d757572ed2c90a0ca2bdc724a50,parquet,,,,,remote metadata only; not downloaded,,,,,,Repository update date does not prove each file was regenerated; card count is not a measured row count.,remote LFS metadata; verified locally for downloaded Parquet and matching CSV
adde023/steam-reviews,part.238.parquet,Hugging Face,https://huggingface.co/datasets/adde023/steam-reviews/blob/d0ec12b33dffb8109b683b2e07780e2fc6b97187/part.238.parquet,adde023,Steam User Reviews API via kieranpoc/steam-reviews on Kaggle,,,CC BY-NC 4.0 (dataset card),2026-10-05,,d0ec12b33dffb8109b683b2e07780e2fc6b97187,,2026-03-12T14:51:00.000Z,2102,"Hugging Face repository downloads in last month; repeated per file, do not sum",37075723,41f3582fdbdf4262b8ecd0f882d0d834a57fa33aaafbf635c2015348372e7052,parquet,,,,,remote metadata only; not downloaded,,,,,,Repository update date does not prove each file was regenerated; card count is not a measured row count.,remote LFS metadata; verified locally for downloaded Parquet and matching CSV
adde023/steam-reviews,part.239.parquet,Hugging Face,https://huggingface.co/datasets/adde023/steam-reviews/blob/d0ec12b33dffb8109b683b2e07780e2fc6b97187/part.239.parquet,adde023,Steam User Reviews API via kieranpoc/steam-reviews on Kaggle,,,CC BY-NC 4.0 (dataset card),2026-10-05,,d0ec12b33dffb8109b683b2e07780e2fc6b97187,,2026-03-12T14:51:00.000Z,2102,"Hugging Face repository downloads in last month; repeated per file, do not sum",36437488,df1ec86a9c525a24e2bc998725e06566b34f8aa19710b56acaec4db8ffb58061,parquet,,,,,remote metadata only; not downloaded,,,,,,Repository update date does not prove each file was regenerated; card count is not a measured row count.,remote LFS metadata; verified locally for downloaded Parquet and matching CSV
adde023/steam-reviews,part.24.parquet,Hugging Face,https://huggingface.co/datasets/adde023/steam-reviews/blob/d0ec12b33dffb8109b683b2e07780e2fc6b97187/part.24.parquet,adde023,Steam User Reviews API via kieranpoc/steam-reviews on Kaggle,,,CC BY-NC 4.0 (dataset card),2026-10-05,,d0ec12b33dffb8109b683b2e07780e2fc6b97187,,2026-03-12T14:51:00.000Z,2102,"Hugging Face repository downloads in last month; repeated per file, do not sum",34544122,c397266758ed5fb8f028acd92d3b12e1c86938d906f3a33083712abb3675a1a3,parquet,,,,,remote metadata only; not downloaded,,,,,,Repository update date does not prove each file was regenerated; card count is not a measured row count.,remote LFS metadata; verified locally for downloaded Parquet and matching CSV
adde023/steam-reviews,part.240.parquet,Hugging Face,https://huggingface.co/datasets/adde023/steam-reviews/blob/d0ec12b33dffb8109b683b2e07780e2fc6b97187/part.240.parquet,adde023,Steam User Reviews API via kieranpoc/steam-reviews on Kaggle,,,CC BY-NC 4.0 (dataset card),2026-10-05,,d0ec12b33dffb8109b683b2e07780e2fc6b97187,,2026-03-12T14:51:00.000Z,2102,"Hugging Face repository downloads in last month; repeated per file, do not sum",37979788,3a46d22d6b9f9bfca0d7493a955093e5521545bf3d3d1bb18af813ab540c35ee,parquet,,,,,remote metadata only; not downloaded,,,,,,Repository update date does not prove each file was regenerated; card count is not a measured row count.,remote LFS metadata; verified locally for downloaded Parquet and matching CSV
adde023/steam-reviews,part.241.parquet,Hugging Face,https://huggingface.co/datasets/adde023/steam-reviews/blob/d0ec12b33dffb8109b683b2e07780e2fc6b97187/part.241.parquet,adde023,Steam User Reviews API via kieranpoc/steam-reviews on Kaggle,,,CC BY-NC 4.0 (dataset card),2026-10-05,,d0ec12b33dffb8109b683b2e07780e2fc6b97187,,2026-03-12T14:51:00.000Z,2102,"Hugging Face repository downloads in last month; repeated per file, do not sum",36976079,a6114ce60d31debe7ccefffe79228448b8ff164e265c677493d302081d0129d4,parquet,,,,,remote metadata only; not downloaded,,,,,,Repository update date does not prove each file was regenerated; card count is not a measured row count.,remote LFS metadata; verified locally for downloaded Parquet and matching CSV
adde023/steam-reviews,part.242.parquet,Hugging Face,https://huggingface.co/datasets/adde023/steam-reviews/blob/d0ec12b33dffb8109b683b2e07780e2fc6b97187/part.242.parquet,adde023,Steam User Reviews API via kieranpoc/steam-reviews on Kaggle,,,CC BY-NC 4.0 (dataset card),2026-10-05,,d0ec12b33dffb8109b683b2e07780e2fc6b97187,,2026-03-12T14:51:00.000Z,2102,"Hugging Face repository downloads in last month; repeated per file, do not sum",36209151,2703f7be4de66c70ba57126a83f9e0080e205c3d8bb1b910af1cafdc62b7268f,parquet,,,,,remote metadata only; not downloaded,,,,,,Repository update date does not prove each file was regenerated; card count is not a measured row count.,remote LFS metadata; verified locally for downloaded Parquet and matching CSV
adde023/steam-reviews,part.243.parquet,Hugging Face,https://huggingface.co/datasets/adde023/steam-reviews/blob/d0ec12b33dffb8109b683b2e07780e2fc6b97187/part.243.parquet,adde023,Steam User Reviews API via kieranpoc/steam-reviews on Kaggle,,,CC BY-NC 4.0 (dataset card),2026-10-05,,d0ec12b33dffb8109b683b2e07780e2fc6b97187,,2026-03-12T14:51:00.000Z,2102,"Hugging Face repository downloads in last month; repeated per file, do not sum",35750644,5bc3736994d20be9886c4ae1c10677c2b4ec3cbef8b447c23adcbd227806960c,parquet,,,,,remote metadata only; not downloaded,,,,,,Repository update date does not prove each file was regenerated; card count is not a measured row count.,remote LFS metadata; verified locally for downloaded Parquet and matching CSV
adde023/steam-reviews,part.244.parquet,Hugging Face,https://huggingface.co/datasets/adde023/steam-reviews/blob/d0ec12b33dffb8109b683b2e07780e2fc6b97187/part.244.parquet,adde023,Steam User Reviews API via kieranpoc/steam-reviews on Kaggle,,,CC BY-NC 4.0 (dataset card),2026-10-05,,d0ec12b33dffb8109b683b2e07780e2fc6b97187,,2026-03-12T14:51:00.000Z,2102,"Hugging Face repository downloads in last month; repeated per file, do not sum",37373837,189bd520115fc8e3d2c42c310b561b0cd5a82b6eb640bc5f78bc2f5b3a23e998,parquet,,,,,remote metadata only; not downloaded,,,,,,Repository update date does not prove each file was regenerated; card count is not a measured row count.,remote LFS metadata; verified locally for downloaded Parquet and matching CSV
adde023/steam-reviews,part.245.parquet,Hugging Face,https://huggingface.co/datasets/adde023/steam-reviews/blob/d0ec12b33dffb8109b683b2e07780e2fc6b97187/part.245.parquet,adde023,Steam User Reviews API via kieranpoc/steam-reviews on Kaggle,,,CC BY-NC 4.0 (dataset card),2026-10-05,,d0ec12b33dffb8109b683b2e07780e2fc6b97187,,2026-03-12T14:51:00.000Z,2102,"Hugging Face repository downloads in last month; repeated per file, do not sum",32892490,8174f8f7668e33b64f831b5a57f98da0b428cd7e9ade67c52f610427c1b9ec20,parquet,,,,,remote metadata only; not downloaded,,,,,,Repository update date does not prove each file was regenerated; card count is not a measured row count.,remote LFS metadata; verified locally for downloaded Parquet and matching CSV
adde023/steam-reviews,part.246.parquet,Hugging Face,https://huggingface.co/datasets/adde023/steam-reviews/blob/d0ec12b33dffb8109b683b2e07780e2fc6b97187/part.246.parquet,adde023,Steam User Reviews API via kieranpoc/steam-reviews on Kaggle,,,CC BY-NC 4.0 (dataset card),2026-10-05,,d0ec12b33dffb8109b683b2e07780e2fc6b97187,,2026-03-12T14:51:00.000Z,2102,"Hugging Face repository downloads in last month; repeated per file, do not sum",35835159,5140e991c667207a42d79d63d9ab9705708957bda6c2cfb80353c4450035d45d,parquet,,,,,remote metadata only; not downloaded,,,,,,Repository update date does not prove each file was regenerated; card count is not a measured row count.,remote LFS metadata; verified locally for downloaded Parquet and matching CSV
adde023/steam-reviews,part.247.parquet,Hugging Face,https://huggingface.co/datasets/adde023/steam-reviews/blob/d0ec12b33dffb8109b683b2e07780e2fc6b97187/part.247.parquet,adde023,Steam User Reviews API via kieranpoc/steam-reviews on Kaggle,,,CC BY-NC 4.0 (dataset card),2026-10-05,,d0ec12b33dffb8109b683b2e07780e2fc6b97187,,2026-03-12T14:51:00.000Z,2102,"Hugging Face repository downloads in last month; repeated per file, do not sum",37405521,f9bafcc29adb6c826dd0fc74652f2ba57e7a25b3cc3fbe209c8def7f5c8c77da,parquet,,,,,remote metadata only; not downloaded,,,,,,Repository update date does not prove each file was regenerated; card count is not a measured row count.,remote LFS metadata; verified locally for downloaded Parquet and matching CSV
adde023/steam-reviews,part.248.parquet,Hugging Face,https://huggingface.co/datasets/adde023/steam-reviews/blob/d0ec12b33dffb8109b683b2e07780e2fc6b97187/part.248.parquet,adde023,Steam User Reviews API via kieranpoc/steam-reviews on Kaggle,,,CC BY-NC 4.0 (dataset card),2026-10-05,,d0ec12b33dffb8109b683b2e07780e2fc6b97187,,2026-03-12T14:51:00.000Z,2102,"Hugging Face repository downloads in last month; repeated per file, do not sum",35383650,438bd8efddc74cc059a152ce155ff49137b8b9b1e11b30b82102345c411f0a16,parquet,,,,,remote metadata only; not downloaded,,,,,,Repository update date does not prove each file was regenerated; card count is not a measured row count.,remote LFS metadata; verified locally for downloaded Parquet and matching CSV
adde023/steam-reviews,part.249.parquet,Hugging Face,https://huggingface.co/datasets/adde023/steam-reviews/blob/d0ec12b33dffb8109b683b2e07780e2fc6b97187/part.249.parquet,adde023,Steam User Reviews API via kieranpoc/steam-reviews on Kaggle,,,CC BY-NC 4.0 (dataset card),2026-10-05,,d0ec12b33dffb8109b683b2e07780e2fc6b97187,,2026-03-12T14:51:00.000Z,2102,"Hugging Face repository downloads in last month; repeated per file, do not sum",33414401,5111ac7ab49d6293e5b8d3e9452780b4f52c3d3c0a11c845142b11f5796664a8,parquet,,,,,remote metadata only; not downloaded,,,,,,Repository update date does not prove each file was regenerated; card count is not a measured row count.,remote LFS metadata; verified locally for downloaded Parquet and matching CSV
adde023/steam-reviews,part.25.parquet,Hugging Face,https://huggingface.co/datasets/adde023/steam-reviews/blob/d0ec12b33dffb8109b683b2e07780e2fc6b97187/part.25.parquet,adde023,Steam User Reviews API via kieranpoc/steam-reviews on Kaggle,,,CC BY-NC 4.0 (dataset card),2026-10-05,,d0ec12b33dffb8109b683b2e07780e2fc6b97187,,2026-03-12T14:51:00.000Z,2102,"Hugging Face repository downloads in last month; repeated per file, do not sum",34509779,3843e972fe7983a63a6f8a1eb3b110b5097915bd2a8fecedfcb3cbcabb111f14,parquet,,,,,remote metadata only; not downloaded,,,,,,Repository update date does not prove each file was regenerated; card count is not a measured row count.,remote LFS metadata; verified locally for downloaded Parquet and matching CSV
adde023/steam-reviews,part.250.parquet,Hugging Face,https://huggingface.co/datasets/adde023/steam-reviews/blob/d0ec12b33dffb8109b683b2e07780e2fc6b97187/part.250.parquet,adde023,Steam User Reviews API via kieranpoc/steam-reviews on Kaggle,,,CC BY-NC 4.0 (dataset card),2026-10-05,,d0ec12b33dffb8109b683b2e07780e2fc6b97187,,2026-03-12T14:51:00.000Z,2102,"Hugging Face repository downloads in last month; repeated per file, do not sum",32843258,d2237d4cfff6cc1de17fbbf8e25aba0cec6d5e76f4dfc0f42881ce7a83b6f77c,parquet,,,,,remote metadata only; not downloaded,,,,,,Repository update date does not prove each file was regenerated; card count is not a measured row count.,remote LFS metadata; verified locally for downloaded Parquet and matching CSV
adde023/steam-reviews,part.251.parquet,Hugging Face,https://huggingface.co/datasets/adde023/steam-reviews/blob/d0ec12b33dffb8109b683b2e07780e2fc6b97187/part.251.parquet,adde023,Steam User Reviews API via kieranpoc/steam-reviews on Kaggle,,,CC BY-NC 4.0 (dataset card),2026-10-05,,d0ec12b33dffb8109b683b2e07780e2fc6b97187,,2026-03-12T14:51:00.000Z,2102,"Hugging Face repository downloads in last month; repeated per file, do not sum",38285078,20ff7524dcda84e9fe10c41a912fc13b94363aa853099bfd798f325289f4fc62,parquet,,,,,remote metadata only; not downloaded,,,,,,Repository update date does not prove each file was regenerated; card count is not a measured row count.,remote LFS metadata; verified locally for downloaded Parquet and matching CSV
adde023/steam-reviews,part.252.parquet,Hugging Face,https://huggingface.co/datasets/adde023/steam-reviews/blob/d0ec12b33dffb8109b683b2e07780e2fc6b97187/part.252.parquet,adde023,Steam User Reviews API via kieranpoc/steam-reviews on Kaggle,,,CC BY-NC 4.0 (dataset card),2026-10-05,,d0ec12b33dffb8109b683b2e07780e2fc6b97187,,2026-03-12T14:51:00.000Z,2102,"Hugging Face repository downloads in last month; repeated per file, do not sum",38318236,070b36b2b96a2366092c9d0a7f69856a864f13f4829d760de6dce434610a54dd,parquet,,,,,remote metadata only; not downloaded,,,,,,Repository update date does not prove each file was regenerated; card count is not a measured row count.,remote LFS metadata; verified locally for downloaded Parquet and matching CSV
adde023/steam-reviews,part.253.parquet,Hugging Face,https://huggingface.co/datasets/adde023/steam-reviews/blob/d0ec12b33dffb8109b683b2e07780e2fc6b97187/part.253.parquet,adde023,Steam User Reviews API via kieranpoc/steam-reviews on Kaggle,,,CC BY-NC 4.0 (dataset card),2026-10-05,,d0ec12b33dffb8109b683b2e07780e2fc6b97187,,2026-03-12T14:51:00.000Z,2102,"Hugging Face repository downloads in last month; repeated per file, do not sum",35355753,86b2ea020da2a1e3d36e45aeba80a858c710af363ee31840ac7ae8983b123334,parquet,,,,,remote metadata only; not downloaded,,,,,,Repository update date does not prove each file was regenerated; card count is not a measured row count.,remote LFS metadata; verified locally for downloaded Parquet and matching CSV
adde023/steam-reviews,part.254.parquet,Hugging Face,https://huggingface.co/datasets/adde023/steam-reviews/blob/d0ec12b33dffb8109b683b2e07780e2fc6b97187/part.254.parquet,adde023,Steam User Reviews API via kieranpoc/steam-reviews on Kaggle,,,CC BY-NC 4.0 (dataset card),2026-10-05,,d0ec12b33dffb8109b683b2e07780e2fc6b97187,,2026-03-12T14:51:00.000Z,2102,"Hugging Face repository downloads in last month; repeated per file, do not sum",36469554,e890cc7063a7b1cbb1d8e629745874f673bc93e09b685b1bd0525484570d94d6,parquet,,,,,remote metadata only; not downloaded,,,,,,Repository update date does not prove each file was regenerated; card count is not a measured row count.,remote LFS metadata; verified locally for downloaded Parquet and matching CSV
adde023/steam-reviews,part.255.parquet,Hugging Face,https://huggingface.co/datasets/adde023/steam-reviews/blob/d0ec12b33dffb8109b683b2e07780e2fc6b97187/part.255.parquet,adde023,Steam User Reviews API via kieranpoc/steam-reviews on Kaggle,,,CC BY-NC 4.0 (dataset card),2026-10-05,,d0ec12b33dffb8109b683b2e07780e2fc6b97187,,2026-03-12T14:51:00.000Z,2102,"Hugging Face repository downloads in last month; repeated per file, do not sum",36643907,1d52e574794b2122fe56620793ec7fb92a84c03f0bd98d1b45e6e549274b2b8d,parquet,,,,,remote metadata only; not downloaded,,,,,,Repository update date does not prove each file was regenerated; card count is not a measured row count.,remote LFS metadata; verified locally for downloaded Parquet and matching CSV
adde023/steam-reviews,part.256.parquet,Hugging Face,https://huggingface.co/datasets/adde023/steam-reviews/blob/d0ec12b33dffb8109b683b2e07780e2fc6b97187/part.256.parquet,adde023,Steam User Reviews API via kieranpoc/steam-reviews on Kaggle,,,CC BY-NC 4.0 (dataset card),2026-10-05,,d0ec12b33dffb8109b683b2e07780e2fc6b97187,,2026-03-12T14:51:00.000Z,2102,"Hugging Face repository downloads in last month; repeated per file, do not sum",36513797,5167cb5bb9a43e73f802a312ac09f62bd20616b77c91cd51a0ee5172f3d26f98,parquet,,,,,remote metadata only; not downloaded,,,,,,Repository update date does not prove each file was regenerated; card count is not a measured row count.,remote LFS metadata; verified locally for downloaded Parquet and matching CSV
adde023/steam-reviews,part.257.parquet,Hugging Face,https://huggingface.co/datasets/adde023/steam-reviews/blob/d0ec12b33dffb8109b683b2e07780e2fc6b97187/part.257.parquet,adde023,Steam User Reviews API via kieranpoc/steam-reviews on Kaggle,,,CC BY-NC 4.0 (dataset card),2026-10-05,,d0ec12b33dffb8109b683b2e07780e2fc6b97187,,2026-03-12T14:51:00.000Z,2102,"Hugging Face repository downloads in last month; repeated per file, do not sum",37027469,6203e5350b0b79baddf9d22282a6e5cd8a54317c5a2ad8c8bd57ed48e4645293,parquet,,,,,remote metadata only; not downloaded,,,,,,Repository update date does not prove each file was regenerated; card count is not a measured row count.,remote LFS metadata; verified locally for downloaded Parquet and matching CSV
adde023/steam-reviews,part.258.parquet,Hugging Face,https://huggingface.co/datasets/adde023/steam-reviews/blob/d0ec12b33dffb8109b683b2e07780e2fc6b97187/part.258.parquet,adde023,Steam User Reviews API via kieranpoc/steam-reviews on Kaggle,,,CC BY-NC 4.0 (dataset card),2026-10-05,,d0ec12b33dffb8109b683b2e07780e2fc6b97187,,2026-03-12T14:51:00.000Z,2102,"Hugging Face repository downloads in last month; repeated per file, do not sum",37524231,22d412ed801fe91191e6d923f1e673040378afa37fb2aa8fcd8251c49d438f92,parquet,,,,,remote metadata only; not downloaded,,,,,,Repository update date does not prove each file was regenerated; card count is not a measured row count.,remote LFS metadata; verified locally for downloaded Parquet and matching CSV
adde023/steam-reviews,part.259.parquet,Hugging Face,https://huggingface.co/datasets/adde023/steam-reviews/blob/d0ec12b33dffb8109b683b2e07780e2fc6b97187/part.259.parquet,adde023,Steam User Reviews API via kieranpoc/steam-reviews on Kaggle,,,CC BY-NC 4.0 (dataset card),2026-10-05,,d0ec12b33dffb8109b683b2e07780e2fc6b97187,,2026-03-12T14:51:00.000Z,2102,"Hugging Face repository downloads in last month; repeated per file, do not sum",36464427,ca2e4b778df06ec6e3200272d92494627ab7d36a236963df37b42cf51f076849,parquet,,,,,remote metadata only; not downloaded,,,,,,Repository update date does not prove each file was regenerated; card count is not a measured row count.,remote LFS metadata; verified locally for downloaded Parquet and matching CSV
adde023/steam-reviews,part.26.parquet,Hugging Face,https://huggingface.co/datasets/adde023/steam-reviews/blob/d0ec12b33dffb8109b683b2e07780e2fc6b97187/part.26.parquet,adde023,Steam User Reviews API via kieranpoc/steam-reviews on Kaggle,,,CC BY-NC 4.0 (dataset card),2026-10-05,,d0ec12b33dffb8109b683b2e07780e2fc6b97187,,2026-03-12T14:51:00.000Z,2102,"Hugging Face repository downloads in last month; repeated per file, do not sum",35966165,5d19f49c630fa5e85c64de1d5c5c5d7cd664e4d17f1175021a41ded2a4242688,parquet,,,,,remote metadata only; not downloaded,,,,,,Repository update date does not prove each file was regenerated; card count is not a measured row count.,remote LFS metadata; verified locally for downloaded Parquet and matching CSV
adde023/steam-reviews,part.260.parquet,Hugging Face,https://huggingface.co/datasets/adde023/steam-reviews/blob/d0ec12b33dffb8109b683b2e07780e2fc6b97187/part.260.parquet,adde023,Steam User Reviews API via kieranpoc/steam-reviews on Kaggle,,,CC BY-NC 4.0 (dataset card),2026-10-05,,d0ec12b33dffb8109b683b2e07780e2fc6b97187,,2026-03-12T14:51:00.000Z,2102,"Hugging Face repository downloads in last month; repeated per file, do not sum",35022722,c2d30c1f520ea63fcbb00a953a3419ac03a77a2750dffd38da2e7dba25fa963d,parquet,,,,,remote metadata only; not downloaded,,,,,,Repository update date does not prove each file was regenerated; card count is not a measured row count.,remote LFS metadata; verified locally for downloaded Parquet and matching CSV
adde023/steam-reviews,part.261.parquet,Hugging Face,https://huggingface.co/datasets/adde023/steam-reviews/blob/d0ec12b33dffb8109b683b2e07780e2fc6b97187/part.261.parquet,adde023,Steam User Reviews API via kieranpoc/steam-reviews on Kaggle,,,CC BY-NC 4.0 (dataset card),2026-10-05,,d0ec12b33dffb8109b683b2e07780e2fc6b97187,,2026-03-12T14:51:00.000Z,2102,"Hugging Face repository downloads in last month; repeated per file, do not sum",38035075,c72357ef782e2d528537ae72acbbf7ec1667f877ba7dcefb9c6a0fb11cd0afda,parquet,,,,,remote metadata only; not downloaded,,,,,,Repository update date does not prove each file was regenerated; card count is not a measured row count.,remote LFS metadata; verified locally for downloaded Parquet and matching CSV
adde023/steam-reviews,part.262.parquet,Hugging Face,https://huggingface.co/datasets/adde023/steam-reviews/blob/d0ec12b33dffb8109b683b2e07780e2fc6b97187/part.262.parquet,adde023,Steam User Reviews API via kieranpoc/steam-reviews on Kaggle,,,CC BY-NC 4.0 (dataset card),2026-10-05,,d0ec12b33dffb8109b683b2e07780e2fc6b97187,,2026-03-12T14:51:00.000Z,2102,"Hugging Face repository downloads in last month; repeated per file, do not sum",32837014,d68ad7a99e749239bbd79e7de36923d5cf062770cb21cf0efd96cfc4b0b36c73,parquet,,,,,remote metadata only; not downloaded,,,,,,Repository update date does not prove each file was regenerated; card count is not a measured row count.,remote LFS metadata; verified locally for downloaded Parquet and matching CSV
adde023/steam-reviews,part.263.parquet,Hugging Face,https://huggingface.co/datasets/adde023/steam-reviews/blob/d0ec12b33dffb8109b683b2e07780e2fc6b97187/part.263.parquet,adde023,Steam User Reviews API via kieranpoc/steam-reviews on Kaggle,,,CC BY-NC 4.0 (dataset card),2026-10-05,,d0ec12b33dffb8109b683b2e07780e2fc6b97187,,2026-03-12T14:51:00.000Z,2102,"Hugging Face repository downloads in last month; repeated per file, do not sum",32129525,a14d67d193ef9209ea4ad1cfe88d50bd5421202f43f1f86cfd8adff348487917,parquet,,,,,remote metadata only; not downloaded,,,,,,Repository update date does not prove each file was regenerated; card count is not a measured row count.,remote LFS metadata; verified locally for downloaded Parquet and matching CSV
adde023/steam-reviews,part.264.parquet,Hugging Face,https://huggingface.co/datasets/adde023/steam-reviews/blob/d0ec12b33dffb8109b683b2e07780e2fc6b97187/part.264.parquet,adde023,Steam User Reviews API via kieranpoc/steam-reviews on Kaggle,,,CC BY-NC 4.0 (dataset card),2026-10-05,,d0ec12b33dffb8109b683b2e07780e2fc6b97187,,2026-03-12T14:51:00.000Z,2102,"Hugging Face repository downloads in last month; repeated per file, do not sum",34391405,fdef56febc500a95aca87dd6af047f26a8df4147ce2f87044bd4faa3edf13820,parquet,,,,,remote metadata only; not downloaded,,,,,,Repository update date does not prove each file was regenerated; card count is not a measured row count.,remote LFS metadata; verified locally for downloaded Parquet and matching CSV
adde023/steam-reviews,part.265.parquet,Hugging Face,https://huggingface.co/datasets/adde023/steam-reviews/blob/d0ec12b33dffb8109b683b2e07780e2fc6b97187/part.265.parquet,adde023,Steam User Reviews API via kieranpoc/steam-reviews on Kaggle,,,CC BY-NC 4.0 (dataset card),2026-10-05,,d0ec12b33dffb8109b683b2e07780e2fc6b97187,,2026-03-12T14:51:00.000Z,2102,"Hugging Face repository downloads in last month; repeated per file, do not sum",36180898,60d87f3a5d42b2e2ca840e915cdf2757ac3cf199464cb8e01c3d0febf39347b1,parquet,,,,,remote metadata only; not downloaded,,,,,,Repository update date does not prove each file was regenerated; card count is not a measured row count.,remote LFS metadata; verified locally for downloaded Parquet and matching CSV
adde023/steam-reviews,part.266.parquet,Hugging Face,https://huggingface.co/datasets/adde023/steam-reviews/blob/d0ec12b33dffb8109b683b2e07780e2fc6b97187/part.266.parquet,adde023,Steam User Reviews API via kieranpoc/steam-reviews on Kaggle,,,CC BY-NC 4.0 (dataset card),2026-10-05,,d0ec12b33dffb8109b683b2e07780e2fc6b97187,,2026-03-12T14:51:00.000Z,2102,"Hugging Face repository downloads in last month; repeated per file, do not sum",33405122,aa1f039de46d374e94941d0abe7213b23e5946550b6d394f8ae398448f18cfc3,parquet,,,,,remote metadata only; not downloaded,,,,,,Repository update date does not prove each file was regenerated; card count is not a measured row count.,remote LFS metadata; verified locally for downloaded Parquet and matching CSV
adde023/steam-reviews,part.267.parquet,Hugging Face,https://huggingface.co/datasets/adde023/steam-reviews/blob/d0ec12b33dffb8109b683b2e07780e2fc6b97187/part.267.parquet,adde023,Steam User Reviews API via kieranpoc/steam-reviews on Kaggle,,,CC BY-NC 4.0 (dataset card),2026-10-05,,d0ec12b33dffb8109b683b2e07780e2fc6b97187,,2026-03-12T14:51:00.000Z,2102,"Hugging Face repository downloads in last month; repeated per file, do not sum",29303172,b982242f5d618f3241af50360b72cb1bc3b2f2b7422da93b01e789af21c0f211,parquet,,,,,remote metadata only; not downloaded,,,,,,Repository update date does not prove each file was regenerated; card count is not a measured row count.,remote LFS metadata; verified locally for downloaded Parquet and matching CSV
adde023/steam-reviews,part.268.parquet,Hugging Face,https://huggingface.co/datasets/adde023/steam-reviews/blob/d0ec12b33dffb8109b683b2e07780e2fc6b97187/part.268.parquet,adde023,Steam User Reviews API via kieranpoc/steam-reviews on Kaggle,,,CC BY-NC 4.0 (dataset card),2026-10-05,,d0ec12b33dffb8109b683b2e07780e2fc6b97187,,2026-03-12T14:51:00.000Z,2102,"Hugging Face repository downloads in last month; repeated per file, do not sum",31807865,dc7bb112e223fe98a91f3c43dd0311d69e16ac59a39caf5048087327ab823720,parquet,,,,,remote metadata only; not downloaded,,,,,,Repository update date does not prove each file was regenerated; card count is not a measured row count.,remote LFS metadata; verified locally for downloaded Parquet and matching CSV
adde023/steam-reviews,part.269.parquet,Hugging Face,https://huggingface.co/datasets/adde023/steam-reviews/blob/d0ec12b33dffb8109b683b2e07780e2fc6b97187/part.269.parquet,adde023,Steam User Reviews API via kieranpoc/steam-reviews on Kaggle,,,CC BY-NC 4.0 (dataset card),2026-10-05,,d0ec12b33dffb8109b683b2e07780e2fc6b97187,,2026-03-12T14:51:00.000Z,2102,"Hugging Face repository downloads in last month; repeated per file, do not sum",36155232,43a9334c7cb072d5379494120e17c1ccf103b9820e152dc0201b85dc651666b0,parquet,,,,,remote metadata only; not downloaded,,,,,,Repository update date does not prove each file was regenerated; card count is not a measured row count.,remote LFS metadata; verified locally for downloaded Parquet and matching CSV
adde023/steam-reviews,part.27.parquet,Hugging Face,https://huggingface.co/datasets/adde023/steam-reviews/blob/d0ec12b33dffb8109b683b2e07780e2fc6b97187/part.27.parquet,adde023,Steam User Reviews API via kieranpoc/steam-reviews on Kaggle,,,CC BY-NC 4.0 (dataset card),2026-10-05,,d0ec12b33dffb8109b683b2e07780e2fc6b97187,,2026-03-12T14:51:00.000Z,2102,"Hugging Face repository downloads in last month; repeated per file, do not sum",34710022,c492581b3bf56b9768ec2c559be5be5a0c9531afaab511834e2ea7ef4a5a6f8d,parquet,,,,,remote metadata only; not downloaded,,,,,,Repository update date does not prove each file was regenerated; card count is not a measured row count.,remote LFS metadata; verified locally for downloaded Parquet and matching CSV
adde023/steam-reviews,part.270.parquet,Hugging Face,https://huggingface.co/datasets/adde023/steam-reviews/blob/d0ec12b33dffb8109b683b2e07780e2fc6b97187/part.270.parquet,adde023,Steam User Reviews API via kieranpoc/steam-reviews on Kaggle,,,CC BY-NC 4.0 (dataset card),2026-10-05,,d0ec12b33dffb8109b683b2e07780e2fc6b97187,,2026-03-12T14:51:00.000Z,2102,"Hugging Face repository downloads in last month; repeated per file, do not sum",35888367,29d46cfeca0733e7f44c0083bb7c41418a1959ae269e8d67414923dc89206fc2,parquet,,,,,remote metadata only; not downloaded,,,,,,Repository update date does not prove each file was regenerated; card count is not a measured row count.,remote LFS metadata; verified locally for downloaded Parquet and matching CSV
adde023/steam-reviews,part.271.parquet,Hugging Face,https://huggingface.co/datasets/adde023/steam-reviews/blob/d0ec12b33dffb8109b683b2e07780e2fc6b97187/part.271.parquet,adde023,Steam User Reviews API via kieranpoc/steam-reviews on Kaggle,,,CC BY-NC 4.0 (dataset card),2026-10-05,,d0ec12b33dffb8109b683b2e07780e2fc6b97187,,2026-03-12T14:51:00.000Z,2102,"Hugging Face repository downloads in last month; repeated per file, do not sum",36046967,324541b1f6672631283f8a9ebb0c975fd3885d59ef8ef12dcadf8eebc8525b0b,parquet,,,,,remote metadata only; not downloaded,,,,,,Repository update date does not prove each file was regenerated; card count is not a measured row count.,remote LFS metadata; verified locally for downloaded Parquet and matching CSV
adde023/steam-reviews,part.272.parquet,Hugging Face,https://huggingface.co/datasets/adde023/steam-reviews/blob/d0ec12b33dffb8109b683b2e07780e2fc6b97187/part.272.parquet,adde023,Steam User Reviews API via kieranpoc/steam-reviews on Kaggle,,,CC BY-NC 4.0 (dataset card),2026-10-05,,d0ec12b33dffb8109b683b2e07780e2fc6b97187,,2026-03-12T14:51:00.000Z,2102,"Hugging Face repository downloads in last month; repeated per file, do not sum",37862892,f543b658335630ae7435781f14a62ff79e29b4dda3e07d55845a54785c8fa464,parquet,,,,,remote metadata only; not downloaded,,,,,,Repository update date does not prove each file was regenerated; card count is not a measured row count.,remote LFS metadata; verified locally for downloaded Parquet and matching CSV
adde023/steam-reviews,part.273.parquet,Hugging Face,https://huggingface.co/datasets/adde023/steam-reviews/blob/d0ec12b33dffb8109b683b2e07780e2fc6b97187/part.273.parquet,adde023,Steam User Reviews API via kieranpoc/steam-reviews on Kaggle,,,CC BY-NC 4.0 (dataset card),2026-10-05,,d0ec12b33dffb8109b683b2e07780e2fc6b97187,,2026-03-12T14:51:00.000Z,2102,"Hugging Face repository downloads in last month; repeated per file, do not sum",37331204,65e6714e1856c5bbc844569aa3ead1675cca1ea8aebc713e7aafe5989f0c2940,parquet,,,,,remote metadata only; not downloaded,,,,,,Repository update date does not prove each file was regenerated; card count is not a measured row count.,remote LFS metadata; verified locally for downloaded Parquet and matching CSV
adde023/steam-reviews,part.274.parquet,Hugging Face,https://huggingface.co/datasets/adde023/steam-reviews/blob/d0ec12b33dffb8109b683b2e07780e2fc6b97187/part.274.parquet,adde023,Steam User Reviews API via kieranpoc/steam-reviews on Kaggle,,,CC BY-NC 4.0 (dataset card),2026-10-05,,d0ec12b33dffb8109b683b2e07780e2fc6b97187,,2026-03-12T14:51:00.000Z,2102,"Hugging Face repository downloads in last month; repeated per file, do not sum",36485941,c722133f63068f53b860bc77b3127cb2a2774f1a3e43b6d9cf1b02b451aa4eb4,parquet,,,,,remote metadata only; not downloaded,,,,,,Repository update date does not prove each file was regenerated; card count is not a measured row count.,remote LFS metadata; verified locally for downloaded Parquet and matching CSV
adde023/steam-reviews,part.275.parquet,Hugging Face,https://huggingface.co/datasets/adde023/steam-reviews/blob/d0ec12b33dffb8109b683b2e07780e2fc6b97187/part.275.parquet,adde023,Steam User Reviews API via kieranpoc/steam-reviews on Kaggle,,,CC BY-NC 4.0 (dataset card),2026-10-05,,d0ec12b33dffb8109b683b2e07780e2fc6b97187,,2026-03-12T14:51:00.000Z,2102,"Hugging Face repository downloads in last month; repeated per file, do not sum",35736770,8cd2039363cfb42a5f1ac5d563e4fe86610b838c1dbe55cbe49ff36bd3ceec91,parquet,,,,,remote metadata only; not downloaded,,,,,,Repository update date does not prove each file was regenerated; card count is not a measured row count.,remote LFS metadata; verified locally for downloaded Parquet and matching CSV
adde023/steam-reviews,part.276.parquet,Hugging Face,https://huggingface.co/datasets/adde023/steam-reviews/blob/d0ec12b33dffb8109b683b2e07780e2fc6b97187/part.276.parquet,adde023,Steam User Reviews API via kieranpoc/steam-reviews on Kaggle,,,CC BY-NC 4.0 (dataset card),2026-10-05,,d0ec12b33dffb8109b683b2e07780e2fc6b97187,,2026-03-12T14:51:00.000Z,2102,"Hugging Face repository downloads in last month; repeated per file, do not sum",36826855,0936b6a8a36c8c240098b5e6e703cf2a51f14cf1c7ddad60f75491fdb6187d71,parquet,,,,,remote metadata only; not downloaded,,,,,,Repository update date does not prove each file was regenerated; card count is not a measured row count.,remote LFS metadata; verified locally for downloaded Parquet and matching CSV
adde023/steam-reviews,part.277.parquet,Hugging Face,https://huggingface.co/datasets/adde023/steam-reviews/blob/d0ec12b33dffb8109b683b2e07780e2fc6b97187/part.277.parquet,adde023,Steam User Reviews API via kieranpoc/steam-reviews on Kaggle,,,CC BY-NC 4.0 (dataset card),2026-10-05,,d0ec12b33dffb8109b683b2e07780e2fc6b97187,,2026-03-12T14:51:00.000Z,2102,"Hugging Face repository downloads in last month; repeated per file, do not sum",37708572,303edcff7378de47dd29f1be1ff1d6b8ff9f48983a74be66236790a414200293,parquet,,,,,remote metadata only; not downloaded,,,,,,Repository update date does not prove each file was regenerated; card count is not a measured row count.,remote LFS metadata; verified locally for downloaded Parquet and matching CSV
adde023/steam-reviews,part.278.parquet,Hugging Face,https://huggingface.co/datasets/adde023/steam-reviews/blob/d0ec12b33dffb8109b683b2e07780e2fc6b97187/part.278.parquet,adde023,Steam User Reviews API via kieranpoc/steam-reviews on Kaggle,,,CC BY-NC 4.0 (dataset card),2026-10-05,,d0ec12b33dffb8109b683b2e07780e2fc6b97187,,2026-03-12T14:51:00.000Z,2102,"Hugging Face repository downloads in last month; repeated per file, do not sum",36835692,4983e71e888657121bd247e1f0874af1f3d587ee7be63c62f428d5fa425c9db1,parquet,,,,,remote metadata only; not downloaded,,,,,,Repository update date does not prove each file was regenerated; card count is not a measured row count.,remote LFS metadata; verified locally for downloaded Parquet and matching CSV
adde023/steam-reviews,part.279.parquet,Hugging Face,https://huggingface.co/datasets/adde023/steam-reviews/blob/d0ec12b33dffb8109b683b2e07780e2fc6b97187/part.279.parquet,adde023,Steam User Reviews API via kieranpoc/steam-reviews on Kaggle,,,CC BY-NC 4.0 (dataset card),2026-10-05,,d0ec12b33dffb8109b683b2e07780e2fc6b97187,,2026-03-12T14:51:00.000Z,2102,"Hugging Face repository downloads in last month; repeated per file, do not sum",36010833,466ceabdbc36ce7dcb18105e0230d7060676319bfe4b4135bafa8fdc0925a109,parquet,,,,,remote metadata only; not downloaded,,,,,,Repository update date does not prove each file was regenerated; card count is not a measured row count.,remote LFS metadata; verified locally for downloaded Parquet and matching CSV
adde023/steam-reviews,part.28.parquet,Hugging Face,https://huggingface.co/datasets/adde023/steam-reviews/blob/d0ec12b33dffb8109b683b2e07780e2fc6b97187/part.28.parquet,adde023,Steam User Reviews API via kieranpoc/steam-reviews on Kaggle,,,CC BY-NC 4.0 (dataset card),2026-10-05,,d0ec12b33dffb8109b683b2e07780e2fc6b97187,,2026-03-12T14:51:00.000Z,2102,"Hugging Face repository downloads in last month; repeated per file, do not sum",37259475,f5eeba70c8f3c50cfa746f287043795b1e410623a6fc43890ff9dad384d69142,parquet,,,,,remote metadata only; not downloaded,,,,,,Repository update date does not prove each file was regenerated; card count is not a measured row count.,remote LFS metadata; verified locally for downloaded Parquet and matching CSV
adde023/steam-reviews,part.280.parquet,Hugging Face,https://huggingface.co/datasets/adde023/steam-reviews/blob/d0ec12b33dffb8109b683b2e07780e2fc6b97187/part.280.parquet,adde023,Steam User Reviews API via kieranpoc/steam-reviews on Kaggle,,,CC BY-NC 4.0 (dataset card),2026-10-05,,d0ec12b33dffb8109b683b2e07780e2fc6b97187,,2026-03-12T14:51:00.000Z,2102,"Hugging Face repository downloads in last month; repeated per file, do not sum",37939919,cd10078e9c3b5265ce6f7e39a2673a9214ebe59e9c90ad6e4a57883ee4779bb1,parquet,,,,,remote metadata only; not downloaded,,,,,,Repository update date does not prove each file was regenerated; card count is not a measured row count.,remote LFS metadata; verified locally for downloaded Parquet and matching CSV
adde023/steam-reviews,part.281.parquet,Hugging Face,https://huggingface.co/datasets/adde023/steam-reviews/blob/d0ec12b33dffb8109b683b2e07780e2fc6b97187/part.281.parquet,adde023,Steam User Reviews API via kieranpoc/steam-reviews on Kaggle,,,CC BY-NC 4.0 (dataset card),2026-10-05,,d0ec12b33dffb8109b683b2e07780e2fc6b97187,,2026-03-12T14:51:00.000Z,2102,"Hugging Face repository downloads in last month; repeated per file, do not sum",35807604,e5f9021c38a7694422b3eb460aff298d0d8a752b6148e3edfb0fb5d957aa4670,parquet,,,,,remote metadata only; not downloaded,,,,,,Repository update date does not prove each file was regenerated; card count is not a measured row count.,remote LFS metadata; verified locally for downloaded Parquet and matching CSV
adde023/steam-reviews,part.282.parquet,Hugging Face,https://huggingface.co/datasets/adde023/steam-reviews/blob/d0ec12b33dffb8109b683b2e07780e2fc6b97187/part.282.parquet,adde023,Steam User Reviews API via kieranpoc/steam-reviews on Kaggle,,,CC BY-NC 4.0 (dataset card),2026-10-05,,d0ec12b33dffb8109b683b2e07780e2fc6b97187,,2026-03-12T14:51:00.000Z,2102,"Hugging Face repository downloads in last month; repeated per file, do not sum",39216839,b413afcb4427cb6896d8f1c6e2001fcf66c9bebee519711965de8b2d41776573,parquet,,,,,remote metadata only; not downloaded,,,,,,Repository update date does not prove each file was regenerated; card count is not a measured row count.,remote LFS metadata; verified locally for downloaded Parquet and matching CSV
adde023/steam-reviews,part.283.parquet,Hugging Face,https://huggingface.co/datasets/adde023/steam-reviews/blob/d0ec12b33dffb8109b683b2e07780e2fc6b97187/part.283.parquet,adde023,Steam User Reviews API via kieranpoc/steam-reviews on Kaggle,,,CC BY-NC 4.0 (dataset card),2026-10-05,,d0ec12b33dffb8109b683b2e07780e2fc6b97187,,2026-03-12T14:51:00.000Z,2102,"Hugging Face repository downloads in last month; repeated per file, do not sum",35999717,fef59a41cbdf4ebceee0aaa1ecbb1e53b7b7b2e4fd458bb15caaca183ecdff3d,parquet,,,,,remote metadata only; not downloaded,,,,,,Repository update date does not prove each file was regenerated; card count is not a measured row count.,remote LFS metadata; verified locally for downloaded Parquet and matching CSV
adde023/steam-reviews,part.284.parquet,Hugging Face,https://huggingface.co/datasets/adde023/steam-reviews/blob/d0ec12b33dffb8109b683b2e07780e2fc6b97187/part.284.parquet,adde023,Steam User Reviews API via kieranpoc/steam-reviews on Kaggle,,,CC BY-NC 4.0 (dataset card),2026-10-05,,d0ec12b33dffb8109b683b2e07780e2fc6b97187,,2026-03-12T14:51:00.000Z,2102,"Hugging Face repository downloads in last month; repeated per file, do not sum",37706532,cb94817c72725a97f1bc5f2c7d5edf7b976981fc09ccd1ddaef197271315dba1,parquet,,,,,remote metadata only; not downloaded,,,,,,Repository update date does not prove each file was regenerated; card count is not a measured row count.,remote LFS metadata; verified locally for downloaded Parquet and matching CSV
adde023/steam-reviews,part.285.parquet,Hugging Face,https://huggingface.co/datasets/adde023/steam-reviews/blob/d0ec12b33dffb8109b683b2e07780e2fc6b97187/part.285.parquet,adde023,Steam User Reviews API via kieranpoc/steam-reviews on Kaggle,,,CC BY-NC 4.0 (dataset card),2026-10-05,,d0ec12b33dffb8109b683b2e07780e2fc6b97187,,2026-03-12T14:51:00.000Z,2102,"Hugging Face repository downloads in last month; repeated per file, do not sum",33723440,6aac45024737c88eac9af2252ac133354be603931282a256c5fe89f72ef442c0,parquet,,,,,remote metadata only; not downloaded,,,,,,Repository update date does not prove each file was regenerated; card count is not a measured row count.,remote LFS metadata; verified locally for downloaded Parquet and matching CSV
adde023/steam-reviews,part.286.parquet,Hugging Face,https://huggingface.co/datasets/adde023/steam-reviews/blob/d0ec12b33dffb8109b683b2e07780e2fc6b97187/part.286.parquet,adde023,Steam User Reviews API via kieranpoc/steam-reviews on Kaggle,,,CC BY-NC 4.0 (dataset card),2026-10-05,,d0ec12b33dffb8109b683b2e07780e2fc6b97187,,2026-03-12T14:51:00.000Z,2102,"Hugging Face repository downloads in last month; repeated per file, do not sum",28842254,31db3a3350f7f5167804903adb67012962960fe2de5796dcc9f2edee56397684,parquet,,,,,remote metadata only; not downloaded,,,,,,Repository update date does not prove each file was regenerated; card count is not a measured row count.,remote LFS metadata; verified locally for downloaded Parquet and matching CSV
adde023/steam-reviews,part.287.parquet,Hugging Face,https://huggingface.co/datasets/adde023/steam-reviews/blob/d0ec12b33dffb8109b683b2e07780e2fc6b97187/part.287.parquet,adde023,Steam User Reviews API via kieranpoc/steam-reviews on Kaggle,,,CC BY-NC 4.0 (dataset card),2026-10-05,,d0ec12b33dffb8109b683b2e07780e2fc6b97187,,2026-03-12T14:51:00.000Z,2102,"Hugging Face repository downloads in last month; repeated per file, do not sum",28895175,6351714f6ea4f2a6faaab401448ec0704d1d6c396f9251d22c888195c4b91cbf,parquet,,,,,remote metadata only; not downloaded,,,,,,Repository update date does not prove each file was regenerated; card count is not a measured row count.,remote LFS metadata; verified locally for downloaded Parquet and matching CSV
adde023/steam-reviews,part.288.parquet,Hugging Face,https://huggingface.co/datasets/adde023/steam-reviews/blob/d0ec12b33dffb8109b683b2e07780e2fc6b97187/part.288.parquet,adde023,Steam User Reviews API via kieranpoc/steam-reviews on Kaggle,,,CC BY-NC 4.0 (dataset card),2026-10-05,,d0ec12b33dffb8109b683b2e07780e2fc6b97187,,2026-03-12T14:51:00.000Z,2102,"Hugging Face repository downloads in last month; repeated per file, do not sum",30084878,f1f7a3fad53e03f1b4e8c4852a8f7c4375fd618d06ece13320179675f817751d,parquet,,,,,remote metadata only; not downloaded,,,,,,Repository update date does not prove each file was regenerated; card count is not a measured row count.,remote LFS metadata; verified locally for downloaded Parquet and matching CSV
adde023/steam-reviews,part.289.parquet,Hugging Face,https://huggingface.co/datasets/adde023/steam-reviews/blob/d0ec12b33dffb8109b683b2e07780e2fc6b97187/part.289.parquet,adde023,Steam User Reviews API via kieranpoc/steam-reviews on Kaggle,,,CC BY-NC 4.0 (dataset card),2026-10-05,,d0ec12b33dffb8109b683b2e07780e2fc6b97187,,2026-03-12T14:51:00.000Z,2102,"Hugging Face repository downloads in last month; repeated per file, do not sum",30130359,f8d7b7c72c99045c2c6d2c92a12518df2ac07fedf0b8b6fad2ec7d0f00a0b6d4,parquet,,,,,remote metadata only; not downloaded,,,,,,Repository update date does not prove each file was regenerated; card count is not a measured row count.,remote LFS metadata; verified locally for downloaded Parquet and matching CSV
adde023/steam-reviews,part.29.parquet,Hugging Face,https://huggingface.co/datasets/adde023/steam-reviews/blob/d0ec12b33dffb8109b683b2e07780e2fc6b97187/part.29.parquet,adde023,Steam User Reviews API via kieranpoc/steam-reviews on Kaggle,,,CC BY-NC 4.0 (dataset card),2026-10-05,,d0ec12b33dffb8109b683b2e07780e2fc6b97187,,2026-03-12T14:51:00.000Z,2102,"Hugging Face repository downloads in last month; repeated per file, do not sum",35397031,76a654abe35b17b4123f8ac66f66bd7f39d62e2341692a41f91d8924aac2c7ea,parquet,,,,,remote metadata only; not downloaded,,,,,,Repository update date does not prove each file was regenerated; card count is not a measured row count.,remote LFS metadata; verified locally for downloaded Parquet and matching CSV
adde023/steam-reviews,part.290.parquet,Hugging Face,https://huggingface.co/datasets/adde023/steam-reviews/blob/d0ec12b33dffb8109b683b2e07780e2fc6b97187/part.290.parquet,adde023,Steam User Reviews API via kieranpoc/steam-reviews on Kaggle,,,CC BY-NC 4.0 (dataset card),2026-10-05,,d0ec12b33dffb8109b683b2e07780e2fc6b97187,,2026-03-12T14:51:00.000Z,2102,"Hugging Face repository downloads in last month; repeated per file, do not sum",34378778,61f1c5a304de270ed1831a3a982174c66c8a58eb193424a67376ad916b553281,parquet,,,,,remote metadata only; not downloaded,,,,,,Repository update date does not prove each file was regenerated; card count is not a measured row count.,remote LFS metadata; verified locally for downloaded Parquet and matching CSV
adde023/steam-reviews,part.291.parquet,Hugging Face,https://huggingface.co/datasets/adde023/steam-reviews/blob/d0ec12b33dffb8109b683b2e07780e2fc6b97187/part.291.parquet,adde023,Steam User Reviews API via kieranpoc/steam-reviews on Kaggle,,,CC BY-NC 4.0 (dataset card),2026-10-05,,d0ec12b33dffb8109b683b2e07780e2fc6b97187,,2026-03-12T14:51:00.000Z,2102,"Hugging Face repository downloads in last month; repeated per file, do not sum",35538848,7eccd2cac2e50c49ade08946cf5c49de811297ee72774a6e5b55cb4a7baa9cd0,parquet,,,,,remote metadata only; not downloaded,,,,,,Repository update date does not prove each file was regenerated; card count is not a measured row count.,remote LFS metadata; verified locally for downloaded Parquet and matching CSV
adde023/steam-reviews,part.292.parquet,Hugging Face,https://huggingface.co/datasets/adde023/steam-reviews/blob/d0ec12b33dffb8109b683b2e07780e2fc6b97187/part.292.parquet,adde023,Steam User Reviews API via kieranpoc/steam-reviews on Kaggle,,,CC BY-NC 4.0 (dataset card),2026-10-05,,d0ec12b33dffb8109b683b2e07780e2fc6b97187,,2026-03-12T14:51:00.000Z,2102,"Hugging Face repository downloads in last month; repeated per file, do not sum",36700001,6c335c23871aa2dfdf53f6d8d287664ff4f2be42978b248d4e1a608dcd92cb2d,parquet,,,,,remote metadata only; not downloaded,,,,,,Repository update date does not prove each file was regenerated; card count is not a measured row count.,remote LFS metadata; verified locally for downloaded Parquet and matching CSV
adde023/steam-reviews,part.293.parquet,Hugging Face,https://huggingface.co/datasets/adde023/steam-reviews/blob/d0ec12b33dffb8109b683b2e07780e2fc6b97187/part.293.parquet,adde023,Steam User Reviews API via kieranpoc/steam-reviews on Kaggle,,,CC BY-NC 4.0 (dataset card),2026-10-05,,d0ec12b33dffb8109b683b2e07780e2fc6b97187,,2026-03-12T14:51:00.000Z,2102,"Hugging Face repository downloads in last month; repeated per file, do not sum",35637704,7ff8521a6affbfc46207cc66835fc36530c0c8228aebc7bddc5a1becaf8c2aab,parquet,,,,,remote metadata only; not downloaded,,,,,,Repository update date does not prove each file was regenerated; card count is not a measured row count.,remote LFS metadata; verified locally for downloaded Parquet and matching CSV
adde023/steam-reviews,part.294.parquet,Hugging Face,https://huggingface.co/datasets/adde023/steam-reviews/blob/d0ec12b33dffb8109b683b2e07780e2fc6b97187/part.294.parquet,adde023,Steam User Reviews API via kieranpoc/steam-reviews on Kaggle,,,CC BY-NC 4.0 (dataset card),2026-10-05,,d0ec12b33dffb8109b683b2e07780e2fc6b97187,,2026-03-12T14:51:00.000Z,2102,"Hugging Face repository downloads in last month; repeated per file, do not sum",37585932,b19604a3d27a6a8a73bb01ce6c25804d933a5899c6bb8b50435ef10468a213af,parquet,,,,,remote metadata only; not downloaded,,,,,,Repository update date does not prove each file was regenerated; card count is not a measured row count.,remote LFS metadata; verified locally for downloaded Parquet and matching CSV
adde023/steam-reviews,part.295.parquet,Hugging Face,https://huggingface.co/datasets/adde023/steam-reviews/blob/d0ec12b33dffb8109b683b2e07780e2fc6b97187/part.295.parquet,adde023,Steam User Reviews API via kieranpoc/steam-reviews on Kaggle,,,CC BY-NC 4.0 (dataset card),2026-10-05,,d0ec12b33dffb8109b683b2e07780e2fc6b97187,,2026-03-12T14:51:00.000Z,2102,"Hugging Face repository downloads in last month; repeated per file, do not sum",36661336,c25f056c825f341784cefcd7cfc82fd00dede64ef88b7539051f82960d440ee5,parquet,,,,,remote metadata only; not downloaded,,,,,,Repository update date does not prove each file was regenerated; card count is not a measured row count.,remote LFS metadata; verified locally for downloaded Parquet and matching CSV
adde023/steam-reviews,part.296.parquet,Hugging Face,https://huggingface.co/datasets/adde023/steam-reviews/blob/d0ec12b33dffb8109b683b2e07780e2fc6b97187/part.296.parquet,adde023,Steam User Reviews API via kieranpoc/steam-reviews on Kaggle,,,CC BY-NC 4.0 (dataset card),2026-10-05,,d0ec12b33dffb8109b683b2e07780e2fc6b97187,,2026-03-12T14:51:00.000Z,2102,"Hugging Face repository downloads in last month; repeated per file, do not sum",38885763,79a153e9cb4df3da1a19a0889d80eefa44e188be4f870f935941a7bcdd79b471,parquet,,,,,remote metadata only; not downloaded,,,,,,Repository update date does not prove each file was regenerated; card count is not a measured row count.,remote LFS metadata; verified locally for downloaded Parquet and matching CSV
adde023/steam-reviews,part.297.parquet,Hugging Face,https://huggingface.co/datasets/adde023/steam-reviews/blob/d0ec12b33dffb8109b683b2e07780e2fc6b97187/part.297.parquet,adde023,Steam User Reviews API via kieranpoc/steam-reviews on Kaggle,,,CC BY-NC 4.0 (dataset card),2026-10-05,,d0ec12b33dffb8109b683b2e07780e2fc6b97187,,2026-03-12T14:51:00.000Z,2102,"Hugging Face repository downloads in last month; repeated per file, do not sum",36792379,2803811491acef7c11d453e41e7e0ac1ae1991be895efa23052fe9e07c54c44b,parquet,,,,,remote metadata only; not downloaded,,,,,,Repository update date does not prove each file was regenerated; card count is not a measured row count.,remote LFS metadata; verified locally for downloaded Parquet and matching CSV
adde023/steam-reviews,part.298.parquet,Hugging Face,https://huggingface.co/datasets/adde023/steam-reviews/blob/d0ec12b33dffb8109b683b2e07780e2fc6b97187/part.298.parquet,adde023,Steam User Reviews API via kieranpoc/steam-reviews on Kaggle,,,CC BY-NC 4.0 (dataset card),2026-10-05,,d0ec12b33dffb8109b683b2e07780e2fc6b97187,,2026-03-12T14:51:00.000Z,2102,"Hugging Face repository downloads in last month; repeated per file, do not sum",37692344,683c77f3658f3fc2ccff865e7f4f77fc91730b656bdd4347e20f63dc6c5312a4,parquet,,,,,remote metadata only; not downloaded,,,,,,Repository update date does not prove each file was regenerated; card count is not a measured row count.,remote LFS metadata; verified locally for downloaded Parquet and matching CSV
adde023/steam-reviews,part.299.parquet,Hugging Face,https://huggingface.co/datasets/adde023/steam-reviews/blob/d0ec12b33dffb8109b683b2e07780e2fc6b97187/part.299.parquet,adde023,Steam User Reviews API via kieranpoc/steam-reviews on Kaggle,,,CC BY-NC 4.0 (dataset card),2026-10-05,,d0ec12b33dffb8109b683b2e07780e2fc6b97187,,2026-03-12T14:51:00.000Z,2102,"Hugging Face repository downloads in last month; repeated per file, do not sum",38397820,d4559d862c11efd3a15f28c576f1fca4862e2da734ede09d05ce113f5a324aaf,parquet,,,,,remote metadata only; not downloaded,,,,,,Repository update date does not prove each file was regenerated; card count is not a measured row count.,remote LFS metadata; verified locally for downloaded Parquet and matching CSV
adde023/steam-reviews,part.3.parquet,Hugging Face,https://huggingface.co/datasets/adde023/steam-reviews/blob/d0ec12b33dffb8109b683b2e07780e2fc6b97187/part.3.parquet,adde023,Steam User Reviews API via kieranpoc/steam-reviews on Kaggle,,,CC BY-NC 4.0 (dataset card),2026-10-05,,d0ec12b33dffb8109b683b2e07780e2fc6b97187,,2026-03-12T14:51:00.000Z,2102,"Hugging Face repository downloads in last month; repeated per file, do not sum",34932282,e2aa4829b3e41b3c1c6f9b8c0ea2993ddca8edcd0454e6683b00cb06d7468d06,parquet,,,,,remote metadata only; not downloaded,,,,,,Repository update date does not prove each file was regenerated; card count is not a measured row count.,remote LFS metadata; verified locally for downloaded Parquet and matching CSV
adde023/steam-reviews,part.30.parquet,Hugging Face,https://huggingface.co/datasets/adde023/steam-reviews/blob/d0ec12b33dffb8109b683b2e07780e2fc6b97187/part.30.parquet,adde023,Steam User Reviews API via kieranpoc/steam-reviews on Kaggle,,,CC BY-NC 4.0 (dataset card),2026-10-05,,d0ec12b33dffb8109b683b2e07780e2fc6b97187,,2026-03-12T14:51:00.000Z,2102,"Hugging Face repository downloads in last month; repeated per file, do not sum",36200658,c1924124869a3eeb841a326161a101ac2221c624ce53fa3986608d81069e5df3,parquet,,,,,remote metadata only; not downloaded,,,,,,Repository update date does not prove each file was regenerated; card count is not a measured row count.,remote LFS metadata; verified locally for downloaded Parquet and matching CSV
adde023/steam-reviews,part.300.parquet,Hugging Face,https://huggingface.co/datasets/adde023/steam-reviews/blob/d0ec12b33dffb8109b683b2e07780e2fc6b97187/part.300.parquet,adde023,Steam User Reviews API via kieranpoc/steam-reviews on Kaggle,,,CC BY-NC 4.0 (dataset card),2026-10-05,,d0ec12b33dffb8109b683b2e07780e2fc6b97187,,2026-03-12T14:51:00.000Z,2102,"Hugging Face repository downloads in last month; repeated per file, do not sum",38867160,069d22b8dbe440451cce0b730d86aba2f394292c971086d1942f872dd93a67f7,parquet,,,,,remote metadata only; not downloaded,,,,,,Repository update date does not prove each file was regenerated; card count is not a measured row count.,remote LFS metadata; verified locally for downloaded Parquet and matching CSV
adde023/steam-reviews,part.301.parquet,Hugging Face,https://huggingface.co/datasets/adde023/steam-reviews/blob/d0ec12b33dffb8109b683b2e07780e2fc6b97187/part.301.parquet,adde023,Steam User Reviews API via kieranpoc/steam-reviews on Kaggle,,,CC BY-NC 4.0 (dataset card),2026-10-05,,d0ec12b33dffb8109b683b2e07780e2fc6b97187,,2026-03-12T14:51:00.000Z,2102,"Hugging Face repository downloads in last month; repeated per file, do not sum",34938316,29128c217eff4566bbe1cff48f516a7f9850a2bdec78343c51e658aeda6e0e88,parquet,,,,,remote metadata only; not downloaded,,,,,,Repository update date does not prove each file was regenerated; card count is not a measured row count.,remote LFS metadata; verified locally for downloaded Parquet and matching CSV
adde023/steam-reviews,part.302.parquet,Hugging Face,https://huggingface.co/datasets/adde023/steam-reviews/blob/d0ec12b33dffb8109b683b2e07780e2fc6b97187/part.302.parquet,adde023,Steam User Reviews API via kieranpoc/steam-reviews on Kaggle,,,CC BY-NC 4.0 (dataset card),2026-10-05,,d0ec12b33dffb8109b683b2e07780e2fc6b97187,,2026-03-12T14:51:00.000Z,2102,"Hugging Face repository downloads in last month; repeated per file, do not sum",36252519,a39d20d14cb6f4871ef14954e6d00a375c425ecd252af591a4a715ee95bbad0c,parquet,,,,,remote metadata only; not downloaded,,,,,,Repository update date does not prove each file was regenerated; card count is not a measured row count.,remote LFS metadata; verified locally for downloaded Parquet and matching CSV
adde023/steam-reviews,part.303.parquet,Hugging Face,https://huggingface.co/datasets/adde023/steam-reviews/blob/d0ec12b33dffb8109b683b2e07780e2fc6b97187/part.303.parquet,adde023,Steam User Reviews API via kieranpoc/steam-reviews on Kaggle,,,CC BY-NC 4.0 (dataset card),2026-10-05,,d0ec12b33dffb8109b683b2e07780e2fc6b97187,,2026-03-12T14:51:00.000Z,2102,"Hugging Face repository downloads in last month; repeated per file, do not sum",35162944,be5ea201bb3184f22ee32620e78a9ed1d7f0aca7f6b64911176ac72474207cff,parquet,,,,,remote metadata only; not downloaded,,,,,,Repository update date does not prove each file was regenerated; card count is not a measured row count.,remote LFS metadata; verified locally for downloaded Parquet and matching CSV
adde023/steam-reviews,part.304.parquet,Hugging Face,https://huggingface.co/datasets/adde023/steam-reviews/blob/d0ec12b33dffb8109b683b2e07780e2fc6b97187/part.304.parquet,adde023,Steam User Reviews API via kieranpoc/steam-reviews on Kaggle,,,CC BY-NC 4.0 (dataset card),2026-10-05,,d0ec12b33dffb8109b683b2e07780e2fc6b97187,,2026-03-12T14:51:00.000Z,2102,"Hugging Face repository downloads in last month; repeated per file, do not sum",37036048,6978cf5d7ccaeb26caecf2f51cc2f51c8e041dae12fbb3ce7ed719a6fa691bb5,parquet,,,,,remote metadata only; not downloaded,,,,,,Repository update date does not prove each file was regenerated; card count is not a measured row count.,remote LFS metadata; verified locally for downloaded Parquet and matching CSV
adde023/steam-reviews,part.305.parquet,Hugging Face,https://huggingface.co/datasets/adde023/steam-reviews/blob/d0ec12b33dffb8109b683b2e07780e2fc6b97187/part.305.parquet,adde023,Steam User Reviews API via kieranpoc/steam-reviews on Kaggle,,,CC BY-NC 4.0 (dataset card),2026-10-05,,d0ec12b33dffb8109b683b2e07780e2fc6b97187,,2026-03-12T14:51:00.000Z,2102,"Hugging Face repository downloads in last month; repeated per file, do not sum",36188685,22f62a5a6ec97debaadf97103cae880898c950788cea404655d8ad921ba45cec,parquet,,,,,remote metadata only; not downloaded,,,,,,Repository update date does not prove each file was regenerated; card count is not a measured row count.,remote LFS metadata; verified locally for downloaded Parquet and matching CSV
adde023/steam-reviews,part.306.parquet,Hugging Face,https://huggingface.co/datasets/adde023/steam-reviews/blob/d0ec12b33dffb8109b683b2e07780e2fc6b97187/part.306.parquet,adde023,Steam User Reviews API via kieranpoc/steam-reviews on Kaggle,,,CC BY-NC 4.0 (dataset card),2026-10-05,,d0ec12b33dffb8109b683b2e07780e2fc6b97187,,2026-03-12T14:51:00.000Z,2102,"Hugging Face repository downloads in last month; repeated per file, do not sum",34932988,44f5df3053cb4f14d3f19487293a5153d1e363adaf501ebd8e9ea1aae893c448,parquet,,,,,remote metadata only; not downloaded,,,,,,Repository update date does not prove each file was regenerated; card count is not a measured row count.,remote LFS metadata; verified locally for downloaded Parquet and matching CSV
adde023/steam-reviews,part.307.parquet,Hugging Face,https://huggingface.co/datasets/adde023/steam-reviews/blob/d0ec12b33dffb8109b683b2e07780e2fc6b97187/part.307.parquet,adde023,Steam User Reviews API via kieranpoc/steam-reviews on Kaggle,,,CC BY-NC 4.0 (dataset card),2026-10-05,,d0ec12b33dffb8109b683b2e07780e2fc6b97187,,2026-03-12T14:51:00.000Z,2102,"Hugging Face repository downloads in last month; repeated per file, do not sum",35157534,8e2d92d6c17dde7f6c9d48a4b1f956475b9eca7843f040677b902d1e0b32c30f,parquet,,,,,remote metadata only; not downloaded,,,,,,Repository update date does not prove each file was regenerated; card count is not a measured row count.,remote LFS metadata; verified locally for downloaded Parquet and matching CSV
adde023/steam-reviews,part.308.parquet,Hugging Face,https://huggingface.co/datasets/adde023/steam-reviews/blob/d0ec12b33dffb8109b683b2e07780e2fc6b97187/part.308.parquet,adde023,Steam User Reviews API via kieranpoc/steam-reviews on Kaggle,,,CC BY-NC 4.0 (dataset card),2026-10-05,,d0ec12b33dffb8109b683b2e07780e2fc6b97187,,2026-03-12T14:51:00.000Z,2102,"Hugging Face repository downloads in last month; repeated per file, do not sum",37988680,d01c9460fc1677f4f4b96a9d61df0bc1dc6bcca693ca1ad4f5ef513e6d07062f,parquet,,,,,remote metadata only; not downloaded,,,,,,Repository update date does not prove each file was regenerated; card count is not a measured row count.,remote LFS metadata; verified locally for downloaded Parquet and matching CSV
adde023/steam-reviews,part.309.parquet,Hugging Face,https://huggingface.co/datasets/adde023/steam-reviews/blob/d0ec12b33dffb8109b683b2e07780e2fc6b97187/part.309.parquet,adde023,Steam User Reviews API via kieranpoc/steam-reviews on Kaggle,,,CC BY-NC 4.0 (dataset card),2026-10-05,,d0ec12b33dffb8109b683b2e07780e2fc6b97187,,2026-03-12T14:51:00.000Z,2102,"Hugging Face repository downloads in last month; repeated per file, do not sum",37273322,00a793822aa367a67ff93d2b691206f4c54e545c284d03ddbcee975b46d76876,parquet,,,,,remote metadata only; not downloaded,,,,,,Repository update date does not prove each file was regenerated; card count is not a measured row count.,remote LFS metadata; verified locally for downloaded Parquet and matching CSV
adde023/steam-reviews,part.31.parquet,Hugging Face,https://huggingface.co/datasets/adde023/steam-reviews/blob/d0ec12b33dffb8109b683b2e07780e2fc6b97187/part.31.parquet,adde023,Steam User Reviews API via kieranpoc/steam-reviews on Kaggle,,,CC BY-NC 4.0 (dataset card),2026-10-05,,d0ec12b33dffb8109b683b2e07780e2fc6b97187,,2026-03-12T14:51:00.000Z,2102,"Hugging Face repository downloads in last month; repeated per file, do not sum",37476783,792ee547d89e2fc55b9714fe834b6dbed35d3aae09f34f52b6284764368d0b8f,parquet,,,,,remote metadata only; not downloaded,,,,,,Repository update date does not prove each file was regenerated; card count is not a measured row count.,remote LFS metadata; verified locally for downloaded Parquet and matching CSV
adde023/steam-reviews,part.310.parquet,Hugging Face,https://huggingface.co/datasets/adde023/steam-reviews/blob/d0ec12b33dffb8109b683b2e07780e2fc6b97187/part.310.parquet,adde023,Steam User Reviews API via kieranpoc/steam-reviews on Kaggle,,,CC BY-NC 4.0 (dataset card),2026-10-05,,d0ec12b33dffb8109b683b2e07780e2fc6b97187,,2026-03-12T14:51:00.000Z,2102,"Hugging Face repository downloads in last month; repeated per file, do not sum",32336115,917a52eb9698c6b58e0fbbbe8283cfa7486084213650684084594a21f6640ec3,parquet,,,,,remote metadata only; not downloaded,,,,,,Repository update date does not prove each file was regenerated; card count is not a measured row count.,remote LFS metadata; verified locally for downloaded Parquet and matching CSV
adde023/steam-reviews,part.311.parquet,Hugging Face,https://huggingface.co/datasets/adde023/steam-reviews/blob/d0ec12b33dffb8109b683b2e07780e2fc6b97187/part.311.parquet,adde023,Steam User Reviews API via kieranpoc/steam-reviews on Kaggle,,,CC BY-NC 4.0 (dataset card),2026-10-05,,d0ec12b33dffb8109b683b2e07780e2fc6b97187,,2026-03-12T14:51:00.000Z,2102,"Hugging Face repository downloads in last month; repeated per file, do not sum",35768409,159ab872028edb73344665b9352e6661713b88df78ddf76c2a18330908907238,parquet,,,,,remote metadata only; not downloaded,,,,,,Repository update date does not prove each file was regenerated; card count is not a measured row count.,remote LFS metadata; verified locally for downloaded Parquet and matching CSV
adde023/steam-reviews,part.312.parquet,Hugging Face,https://huggingface.co/datasets/adde023/steam-reviews/blob/d0ec12b33dffb8109b683b2e07780e2fc6b97187/part.312.parquet,adde023,Steam User Reviews API via kieranpoc/steam-reviews on Kaggle,,,CC BY-NC 4.0 (dataset card),2026-10-05,,d0ec12b33dffb8109b683b2e07780e2fc6b97187,,2026-03-12T14:51:00.000Z,2102,"Hugging Face repository downloads in last month; repeated per file, do not sum",32674270,e0efef5c4d37030b4794cbd150029552ffde518b1bc18f22a2df6f629ed276dd,parquet,,,,,remote metadata only; not downloaded,,,,,,Repository update date does not prove each file was regenerated; card count is not a measured row count.,remote LFS metadata; verified locally for downloaded Parquet and matching CSV
adde023/steam-reviews,part.313.parquet,Hugging Face,https://huggingface.co/datasets/adde023/steam-reviews/blob/d0ec12b33dffb8109b683b2e07780e2fc6b97187/part.313.parquet,adde023,Steam User Reviews API via kieranpoc/steam-reviews on Kaggle,,,CC BY-NC 4.0 (dataset card),2026-10-05,,d0ec12b33dffb8109b683b2e07780e2fc6b97187,,2026-03-12T14:51:00.000Z,2102,"Hugging Face repository downloads in last month; repeated per file, do not sum",33272176,8122821edb201572798774a43df1184546c5f921a4458eff11466e64e373cbf2,parquet,,,,,remote metadata only; not downloaded,,,,,,Repository update date does not prove each file was regenerated; card count is not a measured row count.,remote LFS metadata; verified locally for downloaded Parquet and matching CSV
adde023/steam-reviews,part.314.parquet,Hugging Face,https://huggingface.co/datasets/adde023/steam-reviews/blob/d0ec12b33dffb8109b683b2e07780e2fc6b97187/part.314.parquet,adde023,Steam User Reviews API via kieranpoc/steam-reviews on Kaggle,,,CC BY-NC 4.0 (dataset card),2026-10-05,,d0ec12b33dffb8109b683b2e07780e2fc6b97187,,2026-03-12T14:51:00.000Z,2102,"Hugging Face repository downloads in last month; repeated per file, do not sum",36860008,17d7a86db8948a14ba6a0a6133b4b8278ad89ab76e755af71e9654fa64cee7d5,parquet,,,,,remote metadata only; not downloaded,,,,,,Repository update date does not prove each file was regenerated; card count is not a measured row count.,remote LFS metadata; verified locally for downloaded Parquet and matching CSV
adde023/steam-reviews,part.315.parquet,Hugging Face,https://huggingface.co/datasets/adde023/steam-reviews/blob/d0ec12b33dffb8109b683b2e07780e2fc6b97187/part.315.parquet,adde023,Steam User Reviews API via kieranpoc/steam-reviews on Kaggle,,,CC BY-NC 4.0 (dataset card),2026-10-05,,d0ec12b33dffb8109b683b2e07780e2fc6b97187,,2026-03-12T14:51:00.000Z,2102,"Hugging Face repository downloads in last month; repeated per file, do not sum",38283462,e462be4f06b77968b149027c4f715a039754be4a20233ea2550b6c20aea29d15,parquet,,,,,remote metadata only; not downloaded,,,,,,Repository update date does not prove each file was regenerated; card count is not a measured row count.,remote LFS metadata; verified locally for downloaded Parquet and matching CSV
adde023/steam-reviews,part.316.parquet,Hugging Face,https://huggingface.co/datasets/adde023/steam-reviews/blob/d0ec12b33dffb8109b683b2e07780e2fc6b97187/part.316.parquet,adde023,Steam User Reviews API via kieranpoc/steam-reviews on Kaggle,,,CC BY-NC 4.0 (dataset card),2026-10-05,,d0ec12b33dffb8109b683b2e07780e2fc6b97187,,2026-03-12T14:51:00.000Z,2102,"Hugging Face repository downloads in last month; repeated per file, do not sum",36512951,deca3990073e87cf221621c26dd1689a734e0770c91ea9fcd27ae73addc7d270,parquet,,,,,remote metadata only; not downloaded,,,,,,Repository update date does not prove each file was regenerated; card count is not a measured row count.,remote LFS metadata; verified locally for downloaded Parquet and matching CSV
adde023/steam-reviews,part.317.parquet,Hugging Face,https://huggingface.co/datasets/adde023/steam-reviews/blob/d0ec12b33dffb8109b683b2e07780e2fc6b97187/part.317.parquet,adde023,Steam User Reviews API via kieranpoc/steam-reviews on Kaggle,,,CC BY-NC 4.0 (dataset card),2026-10-05,,d0ec12b33dffb8109b683b2e07780e2fc6b97187,,2026-03-12T14:51:00.000Z,2102,"Hugging Face repository downloads in last month; repeated per file, do not sum",38325091,3cc34db22751336ea88098b77f54be3ddb225b4c83a3ae0638baec78173d1a8c,parquet,,,,,remote metadata only; not downloaded,,,,,,Repository update date does not prove each file was regenerated; card count is not a measured row count.,remote LFS metadata; verified locally for downloaded Parquet and matching CSV
adde023/steam-reviews,part.318.parquet,Hugging Face,https://huggingface.co/datasets/adde023/steam-reviews/blob/d0ec12b33dffb8109b683b2e07780e2fc6b97187/part.318.parquet,adde023,Steam User Reviews API via kieranpoc/steam-reviews on Kaggle,,,CC BY-NC 4.0 (dataset card),2026-10-05,,d0ec12b33dffb8109b683b2e07780e2fc6b97187,,2026-03-12T14:51:00.000Z,2102,"Hugging Face repository downloads in last month; repeated per file, do not sum",37837040,b5277b45c49505c3bcaa7e49b62d71770805551c011650f7f6cb6187dfbbc570,parquet,,,,,remote metadata only; not downloaded,,,,,,Repository update date does not prove each file was regenerated; card count is not a measured row count.,remote LFS metadata; verified locally for downloaded Parquet and matching CSV
adde023/steam-reviews,part.319.parquet,Hugging Face,https://huggingface.co/datasets/adde023/steam-reviews/blob/d0ec12b33dffb8109b683b2e07780e2fc6b97187/part.319.parquet,adde023,Steam User Reviews API via kieranpoc/steam-reviews on Kaggle,,,CC BY-NC 4.0 (dataset card),2026-10-05,,d0ec12b33dffb8109b683b2e07780e2fc6b97187,,2026-03-12T14:51:00.000Z,2102,"Hugging Face repository downloads in last month; repeated per file, do not sum",37942911,9277df7fcb5c0a7e0a9e62a723da3ec8442bbeff14d4eee5626301a6ce9bebbf,parquet,,,,,remote metadata only; not downloaded,,,,,,Repository update date does not prove each file was regenerated; card count is not a measured row count.,remote LFS metadata; verified locally for downloaded Parquet and matching CSV
adde023/steam-reviews,part.32.parquet,Hugging Face,https://huggingface.co/datasets/adde023/steam-reviews/blob/d0ec12b33dffb8109b683b2e07780e2fc6b97187/part.32.parquet,adde023,Steam User Reviews API via kieranpoc/steam-reviews on Kaggle,,,CC BY-NC 4.0 (dataset card),2026-10-05,,d0ec12b33dffb8109b683b2e07780e2fc6b97187,,2026-03-12T14:51:00.000Z,2102,"Hugging Face repository downloads in last month; repeated per file, do not sum",38752050,3ee6d8b5d992d9baec07963c6ad936608524fee02fe3a041b5ae69547714322a,parquet,,,,,remote metadata only; not downloaded,,,,,,Repository update date does not prove each file was regenerated; card count is not a measured row count.,remote LFS metadata; verified locally for downloaded Parquet and matching CSV
adde023/steam-reviews,part.320.parquet,Hugging Face,https://huggingface.co/datasets/adde023/steam-reviews/blob/d0ec12b33dffb8109b683b2e07780e2fc6b97187/part.320.parquet,adde023,Steam User Reviews API via kieranpoc/steam-reviews on Kaggle,,,CC BY-NC 4.0 (dataset card),2026-10-05,,d0ec12b33dffb8109b683b2e07780e2fc6b97187,,2026-03-12T14:51:00.000Z,2102,"Hugging Face repository downloads in last month; repeated per file, do not sum",37013356,b88cc91c08a5ca14acc6f1ca9056213a43e0f812ab6b0078ebf9f023ed15db2e,parquet,,,,,remote metadata only; not downloaded,,,,,,Repository update date does not prove each file was regenerated; card count is not a measured row count.,remote LFS metadata; verified locally for downloaded Parquet and matching CSV
adde023/steam-reviews,part.321.parquet,Hugging Face,https://huggingface.co/datasets/adde023/steam-reviews/blob/d0ec12b33dffb8109b683b2e07780e2fc6b97187/part.321.parquet,adde023,Steam User Reviews API via kieranpoc/steam-reviews on Kaggle,,,CC BY-NC 4.0 (dataset card),2026-10-05,,d0ec12b33dffb8109b683b2e07780e2fc6b97187,,2026-03-12T14:51:00.000Z,2102,"Hugging Face repository downloads in last month; repeated per file, do not sum",37934057,7d66017957557375357d7cc23fd8c64ef2f67828c9771b1a300eaceb56eec4a9,parquet,,,,,remote metadata only; not downloaded,,,,,,Repository update date does not prove each file was regenerated; card count is not a measured row count.,remote LFS metadata; verified locally for downloaded Parquet and matching CSV
adde023/steam-reviews,part.322.parquet,Hugging Face,https://huggingface.co/datasets/adde023/steam-reviews/blob/d0ec12b33dffb8109b683b2e07780e2fc6b97187/part.322.parquet,adde023,Steam User Reviews API via kieranpoc/steam-reviews on Kaggle,,,CC BY-NC 4.0 (dataset card),2026-10-05,,d0ec12b33dffb8109b683b2e07780e2fc6b97187,,2026-03-12T14:51:00.000Z,2102,"Hugging Face repository downloads in last month; repeated per file, do not sum",36703830,cc8dffc6b1671e1e6013676a516d3e776bef057461c9722429108fddcd1bb439,parquet,,,,,remote metadata only; not downloaded,,,,,,Repository update date does not prove each file was regenerated; card count is not a measured row count.,remote LFS metadata; verified locally for downloaded Parquet and matching CSV
adde023/steam-reviews,part.323.parquet,Hugging Face,https://huggingface.co/datasets/adde023/steam-reviews/blob/d0ec12b33dffb8109b683b2e07780e2fc6b97187/part.323.parquet,adde023,Steam User Reviews API via kieranpoc/steam-reviews on Kaggle,,,CC BY-NC 4.0 (dataset card),2026-10-05,,d0ec12b33dffb8109b683b2e07780e2fc6b97187,,2026-03-12T14:51:00.000Z,2102,"Hugging Face repository downloads in last month; repeated per file, do not sum",35108198,62ef2c6325d212d6aafbc173ea40386afd6ca492432f7e16a009d04ccb7e0bd8,parquet,,,,,remote metadata only; not downloaded,,,,,,Repository update date does not prove each file was regenerated; card count is not a measured row count.,remote LFS metadata; verified locally for downloaded Parquet and matching CSV
adde023/steam-reviews,part.324.parquet,Hugging Face,https://huggingface.co/datasets/adde023/steam-reviews/blob/d0ec12b33dffb8109b683b2e07780e2fc6b97187/part.324.parquet,adde023,Steam User Reviews API via kieranpoc/steam-reviews on Kaggle,,,CC BY-NC 4.0 (dataset card),2026-10-05,,d0ec12b33dffb8109b683b2e07780e2fc6b97187,,2026-03-12T14:51:00.000Z,2102,"Hugging Face repository downloads in last month; repeated per file, do not sum",34322075,657da29710dadb98ea4ceed417496d0e4a81b96d63e09b9ec0f98b26f66530e6,parquet,,,,,remote metadata only; not downloaded,,,,,,Repository update date does not prove each file was regenerated; card count is not a measured row count.,remote LFS metadata; verified locally for downloaded Parquet and matching CSV
adde023/steam-reviews,part.325.parquet,Hugging Face,https://huggingface.co/datasets/adde023/steam-reviews/blob/d0ec12b33dffb8109b683b2e07780e2fc6b97187/part.325.parquet,adde023,Steam User Reviews API via kieranpoc/steam-reviews on Kaggle,,,CC BY-NC 4.0 (dataset card),2026-10-05,,d0ec12b33dffb8109b683b2e07780e2fc6b97187,,2026-03-12T14:51:00.000Z,2102,"Hugging Face repository downloads in last month; repeated per file, do not sum",32995459,18f7252ebd897ca90104fe1aed400b110824cbf564c5fa5781ff1b66e3d43fa5,parquet,,,,,remote metadata only; not downloaded,,,,,,Repository update date does not prove each file was regenerated; card count is not a measured row count.,remote LFS metadata; verified locally for downloaded Parquet and matching CSV
adde023/steam-reviews,part.326.parquet,Hugging Face,https://huggingface.co/datasets/adde023/steam-reviews/blob/d0ec12b33dffb8109b683b2e07780e2fc6b97187/part.326.parquet,adde023,Steam User Reviews API via kieranpoc/steam-reviews on Kaggle,,,CC BY-NC 4.0 (dataset card),2026-10-05,,d0ec12b33dffb8109b683b2e07780e2fc6b97187,,2026-03-12T14:51:00.000Z,2102,"Hugging Face repository downloads in last month; repeated per file, do not sum",36716594,22f339962e2f98bfb7939d4e3f3c0c09fffabe95bebaa259928a0b07f27c9082,parquet,,,,,remote metadata only; not downloaded,,,,,,Repository update date does not prove each file was regenerated; card count is not a measured row count.,remote LFS metadata; verified locally for downloaded Parquet and matching CSV
adde023/steam-reviews,part.327.parquet,Hugging Face,https://huggingface.co/datasets/adde023/steam-reviews/blob/d0ec12b33dffb8109b683b2e07780e2fc6b97187/part.327.parquet,adde023,Steam User Reviews API via kieranpoc/steam-reviews on Kaggle,,,CC BY-NC 4.0 (dataset card),2026-10-05,,d0ec12b33dffb8109b683b2e07780e2fc6b97187,,2026-03-12T14:51:00.000Z,2102,"Hugging Face repository downloads in last month; repeated per file, do not sum",36995871,b9638acbf6852c742811b57d0a8c8875880db18f2893576471be550bcf1863af,parquet,,,,,remote metadata only; not downloaded,,,,,,Repository update date does not prove each file was regenerated; card count is not a measured row count.,remote LFS metadata; verified locally for downloaded Parquet and matching CSV
adde023/steam-reviews,part.328.parquet,Hugging Face,https://huggingface.co/datasets/adde023/steam-reviews/blob/d0ec12b33dffb8109b683b2e07780e2fc6b97187/part.328.parquet,adde023,Steam User Reviews API via kieranpoc/steam-reviews on Kaggle,,,CC BY-NC 4.0 (dataset card),2026-10-05,,d0ec12b33dffb8109b683b2e07780e2fc6b97187,,2026-03-12T14:51:00.000Z,2102,"Hugging Face repository downloads in last month; repeated per file, do not sum",37025430,60f2175f6a045d23810a933db377b9627dc4ef8de2c2bbba37b5f5184dd321f0,parquet,,,,,remote metadata only; not downloaded,,,,,,Repository update date does not prove each file was regenerated; card count is not a measured row count.,remote LFS metadata; verified locally for downloaded Parquet and matching CSV
adde023/steam-reviews,part.329.parquet,Hugging Face,https://huggingface.co/datasets/adde023/steam-reviews/blob/d0ec12b33dffb8109b683b2e07780e2fc6b97187/part.329.parquet,adde023,Steam User Reviews API via kieranpoc/steam-reviews on Kaggle,,,CC BY-NC 4.0 (dataset card),2026-10-05,,d0ec12b33dffb8109b683b2e07780e2fc6b97187,,2026-03-12T14:51:00.000Z,2102,"Hugging Face repository downloads in last month; repeated per file, do not sum",36929624,53d2f5c35cc626d84e5bdea1537c6b4e333515f9cd85b66f8200dfc82a61aedf,parquet,,,,,remote metadata only; not downloaded,,,,,,Repository update date does not prove each file was regenerated; card count is not a measured row count.,remote LFS metadata; verified locally for downloaded Parquet and matching CSV
adde023/steam-reviews,part.33.parquet,Hugging Face,https://huggingface.co/datasets/adde023/steam-reviews/blob/d0ec12b33dffb8109b683b2e07780e2fc6b97187/part.33.parquet,adde023,Steam User Reviews API via kieranpoc/steam-reviews on Kaggle,,,CC BY-NC 4.0 (dataset card),2026-10-05,,d0ec12b33dffb8109b683b2e07780e2fc6b97187,,2026-03-12T14:51:00.000Z,2102,"Hugging Face repository downloads in last month; repeated per file, do not sum",38633315,6884583e05efae2477f0d34653e418da76567f88980914371e7345a4442351b8,parquet,,,,,remote metadata only; not downloaded,,,,,,Repository update date does not prove each file was regenerated; card count is not a measured row count.,remote LFS metadata; verified locally for downloaded Parquet and matching CSV
adde023/steam-reviews,part.330.parquet,Hugging Face,https://huggingface.co/datasets/adde023/steam-reviews/blob/d0ec12b33dffb8109b683b2e07780e2fc6b97187/part.330.parquet,adde023,Steam User Reviews API via kieranpoc/steam-reviews on Kaggle,,,CC BY-NC 4.0 (dataset card),2026-10-05,,d0ec12b33dffb8109b683b2e07780e2fc6b97187,,2026-03-12T14:51:00.000Z,2102,"Hugging Face repository downloads in last month; repeated per file, do not sum",32880797,24ccaea82ebc5f30c4a90e30b87b970c17d4c4552e4a6abfd6e8684bf7bb37cd,parquet,,,,,remote metadata only; not downloaded,,,,,,Repository update date does not prove each file was regenerated; card count is not a measured row count.,remote LFS metadata; verified locally for downloaded Parquet and matching CSV
adde023/steam-reviews,part.331.parquet,Hugging Face,https://huggingface.co/datasets/adde023/steam-reviews/blob/d0ec12b33dffb8109b683b2e07780e2fc6b97187/part.331.parquet,adde023,Steam User Reviews API via kieranpoc/steam-reviews on Kaggle,,,CC BY-NC 4.0 (dataset card),2026-10-05,,d0ec12b33dffb8109b683b2e07780e2fc6b97187,,2026-03-12T14:51:00.000Z,2102,"Hugging Face repository downloads in last month; repeated per file, do not sum",37482110,cad3908b2f3c13d438f5563a51fe2dec576c6f7e8faff142394784e7bf1e7a00,parquet,,,,,remote metadata only; not downloaded,,,,,,Repository update date does not prove each file was regenerated; card count is not a measured row count.,remote LFS metadata; verified locally for downloaded Parquet and matching CSV
adde023/steam-reviews,part.332.parquet,Hugging Face,https://huggingface.co/datasets/adde023/steam-reviews/blob/d0ec12b33dffb8109b683b2e07780e2fc6b97187/part.332.parquet,adde023,Steam User Reviews API via kieranpoc/steam-reviews on Kaggle,,,CC BY-NC 4.0 (dataset card),2026-10-05,,d0ec12b33dffb8109b683b2e07780e2fc6b97187,,2026-03-12T14:51:00.000Z,2102,"Hugging Face repository downloads in last month; repeated per file, do not sum",36305910,bdf20aa6688dd21e739ba30fa29693cdbf43ff0663d721c78f3c9ad10a31126c,parquet,,,,,remote metadata only; not downloaded,,,,,,Repository update date does not prove each file was regenerated; card count is not a measured row count.,remote LFS metadata; verified locally for downloaded Parquet and matching CSV
adde023/steam-reviews,part.333.parquet,Hugging Face,https://huggingface.co/datasets/adde023/steam-reviews/blob/d0ec12b33dffb8109b683b2e07780e2fc6b97187/part.333.parquet,adde023,Steam User Reviews API via kieranpoc/steam-reviews on Kaggle,,,CC BY-NC 4.0 (dataset card),2026-10-05,,d0ec12b33dffb8109b683b2e07780e2fc6b97187,,2026-03-12T14:51:00.000Z,2102,"Hugging Face repository downloads in last month; repeated per file, do not sum",37390034,6674689c3a1a0ce5f91e3841f310fe794b4bc7e7b863898cde8487a01900e67f,parquet,,,,,remote metadata only; not downloaded,,,,,,Repository update date does not prove each file was regenerated; card count is not a measured row count.,remote LFS metadata; verified locally for downloaded Parquet and matching CSV
adde023/steam-reviews,part.334.parquet,Hugging Face,https://huggingface.co/datasets/adde023/steam-reviews/blob/d0ec12b33dffb8109b683b2e07780e2fc6b97187/part.334.parquet,adde023,Steam User Reviews API via kieranpoc/steam-reviews on Kaggle,,,CC BY-NC 4.0 (dataset card),2026-10-05,,d0ec12b33dffb8109b683b2e07780e2fc6b97187,,2026-03-12T14:51:00.000Z,2102,"Hugging Face repository downloads in last month; repeated per file, do not sum",37834085,51a7c96f3b865e11f1e1258a6f291ef12c7ecdb4ceda8439c5dab2f5b3611cea,parquet,,,,,remote metadata only; not downloaded,,,,,,Repository update date does not prove each file was regenerated; card count is not a measured row count.,remote LFS metadata; verified locally for downloaded Parquet and matching CSV
adde023/steam-reviews,part.335.parquet,Hugging Face,https://huggingface.co/datasets/adde023/steam-reviews/blob/d0ec12b33dffb8109b683b2e07780e2fc6b97187/part.335.parquet,adde023,Steam User Reviews API via kieranpoc/steam-reviews on Kaggle,,,CC BY-NC 4.0 (dataset card),2026-10-05,,d0ec12b33dffb8109b683b2e07780e2fc6b97187,,2026-03-12T14:51:00.000Z,2102,"Hugging Face repository downloads in last month; repeated per file, do not sum",37339504,3790500c1f3f70c5830166426b3de629eb90697a356a4b72408b59a4913cb650,parquet,,,,,remote metadata only; not downloaded,,,,,,Repository update date does not prove each file was regenerated; card count is not a measured row count.,remote LFS metadata; verified locally for downloaded Parquet and matching CSV
adde023/steam-reviews,part.336.parquet,Hugging Face,https://huggingface.co/datasets/adde023/steam-reviews/blob/d0ec12b33dffb8109b683b2e07780e2fc6b97187/part.336.parquet,adde023,Steam User Reviews API via kieranpoc/steam-reviews on Kaggle,,,CC BY-NC 4.0 (dataset card),2026-10-05,,d0ec12b33dffb8109b683b2e07780e2fc6b97187,,2026-03-12T14:51:00.000Z,2102,"Hugging Face repository downloads in last month; repeated per file, do not sum",36940512,b5b901242406d64a950a3c74c0ea44c014b38aaaee62c86e8ac8ef780acf9345,parquet,,,,,remote metadata only; not downloaded,,,,,,Repository update date does not prove each file was regenerated; card count is not a measured row count.,remote LFS metadata; verified locally for downloaded Parquet and matching CSV
adde023/steam-reviews,part.337.parquet,Hugging Face,https://huggingface.co/datasets/adde023/steam-reviews/blob/d0ec12b33dffb8109b683b2e07780e2fc6b97187/part.337.parquet,adde023,Steam User Reviews API via kieranpoc/steam-reviews on Kaggle,,,CC BY-NC 4.0 (dataset card),2026-10-05,,d0ec12b33dffb8109b683b2e07780e2fc6b97187,,2026-03-12T14:51:00.000Z,2102,"Hugging Face repository downloads in last month; repeated per file, do not sum",38000409,bb420c08278dc4095a4f01d5ede48e90e21c00fc440fb3aa2674d9819a3f1754,parquet,,,,,remote metadata only; not downloaded,,,,,,Repository update date does not prove each file was regenerated; card count is not a measured row count.,remote LFS metadata; verified locally for downloaded Parquet and matching CSV
adde023/steam-reviews,part.338.parquet,Hugging Face,https://huggingface.co/datasets/adde023/steam-reviews/blob/d0ec12b33dffb8109b683b2e07780e2fc6b97187/part.338.parquet,adde023,Steam User Reviews API via kieranpoc/steam-reviews on Kaggle,,,CC BY-NC 4.0 (dataset card),2026-10-05,,d0ec12b33dffb8109b683b2e07780e2fc6b97187,,2026-03-12T14:51:00.000Z,2102,"Hugging Face repository downloads in last month; repeated per file, do not sum",33453817,7bb035f1694b44e64ee9440883fe769d8f08875821c253e604ac4ffe16e50ea7,parquet,,,,,remote metadata only; not downloaded,,,,,,Repository update date does not prove each file was regenerated; card count is not a measured row count.,remote LFS metadata; verified locally for downloaded Parquet and matching CSV
adde023/steam-reviews,part.339.parquet,Hugging Face,https://huggingface.co/datasets/adde023/steam-reviews/blob/d0ec12b33dffb8109b683b2e07780e2fc6b97187/part.339.parquet,adde023,Steam User Reviews API via kieranpoc/steam-reviews on Kaggle,,,CC BY-NC 4.0 (dataset card),2026-10-05,,d0ec12b33dffb8109b683b2e07780e2fc6b97187,,2026-03-12T14:51:00.000Z,2102,"Hugging Face repository downloads in last month; repeated per file, do not sum",31320615,949db8e71556dbb05b2eeca86b4d74955b61906fe68b0825632db8ae42c7229a,parquet,,,,,remote metadata only; not downloaded,,,,,,Repository update date does not prove each file was regenerated; card count is not a measured row count.,remote LFS metadata; verified locally for downloaded Parquet and matching CSV
adde023/steam-reviews,part.34.parquet,Hugging Face,https://huggingface.co/datasets/adde023/steam-reviews/blob/d0ec12b33dffb8109b683b2e07780e2fc6b97187/part.34.parquet,adde023,Steam User Reviews API via kieranpoc/steam-reviews on Kaggle,,,CC BY-NC 4.0 (dataset card),2026-10-05,,d0ec12b33dffb8109b683b2e07780e2fc6b97187,,2026-03-12T14:51:00.000Z,2102,"Hugging Face repository downloads in last month; repeated per file, do not sum",37879083,96628da1ae4df6498c417d718204cd1506940f434a6a87be406a8141c9e93009,parquet,,,,,remote metadata only; not downloaded,,,,,,Repository update date does not prove each file was regenerated; card count is not a measured row count.,remote LFS metadata; verified locally for downloaded Parquet and matching CSV
adde023/steam-reviews,part.340.parquet,Hugging Face,https://huggingface.co/datasets/adde023/steam-reviews/blob/d0ec12b33dffb8109b683b2e07780e2fc6b97187/part.340.parquet,adde023,Steam User Reviews API via kieranpoc/steam-reviews on Kaggle,,,CC BY-NC 4.0 (dataset card),2026-10-05,,d0ec12b33dffb8109b683b2e07780e2fc6b97187,,2026-03-12T14:51:00.000Z,2102,"Hugging Face repository downloads in last month; repeated per file, do not sum",31271174,91aa52134d8cb76851a87df43a9cc102d3faed0ba2616e649d82db254c385401,parquet,,,,,remote metadata only; not downloaded,,,,,,Repository update date does not prove each file was regenerated; card count is not a measured row count.,remote LFS metadata; verified locally for downloaded Parquet and matching CSV
adde023/steam-reviews,part.341.parquet,Hugging Face,https://huggingface.co/datasets/adde023/steam-reviews/blob/d0ec12b33dffb8109b683b2e07780e2fc6b97187/part.341.parquet,adde023,Steam User Reviews API via kieranpoc/steam-reviews on Kaggle,,,CC BY-NC 4.0 (dataset card),2026-10-05,,d0ec12b33dffb8109b683b2e07780e2fc6b97187,,2026-03-12T14:51:00.000Z,2102,"Hugging Face repository downloads in last month; repeated per file, do not sum",35354718,3faf0e5231127c034fb41045143580d087124bf2a294b3b05b9504bc38244b73,parquet,,,,,remote metadata only; not downloaded,,,,,,Repository update date does not prove each file was regenerated; card count is not a measured row count.,remote LFS metadata; verified locally for downloaded Parquet and matching CSV
adde023/steam-reviews,part.342.parquet,Hugging Face,https://huggingface.co/datasets/adde023/steam-reviews/blob/d0ec12b33dffb8109b683b2e07780e2fc6b97187/part.342.parquet,adde023,Steam User Reviews API via kieranpoc/steam-reviews on Kaggle,,,CC BY-NC 4.0 (dataset card),2026-10-05,,d0ec12b33dffb8109b683b2e07780e2fc6b97187,,2026-03-12T14:51:00.000Z,2102,"Hugging Face repository downloads in last month; repeated per file, do not sum",37793420,af98e3e9fa5a27705631749b4d3e89f6c46d7f0d488a659bb73111025fa9cebf,parquet,,,,,remote metadata only; not downloaded,,,,,,Repository update date does not prove each file was regenerated; card count is not a measured row count.,remote LFS metadata; verified locally for downloaded Parquet and matching CSV
adde023/steam-reviews,part.343.parquet,Hugging Face,https://huggingface.co/datasets/adde023/steam-reviews/blob/d0ec12b33dffb8109b683b2e07780e2fc6b97187/part.343.parquet,adde023,Steam User Reviews API via kieranpoc/steam-reviews on Kaggle,,,CC BY-NC 4.0 (dataset card),2026-10-05,,d0ec12b33dffb8109b683b2e07780e2fc6b97187,,2026-03-12T14:51:00.000Z,2102,"Hugging Face repository downloads in last month; repeated per file, do not sum",35271040,29af2803551520255c48d69781ba2273ae80c143068b8ed6c4eca14ba56f90f0,parquet,,,,,remote metadata only; not downloaded,,,,,,Repository update date does not prove each file was regenerated; card count is not a measured row count.,remote LFS metadata; verified locally for downloaded Parquet and matching CSV
adde023/steam-reviews,part.344.parquet,Hugging Face,https://huggingface.co/datasets/adde023/steam-reviews/blob/d0ec12b33dffb8109b683b2e07780e2fc6b97187/part.344.parquet,adde023,Steam User Reviews API via kieranpoc/steam-reviews on Kaggle,,,CC BY-NC 4.0 (dataset card),2026-10-05,,d0ec12b33dffb8109b683b2e07780e2fc6b97187,,2026-03-12T14:51:00.000Z,2102,"Hugging Face repository downloads in last month; repeated per file, do not sum",37088412,73c257de4572d022eee40d852f6a48eb74f70fcc0cbff84bd7f27af817490db0,parquet,,,,,remote metadata only; not downloaded,,,,,,Repository update date does not prove each file was regenerated; card count is not a measured row count.,remote LFS metadata; verified locally for downloaded Parquet and matching CSV
adde023/steam-reviews,part.345.parquet,Hugging Face,https://huggingface.co/datasets/adde023/steam-reviews/blob/d0ec12b33dffb8109b683b2e07780e2fc6b97187/part.345.parquet,adde023,Steam User Reviews API via kieranpoc/steam-reviews on Kaggle,,,CC BY-NC 4.0 (dataset card),2026-10-05,,d0ec12b33dffb8109b683b2e07780e2fc6b97187,,2026-03-12T14:51:00.000Z,2102,"Hugging Face repository downloads in last month; repeated per file, do not sum",38222338,b909e50a726171d4a600b5577399f338135364615d697844af488e0fdec4841a,parquet,,,,,remote metadata only; not downloaded,,,,,,Repository update date does not prove each file was regenerated; card count is not a measured row count.,remote LFS metadata; verified locally for downloaded Parquet and matching CSV
adde023/steam-reviews,part.346.parquet,Hugging Face,https://huggingface.co/datasets/adde023/steam-reviews/blob/d0ec12b33dffb8109b683b2e07780e2fc6b97187/part.346.parquet,adde023,Steam User Reviews API via kieranpoc/steam-reviews on Kaggle,,,CC BY-NC 4.0 (dataset card),2026-10-05,,d0ec12b33dffb8109b683b2e07780e2fc6b97187,,2026-03-12T14:51:00.000Z,2102,"Hugging Face repository downloads in last month; repeated per file, do not sum",35183556,9db1e1e99a71356671da5676b09f28cb080caeb3c310a15b6ed0cc05ff40b0d9,parquet,,,,,remote metadata only; not downloaded,,,,,,Repository update date does not prove each file was regenerated; card count is not a measured row count.,remote LFS metadata; verified locally for downloaded Parquet and matching CSV
adde023/steam-reviews,part.347.parquet,Hugging Face,https://huggingface.co/datasets/adde023/steam-reviews/blob/d0ec12b33dffb8109b683b2e07780e2fc6b97187/part.347.parquet,adde023,Steam User Reviews API via kieranpoc/steam-reviews on Kaggle,,,CC BY-NC 4.0 (dataset card),2026-10-05,,d0ec12b33dffb8109b683b2e07780e2fc6b97187,,2026-03-12T14:51:00.000Z,2102,"Hugging Face repository downloads in last month; repeated per file, do not sum",37123096,19c3698f2c005e192b5837f25eff4c055c81007c980756fd05fbac30748b0dd0,parquet,,,,,remote metadata only; not downloaded,,,,,,Repository update date does not prove each file was regenerated; card count is not a measured row count.,remote LFS metadata; verified locally for downloaded Parquet and matching CSV
adde023/steam-reviews,part.348.parquet,Hugging Face,https://huggingface.co/datasets/adde023/steam-reviews/blob/d0ec12b33dffb8109b683b2e07780e2fc6b97187/part.348.parquet,adde023,Steam User Reviews API via kieranpoc/steam-reviews on Kaggle,,,CC BY-NC 4.0 (dataset card),2026-10-05,,d0ec12b33dffb8109b683b2e07780e2fc6b97187,,2026-03-12T14:51:00.000Z,2102,"Hugging Face repository downloads in last month; repeated per file, do not sum",35914739,87002df841d7cf1f66947cc500677b5759c8ab7162056f60362a8caa3a8b8103,parquet,,,,,remote metadata only; not downloaded,,,,,,Repository update date does not prove each file was regenerated; card count is not a measured row count.,remote LFS metadata; verified locally for downloaded Parquet and matching CSV
adde023/steam-reviews,part.349.parquet,Hugging Face,https://huggingface.co/datasets/adde023/steam-reviews/blob/d0ec12b33dffb8109b683b2e07780e2fc6b97187/part.349.parquet,adde023,Steam User Reviews API via kieranpoc/steam-reviews on Kaggle,,,CC BY-NC 4.0 (dataset card),2026-10-05,,d0ec12b33dffb8109b683b2e07780e2fc6b97187,,2026-03-12T14:51:00.000Z,2102,"Hugging Face repository downloads in last month; repeated per file, do not sum",36056977,db5491c1f26a1972a1cdac42263c13463d336fc1ac57b626df0eb0134a2edd53,parquet,,,,,remote metadata only; not downloaded,,,,,,Repository update date does not prove each file was regenerated; card count is not a measured row count.,remote LFS metadata; verified locally for downloaded Parquet and matching CSV
adde023/steam-reviews,part.35.parquet,Hugging Face,https://huggingface.co/datasets/adde023/steam-reviews/blob/d0ec12b33dffb8109b683b2e07780e2fc6b97187/part.35.parquet,adde023,Steam User Reviews API via kieranpoc/steam-reviews on Kaggle,,,CC BY-NC 4.0 (dataset card),2026-10-05,,d0ec12b33dffb8109b683b2e07780e2fc6b97187,,2026-03-12T14:51:00.000Z,2102,"Hugging Face repository downloads in last month; repeated per file, do not sum",35808905,09e8448d1782428ef47214eb0b1a636cafb5e03d5eeff87152057e43bbb009b4,parquet,,,,,remote metadata only; not downloaded,,,,,,Repository update date does not prove each file was regenerated; card count is not a measured row count.,remote LFS metadata; verified locally for downloaded Parquet and matching CSV
adde023/steam-reviews,part.350.parquet,Hugging Face,https://huggingface.co/datasets/adde023/steam-reviews/blob/d0ec12b33dffb8109b683b2e07780e2fc6b97187/part.350.parquet,adde023,Steam User Reviews API via kieranpoc/steam-reviews on Kaggle,,,CC BY-NC 4.0 (dataset card),2026-10-05,,d0ec12b33dffb8109b683b2e07780e2fc6b97187,,2026-03-12T14:51:00.000Z,2102,"Hugging Face repository downloads in last month; repeated per file, do not sum",37804615,938c90c2ac1ed8a7d4d9a9dc37e9931a4957ab740e33200b22653e9e29a74c35,parquet,,,,,remote metadata only; not downloaded,,,,,,Repository update date does not prove each file was regenerated; card count is not a measured row count.,remote LFS metadata; verified locally for downloaded Parquet and matching CSV
adde023/steam-reviews,part.351.parquet,Hugging Face,https://huggingface.co/datasets/adde023/steam-reviews/blob/d0ec12b33dffb8109b683b2e07780e2fc6b97187/part.351.parquet,adde023,Steam User Reviews API via kieranpoc/steam-reviews on Kaggle,,,CC BY-NC 4.0 (dataset card),2026-10-05,,d0ec12b33dffb8109b683b2e07780e2fc6b97187,,2026-03-12T14:51:00.000Z,2102,"Hugging Face repository downloads in last month; repeated per file, do not sum",37381503,94977df749a2435219e91dc704e1cca8f9ced2cc9de0bf51d28a852f859d34e9,parquet,,,,,remote metadata only; not downloaded,,,,,,Repository update date does not prove each file was regenerated; card count is not a measured row count.,remote LFS metadata; verified locally for downloaded Parquet and matching CSV
adde023/steam-reviews,part.352.parquet,Hugging Face,https://huggingface.co/datasets/adde023/steam-reviews/blob/d0ec12b33dffb8109b683b2e07780e2fc6b97187/part.352.parquet,adde023,Steam User Reviews API via kieranpoc/steam-reviews on Kaggle,,,CC BY-NC 4.0 (dataset card),2026-10-05,,d0ec12b33dffb8109b683b2e07780e2fc6b97187,,2026-03-12T14:51:00.000Z,2102,"Hugging Face repository downloads in last month; repeated per file, do not sum",36947175,01f58c9c2b3b0d6a2ebb2d93ca2a803042a682c2ae07f75be7fdc24a446bf257,parquet,,,,,remote metadata only; not downloaded,,,,,,Repository update date does not prove each file was regenerated; card count is not a measured row count.,remote LFS metadata; verified locally for downloaded Parquet and matching CSV
adde023/steam-reviews,part.353.parquet,Hugging Face,https://huggingface.co/datasets/adde023/steam-reviews/blob/d0ec12b33dffb8109b683b2e07780e2fc6b97187/part.353.parquet,adde023,Steam User Reviews API via kieranpoc/steam-reviews on Kaggle,,,CC BY-NC 4.0 (dataset card),2026-10-05,,d0ec12b33dffb8109b683b2e07780e2fc6b97187,,2026-03-12T14:51:00.000Z,2102,"Hugging Face repository downloads in last month; repeated per file, do not sum",36940978,ecc63cd6c740e4d7e71b10db84b0936ae5b4b5f067d333812b7b103fcceca57d,parquet,,,,,remote metadata only; not downloaded,,,,,,Repository update date does not prove each file was regenerated; card count is not a measured row count.,remote LFS metadata; verified locally for downloaded Parquet and matching CSV
adde023/steam-reviews,part.354.parquet,Hugging Face,https://huggingface.co/datasets/adde023/steam-reviews/blob/d0ec12b33dffb8109b683b2e07780e2fc6b97187/part.354.parquet,adde023,Steam User Reviews API via kieranpoc/steam-reviews on Kaggle,,,CC BY-NC 4.0 (dataset card),2026-10-05,,d0ec12b33dffb8109b683b2e07780e2fc6b97187,,2026-03-12T14:51:00.000Z,2102,"Hugging Face repository downloads in last month; repeated per file, do not sum",37765474,c48a3c00457adaafccc939fb17aad04a31d3e1976534ea331b922f0c5a77f9a7,parquet,,,,,remote metadata only; not downloaded,,,,,,Repository update date does not prove each file was regenerated; card count is not a measured row count.,remote LFS metadata; verified locally for downloaded Parquet and matching CSV
adde023/steam-reviews,part.355.parquet,Hugging Face,https://huggingface.co/datasets/adde023/steam-reviews/blob/d0ec12b33dffb8109b683b2e07780e2fc6b97187/part.355.parquet,adde023,Steam User Reviews API via kieranpoc/steam-reviews on Kaggle,,,CC BY-NC 4.0 (dataset card),2026-10-05,,d0ec12b33dffb8109b683b2e07780e2fc6b97187,,2026-03-12T14:51:00.000Z,2102,"Hugging Face repository downloads in last month; repeated per file, do not sum",31213413,6198d5285d968515f52285225eaa4020a34470dbd8741462f1939610119c7f10,parquet,,,,,remote metadata only; not downloaded,,,,,,Repository update date does not prove each file was regenerated; card count is not a measured row count.,remote LFS metadata; verified locally for downloaded Parquet and matching CSV
adde023/steam-reviews,part.356.parquet,Hugging Face,https://huggingface.co/datasets/adde023/steam-reviews/blob/d0ec12b33dffb8109b683b2e07780e2fc6b97187/part.356.parquet,adde023,Steam User Reviews API via kieranpoc/steam-reviews on Kaggle,,,CC BY-NC 4.0 (dataset card),2026-10-05,,d0ec12b33dffb8109b683b2e07780e2fc6b97187,,2026-03-12T14:51:00.000Z,2102,"Hugging Face repository downloads in last month; repeated per file, do not sum",32930029,a65560a859f1ba95bbec47908d65b634b661282f1b97e0e44fce70130b18954b,parquet,,,,,remote metadata only; not downloaded,,,,,,Repository update date does not prove each file was regenerated; card count is not a measured row count.,remote LFS metadata; verified locally for downloaded Parquet and matching CSV
adde023/steam-reviews,part.357.parquet,Hugging Face,https://huggingface.co/datasets/adde023/steam-reviews/blob/d0ec12b33dffb8109b683b2e07780e2fc6b97187/part.357.parquet,adde023,Steam User Reviews API via kieranpoc/steam-reviews on Kaggle,,,CC BY-NC 4.0 (dataset card),2026-10-05,,d0ec12b33dffb8109b683b2e07780e2fc6b97187,,2026-03-12T14:51:00.000Z,2102,"Hugging Face repository downloads in last month; repeated per file, do not sum",37969782,a096a45505b571a29103c0814fe94506b7f2968c54a2495ed9b563ac5e063f43,parquet,,,,,remote metadata only; not downloaded,,,,,,Repository update date does not prove each file was regenerated; card count is not a measured row count.,remote LFS metadata; verified locally for downloaded Parquet and matching CSV
adde023/steam-reviews,part.358.parquet,Hugging Face,https://huggingface.co/datasets/adde023/steam-reviews/blob/d0ec12b33dffb8109b683b2e07780e2fc6b97187/part.358.parquet,adde023,Steam User Reviews API via kieranpoc/steam-reviews on Kaggle,,,CC BY-NC 4.0 (dataset card),2026-10-05,,d0ec12b33dffb8109b683b2e07780e2fc6b97187,,2026-03-12T14:51:00.000Z,2102,"Hugging Face repository downloads in last month; repeated per file, do not sum",32426631,d260234fb54f5780500d9961d2ce6cccf7faab5752d55716c4c46776d4216bf2,parquet,,,,,remote metadata only; not downloaded,,,,,,Repository update date does not prove each file was regenerated; card count is not a measured row count.,remote LFS metadata; verified locally for downloaded Parquet and matching CSV
adde023/steam-reviews,part.359.parquet,Hugging Face,https://huggingface.co/datasets/adde023/steam-reviews/blob/d0ec12b33dffb8109b683b2e07780e2fc6b97187/part.359.parquet,adde023,Steam User Reviews API via kieranpoc/steam-reviews on Kaggle,,,CC BY-NC 4.0 (dataset card),2026-10-05,,d0ec12b33dffb8109b683b2e07780e2fc6b97187,,2026-03-12T14:51:00.000Z,2102,"Hugging Face repository downloads in last month; repeated per file, do not sum",34606754,71b8693596147d17a08fb1bea809a9ff3dcbee42c67a98382ed98675f3800411,parquet,,,,,remote metadata only; not downloaded,,,,,,Repository update date does not prove each file was regenerated; card count is not a measured row count.,remote LFS metadata; verified locally for downloaded Parquet and matching CSV
adde023/steam-reviews,part.36.parquet,Hugging Face,https://huggingface.co/datasets/adde023/steam-reviews/blob/d0ec12b33dffb8109b683b2e07780e2fc6b97187/part.36.parquet,adde023,Steam User Reviews API via kieranpoc/steam-reviews on Kaggle,,,CC BY-NC 4.0 (dataset card),2026-10-05,,d0ec12b33dffb8109b683b2e07780e2fc6b97187,,2026-03-12T14:51:00.000Z,2102,"Hugging Face repository downloads in last month; repeated per file, do not sum",34508569,0e42af67da71aa3fa510835832a6dc23d3a1770fcb52b62390962845597ac5ae,parquet,,,,,remote metadata only; not downloaded,,,,,,Repository update date does not prove each file was regenerated; card count is not a measured row count.,remote LFS metadata; verified locally for downloaded Parquet and matching CSV
adde023/steam-reviews,part.360.parquet,Hugging Face,https://huggingface.co/datasets/adde023/steam-reviews/blob/d0ec12b33dffb8109b683b2e07780e2fc6b97187/part.360.parquet,adde023,Steam User Reviews API via kieranpoc/steam-reviews on Kaggle,,,CC BY-NC 4.0 (dataset card),2026-10-05,,d0ec12b33dffb8109b683b2e07780e2fc6b97187,,2026-03-12T14:51:00.000Z,2102,"Hugging Face repository downloads in last month; repeated per file, do not sum",37182062,6fe8d2499239a93e04bb442a9a961f81e47fbf20d9f9881b1fbaefbfd0c868ec,parquet,,,,,remote metadata only; not downloaded,,,,,,Repository update date does not prove each file was regenerated; card count is not a measured row count.,remote LFS metadata; verified locally for downloaded Parquet and matching CSV
adde023/steam-reviews,part.361.parquet,Hugging Face,https://huggingface.co/datasets/adde023/steam-reviews/blob/d0ec12b33dffb8109b683b2e07780e2fc6b97187/part.361.parquet,adde023,Steam User Reviews API via kieranpoc/steam-reviews on Kaggle,,,CC BY-NC 4.0 (dataset card),2026-10-05,,d0ec12b33dffb8109b683b2e07780e2fc6b97187,,2026-03-12T14:51:00.000Z,2102,"Hugging Face repository downloads in last month; repeated per file, do not sum",32466888,9ed5fa63d7f9c2775b75ffa0559eb8f6c872c446c4a265bb41d68c6b83ff2fd5,parquet,,,,,remote metadata only; not downloaded,,,,,,Repository update date does not prove each file was regenerated; card count is not a measured row count.,remote LFS metadata; verified locally for downloaded Parquet and matching CSV
adde023/steam-reviews,part.362.parquet,Hugging Face,https://huggingface.co/datasets/adde023/steam-reviews/blob/d0ec12b33dffb8109b683b2e07780e2fc6b97187/part.362.parquet,adde023,Steam User Reviews API via kieranpoc/steam-reviews on Kaggle,,,CC BY-NC 4.0 (dataset card),2026-10-05,,d0ec12b33dffb8109b683b2e07780e2fc6b97187,,2026-03-12T14:51:00.000Z,2102,"Hugging Face repository downloads in last month; repeated per file, do not sum",36746217,7d8640395146643e4cf9bf113109f638e34805a1470841d6fe4f1e4269018f75,parquet,,,,,remote metadata only; not downloaded,,,,,,Repository update date does not prove each file was regenerated; card count is not a measured row count.,remote LFS metadata; verified locally for downloaded Parquet and matching CSV
adde023/steam-reviews,part.363.parquet,Hugging Face,https://huggingface.co/datasets/adde023/steam-reviews/blob/d0ec12b33dffb8109b683b2e07780e2fc6b97187/part.363.parquet,adde023,Steam User Reviews API via kieranpoc/steam-reviews on Kaggle,,,CC BY-NC 4.0 (dataset card),2026-10-05,,d0ec12b33dffb8109b683b2e07780e2fc6b97187,,2026-03-12T14:51:00.000Z,2102,"Hugging Face repository downloads in last month; repeated per file, do not sum",36962132,3d6e65160d0f6a1d23370f3c8fe2301519be6b1e6e6f68b17cf91a5d493229b0,parquet,,,,,remote metadata only; not downloaded,,,,,,Repository update date does not prove each file was regenerated; card count is not a measured row count.,remote LFS metadata; verified locally for downloaded Parquet and matching CSV
adde023/steam-reviews,part.364.parquet,Hugging Face,https://huggingface.co/datasets/adde023/steam-reviews/blob/d0ec12b33dffb8109b683b2e07780e2fc6b97187/part.364.parquet,adde023,Steam User Reviews API via kieranpoc/steam-reviews on Kaggle,,,CC BY-NC 4.0 (dataset card),2026-10-05,,d0ec12b33dffb8109b683b2e07780e2fc6b97187,,2026-03-12T14:51:00.000Z,2102,"Hugging Face repository downloads in last month; repeated per file, do not sum",36281265,227dec1f9320828fc3308dac5b1129250d6128a329c0e0ba3b65dc876f115525,parquet,,,,,remote metadata only; not downloaded,,,,,,Repository update date does not prove each file was regenerated; card count is not a measured row count.,remote LFS metadata; verified locally for downloaded Parquet and matching CSV
adde023/steam-reviews,part.365.parquet,Hugging Face,https://huggingface.co/datasets/adde023/steam-reviews/blob/d0ec12b33dffb8109b683b2e07780e2fc6b97187/part.365.parquet,adde023,Steam User Reviews API via kieranpoc/steam-reviews on Kaggle,,,CC BY-NC 4.0 (dataset card),2026-10-05,,d0ec12b33dffb8109b683b2e07780e2fc6b97187,,2026-03-12T14:51:00.000Z,2102,"Hugging Face repository downloads in last month; repeated per file, do not sum",35171143,88609ace3951ab2ad2e3569fe017698e536561cb13ba92c55a57fc0fde9a26a7,parquet,,,,,remote metadata only; not downloaded,,,,,,Repository update date does not prove each file was regenerated; card count is not a measured row count.,remote LFS metadata; verified locally for downloaded Parquet and matching CSV
adde023/steam-reviews,part.366.parquet,Hugging Face,https://huggingface.co/datasets/adde023/steam-reviews/blob/d0ec12b33dffb8109b683b2e07780e2fc6b97187/part.366.parquet,adde023,Steam User Reviews API via kieranpoc/steam-reviews on Kaggle,,,CC BY-NC 4.0 (dataset card),2026-10-05,,d0ec12b33dffb8109b683b2e07780e2fc6b97187,,2026-03-12T14:51:00.000Z,2102,"Hugging Face repository downloads in last month; repeated per file, do not sum",33523088,c57d625c288b002a417d9b3607551d174a5966c69a1fa2484ca951c0fc73003f,parquet,,,,,remote metadata only; not downloaded,,,,,,Repository update date does not prove each file was regenerated; card count is not a measured row count.,remote LFS metadata; verified locally for downloaded Parquet and matching CSV
adde023/steam-reviews,part.367.parquet,Hugging Face,https://huggingface.co/datasets/adde023/steam-reviews/blob/d0ec12b33dffb8109b683b2e07780e2fc6b97187/part.367.parquet,adde023,Steam User Reviews API via kieranpoc/steam-reviews on Kaggle,,,CC BY-NC 4.0 (dataset card),2026-10-05,,d0ec12b33dffb8109b683b2e07780e2fc6b97187,,2026-03-12T14:51:00.000Z,2102,"Hugging Face repository downloads in last month; repeated per file, do not sum",28968086,a9a07c5814338d3527a4ba968f2e9b8468e2c6c7e29dc47b38d1fdec886e688d,parquet,,,,,remote metadata only; not downloaded,,,,,,Repository update date does not prove each file was regenerated; card count is not a measured row count.,remote LFS metadata; verified locally for downloaded Parquet and matching CSV
adde023/steam-reviews,part.368.parquet,Hugging Face,https://huggingface.co/datasets/adde023/steam-reviews/blob/d0ec12b33dffb8109b683b2e07780e2fc6b97187/part.368.parquet,adde023,Steam User Reviews API via kieranpoc/steam-reviews on Kaggle,,,CC BY-NC 4.0 (dataset card),2026-10-05,,d0ec12b33dffb8109b683b2e07780e2fc6b97187,,2026-03-12T14:51:00.000Z,2102,"Hugging Face repository downloads in last month; repeated per file, do not sum",29104504,38b8765bf27852e451f4bbae5e4bea0e1fc7c7bfda410a3a545d5b7eb4665120,parquet,,,,,remote metadata only; not downloaded,,,,,,Repository update date does not prove each file was regenerated; card count is not a measured row count.,remote LFS metadata; verified locally for downloaded Parquet and matching CSV
adde023/steam-reviews,part.369.parquet,Hugging Face,https://huggingface.co/datasets/adde023/steam-reviews/blob/d0ec12b33dffb8109b683b2e07780e2fc6b97187/part.369.parquet,adde023,Steam User Reviews API via kieranpoc/steam-reviews on Kaggle,,,CC BY-NC 4.0 (dataset card),2026-10-05,,d0ec12b33dffb8109b683b2e07780e2fc6b97187,,2026-03-12T14:51:00.000Z,2102,"Hugging Face repository downloads in last month; repeated per file, do not sum",29971191,7d32d745a34db9ff523cd47b9db942955984da17aeb771c1d137aa4625d26b07,parquet,,,,,remote metadata only; not downloaded,,,,,,Repository update date does not prove each file was regenerated; card count is not a measured row count.,remote LFS metadata; verified locally for downloaded Parquet and matching CSV
adde023/steam-reviews,part.37.parquet,Hugging Face,https://huggingface.co/datasets/adde023/steam-reviews/blob/d0ec12b33dffb8109b683b2e07780e2fc6b97187/part.37.parquet,adde023,Steam User Reviews API via kieranpoc/steam-reviews on Kaggle,,,CC BY-NC 4.0 (dataset card),2026-10-05,,d0ec12b33dffb8109b683b2e07780e2fc6b97187,,2026-03-12T14:51:00.000Z,2102,"Hugging Face repository downloads in last month; repeated per file, do not sum",31000900,d7dbdd4e69cad04ec430a39f4d94667301cfb3a3fc26af3f859a02ecb9ef15ce,parquet,,,,,remote metadata only; not downloaded,,,,,,Repository update date does not prove each file was regenerated; card count is not a measured row count.,remote LFS metadata; verified locally for downloaded Parquet and matching CSV
adde023/steam-reviews,part.370.parquet,Hugging Face,https://huggingface.co/datasets/adde023/steam-reviews/blob/d0ec12b33dffb8109b683b2e07780e2fc6b97187/part.370.parquet,adde023,Steam User Reviews API via kieranpoc/steam-reviews on Kaggle,,,CC BY-NC 4.0 (dataset card),2026-10-05,,d0ec12b33dffb8109b683b2e07780e2fc6b97187,,2026-03-12T14:51:00.000Z,2102,"Hugging Face repository downloads in last month; repeated per file, do not sum",34822131,5c3363e4641796136564020e9f2ef35c3888fca164faccc5e71d517fb498f361,parquet,,,,,remote metadata only; not downloaded,,,,,,Repository update date does not prove each file was regenerated; card count is not a measured row count.,remote LFS metadata; verified locally for downloaded Parquet and matching CSV
adde023/steam-reviews,part.371.parquet,Hugging Face,https://huggingface.co/datasets/adde023/steam-reviews/blob/d0ec12b33dffb8109b683b2e07780e2fc6b97187/part.371.parquet,adde023,Steam User Reviews API via kieranpoc/steam-reviews on Kaggle,,,CC BY-NC 4.0 (dataset card),2026-10-05,,d0ec12b33dffb8109b683b2e07780e2fc6b97187,,2026-03-12T14:51:00.000Z,2102,"Hugging Face repository downloads in last month; repeated per file, do not sum",37528776,af9738cf1138f811ef4bbc5347d6559cd7eda21f3b11e79e6893809d6b4d9690,parquet,,,,,remote metadata only; not downloaded,,,,,,Repository update date does not prove each file was regenerated; card count is not a measured row count.,remote LFS metadata; verified locally for downloaded Parquet and matching CSV
adde023/steam-reviews,part.372.parquet,Hugging Face,https://huggingface.co/datasets/adde023/steam-reviews/blob/d0ec12b33dffb8109b683b2e07780e2fc6b97187/part.372.parquet,adde023,Steam User Reviews API via kieranpoc/steam-reviews on Kaggle,,,CC BY-NC 4.0 (dataset card),2026-10-05,,d0ec12b33dffb8109b683b2e07780e2fc6b97187,,2026-03-12T14:51:00.000Z,2102,"Hugging Face repository downloads in last month; repeated per file, do not sum",38056959,5aa23954b766aadd05261c20f06542ed57845c4b7d6e6c4abd0a642dee25daf6,parquet,,,,,remote metadata only; not downloaded,,,,,,Repository update date does not prove each file was regenerated; card count is not a measured row count.,remote LFS metadata; verified locally for downloaded Parquet and matching CSV
adde023/steam-reviews,part.373.parquet,Hugging Face,https://huggingface.co/datasets/adde023/steam-reviews/blob/d0ec12b33dffb8109b683b2e07780e2fc6b97187/part.373.parquet,adde023,Steam User Reviews API via kieranpoc/steam-reviews on Kaggle,,,CC BY-NC 4.0 (dataset card),2026-10-05,,d0ec12b33dffb8109b683b2e07780e2fc6b97187,,2026-03-12T14:51:00.000Z,2102,"Hugging Face repository downloads in last month; repeated per file, do not sum",37397264,b340290cab8f2453263ca5a32bce1538afd495e83182719d645a6cdc458cc507,parquet,,,,,remote metadata only; not downloaded,,,,,,Repository update date does not prove each file was regenerated; card count is not a measured row count.,remote LFS metadata; verified locally for downloaded Parquet and matching CSV
adde023/steam-reviews,part.374.parquet,Hugging Face,https://huggingface.co/datasets/adde023/steam-reviews/blob/d0ec12b33dffb8109b683b2e07780e2fc6b97187/part.374.parquet,adde023,Steam User Reviews API via kieranpoc/steam-reviews on Kaggle,,,CC BY-NC 4.0 (dataset card),2026-10-05,,d0ec12b33dffb8109b683b2e07780e2fc6b97187,,2026-03-12T14:51:00.000Z,2102,"Hugging Face repository downloads in last month; repeated per file, do not sum",37695303,46ca43ea3299f8406c41875b1eb1e74d17767d6cff9797d3cae391567b1df3b1,parquet,,,,,remote metadata only; not downloaded,,,,,,Repository update date does not prove each file was regenerated; card count is not a measured row count.,remote LFS metadata; verified locally for downloaded Parquet and matching CSV
adde023/steam-reviews,part.375.parquet,Hugging Face,https://huggingface.co/datasets/adde023/steam-reviews/blob/d0ec12b33dffb8109b683b2e07780e2fc6b97187/part.375.parquet,adde023,Steam User Reviews API via kieranpoc/steam-reviews on Kaggle,,,CC BY-NC 4.0 (dataset card),2026-10-05,,d0ec12b33dffb8109b683b2e07780e2fc6b97187,,2026-03-12T14:51:00.000Z,2102,"Hugging Face repository downloads in last month; repeated per file, do not sum",36938316,f461870c9f6c7739e6277773e90400fe2edd44ada0c3ae39d6436187fe2dc6cb,parquet,,,,,remote metadata only; not downloaded,,,,,,Repository update date does not prove each file was regenerated; card count is not a measured row count.,remote LFS metadata; verified locally for downloaded Parquet and matching CSV
adde023/steam-reviews,part.376.parquet,Hugging Face,https://huggingface.co/datasets/adde023/steam-reviews/blob/d0ec12b33dffb8109b683b2e07780e2fc6b97187/part.376.parquet,adde023,Steam User Reviews API via kieranpoc/steam-reviews on Kaggle,,,CC BY-NC 4.0 (dataset card),2026-10-05,,d0ec12b33dffb8109b683b2e07780e2fc6b97187,,2026-03-12T14:51:00.000Z,2102,"Hugging Face repository downloads in last month; repeated per file, do not sum",38264982,cc298cd4367816152a7852edf0667ed4fb3b3f3f63f320804273120be1067778,parquet,,,,,remote metadata only; not downloaded,,,,,,Repository update date does not prove each file was regenerated; card count is not a measured row count.,remote LFS metadata; verified locally for downloaded Parquet and matching CSV
adde023/steam-reviews,part.377.parquet,Hugging Face,https://huggingface.co/datasets/adde023/steam-reviews/blob/d0ec12b33dffb8109b683b2e07780e2fc6b97187/part.377.parquet,adde023,Steam User Reviews API via kieranpoc/steam-reviews on Kaggle,,,CC BY-NC 4.0 (dataset card),2026-10-05,,d0ec12b33dffb8109b683b2e07780e2fc6b97187,,2026-03-12T14:51:00.000Z,2102,"Hugging Face repository downloads in last month; repeated per file, do not sum",37182334,09bead05eb3dcb38ad3e1fc62be737905beb86ecedb539e617bf78f39fa50d82,parquet,,,,,remote metadata only; not downloaded,,,,,,Repository update date does not prove each file was regenerated; card count is not a measured row count.,remote LFS metadata; verified locally for downloaded Parquet and matching CSV
adde023/steam-reviews,part.378.parquet,Hugging Face,https://huggingface.co/datasets/adde023/steam-reviews/blob/d0ec12b33dffb8109b683b2e07780e2fc6b97187/part.378.parquet,adde023,Steam User Reviews API via kieranpoc/steam-reviews on Kaggle,,,CC BY-NC 4.0 (dataset card),2026-10-05,,d0ec12b33dffb8109b683b2e07780e2fc6b97187,,2026-03-12T14:51:00.000Z,2102,"Hugging Face repository downloads in last month; repeated per file, do not sum",34089873,aa7d3c543a3075a1ee6dbb95e80b62101cbc2b7a2c5622052bbbb7cc4b1a536b,parquet,,,,,remote metadata only; not downloaded,,,,,,Repository update date does not prove each file was regenerated; card count is not a measured row count.,remote LFS metadata; verified locally for downloaded Parquet and matching CSV
adde023/steam-reviews,part.379.parquet,Hugging Face,https://huggingface.co/datasets/adde023/steam-reviews/blob/d0ec12b33dffb8109b683b2e07780e2fc6b97187/part.379.parquet,adde023,Steam User Reviews API via kieranpoc/steam-reviews on Kaggle,,,CC BY-NC 4.0 (dataset card),2026-10-05,,d0ec12b33dffb8109b683b2e07780e2fc6b97187,,2026-03-12T14:51:00.000Z,2102,"Hugging Face repository downloads in last month; repeated per file, do not sum",37687797,872af8f181bd49654aab698cf3f0ffe03c4344167f61c31877fc6237d5c788bb,parquet,,,,,remote metadata only; not downloaded,,,,,,Repository update date does not prove each file was regenerated; card count is not a measured row count.,remote LFS metadata; verified locally for downloaded Parquet and matching CSV
adde023/steam-reviews,part.38.parquet,Hugging Face,https://huggingface.co/datasets/adde023/steam-reviews/blob/d0ec12b33dffb8109b683b2e07780e2fc6b97187/part.38.parquet,adde023,Steam User Reviews API via kieranpoc/steam-reviews on Kaggle,,,CC BY-NC 4.0 (dataset card),2026-10-05,,d0ec12b33dffb8109b683b2e07780e2fc6b97187,,2026-03-12T14:51:00.000Z,2102,"Hugging Face repository downloads in last month; repeated per file, do not sum",36411165,c71e742bba534795b8577f63dce275001d78bc95d7c4e0765a8d33c2494d4b2a,parquet,,,,,remote metadata only; not downloaded,,,,,,Repository update date does not prove each file was regenerated; card count is not a measured row count.,remote LFS metadata; verified locally for downloaded Parquet and matching CSV
adde023/steam-reviews,part.380.parquet,Hugging Face,https://huggingface.co/datasets/adde023/steam-reviews/blob/d0ec12b33dffb8109b683b2e07780e2fc6b97187/part.380.parquet,adde023,Steam User Reviews API via kieranpoc/steam-reviews on Kaggle,,,CC BY-NC 4.0 (dataset card),2026-10-05,,d0ec12b33dffb8109b683b2e07780e2fc6b97187,,2026-03-12T14:51:00.000Z,2102,"Hugging Face repository downloads in last month; repeated per file, do not sum",38504938,b982cb2e12ceac5b07929d5f81ea87013d3d6480ccb7a86e833d57af48e68c59,parquet,,,,,remote metadata only; not downloaded,,,,,,Repository update date does not prove each file was regenerated; card count is not a measured row count.,remote LFS metadata; verified locally for downloaded Parquet and matching CSV
adde023/steam-reviews,part.381.parquet,Hugging Face,https://huggingface.co/datasets/adde023/steam-reviews/blob/d0ec12b33dffb8109b683b2e07780e2fc6b97187/part.381.parquet,adde023,Steam User Reviews API via kieranpoc/steam-reviews on Kaggle,,,CC BY-NC 4.0 (dataset card),2026-10-05,,d0ec12b33dffb8109b683b2e07780e2fc6b97187,,2026-03-12T14:51:00.000Z,2102,"Hugging Face repository downloads in last month; repeated per file, do not sum",38129249,70cbf960937a5de57a368846a75f04885b781ca00cfe4e21feef714e3c2e8462,parquet,,,,,remote metadata only; not downloaded,,,,,,Repository update date does not prove each file was regenerated; card count is not a measured row count.,remote LFS metadata; verified locally for downloaded Parquet and matching CSV
adde023/steam-reviews,part.382.parquet,Hugging Face,https://huggingface.co/datasets/adde023/steam-reviews/blob/d0ec12b33dffb8109b683b2e07780e2fc6b97187/part.382.parquet,adde023,Steam User Reviews API via kieranpoc/steam-reviews on Kaggle,,,CC BY-NC 4.0 (dataset card),2026-10-05,,d0ec12b33dffb8109b683b2e07780e2fc6b97187,,2026-03-12T14:51:00.000Z,2102,"Hugging Face repository downloads in last month; repeated per file, do not sum",37933596,742e5e86aa1f4053e5c38520017f1e32da2067df66fcb148a37c87304bf5037a,parquet,,,,,remote metadata only; not downloaded,,,,,,Repository update date does not prove each file was regenerated; card count is not a measured row count.,remote LFS metadata; verified locally for downloaded Parquet and matching CSV
adde023/steam-reviews,part.383.parquet,Hugging Face,https://huggingface.co/datasets/adde023/steam-reviews/blob/d0ec12b33dffb8109b683b2e07780e2fc6b97187/part.383.parquet,adde023,Steam User Reviews API via kieranpoc/steam-reviews on Kaggle,,,CC BY-NC 4.0 (dataset card),2026-10-05,,d0ec12b33dffb8109b683b2e07780e2fc6b97187,,2026-03-12T14:51:00.000Z,2102,"Hugging Face repository downloads in last month; repeated per file, do not sum",37025622,f1935f122ab7224c16dbd15216a635e9f4438562ff256a1d4c3dd75a05731a6b,parquet,,,,,remote metadata only; not downloaded,,,,,,Repository update date does not prove each file was regenerated; card count is not a measured row count.,remote LFS metadata; verified locally for downloaded Parquet and matching CSV
adde023/steam-reviews,part.384.parquet,Hugging Face,https://huggingface.co/datasets/adde023/steam-reviews/blob/d0ec12b33dffb8109b683b2e07780e2fc6b97187/part.384.parquet,adde023,Steam User Reviews API via kieranpoc/steam-reviews on Kaggle,,,CC BY-NC 4.0 (dataset card),2026-10-05,,d0ec12b33dffb8109b683b2e07780e2fc6b97187,,2026-03-12T14:51:00.000Z,2102,"Hugging Face repository downloads in last month; repeated per file, do not sum",36454498,6096c2c1b13ab0bf0a1b1d4240779346aa1bf9ac49f9f59ee6601169bb4c120a,parquet,,,,,remote metadata only; not downloaded,,,,,,Repository update date does not prove each file was regenerated; card count is not a measured row count.,remote LFS metadata; verified locally for downloaded Parquet and matching CSV
adde023/steam-reviews,part.385.parquet,Hugging Face,https://huggingface.co/datasets/adde023/steam-reviews/blob/d0ec12b33dffb8109b683b2e07780e2fc6b97187/part.385.parquet,adde023,Steam User Reviews API via kieranpoc/steam-reviews on Kaggle,,,CC BY-NC 4.0 (dataset card),2026-10-05,,d0ec12b33dffb8109b683b2e07780e2fc6b97187,,2026-03-12T14:51:00.000Z,2102,"Hugging Face repository downloads in last month; repeated per file, do not sum",38778630,29573c749a55f3bdc6996ace1b414cd1fc1c5060d77b877bb26380fd46ba2864,parquet,,,,,remote metadata only; not downloaded,,,,,,Repository update date does not prove each file was regenerated; card count is not a measured row count.,remote LFS metadata; verified locally for downloaded Parquet and matching CSV
adde023/steam-reviews,part.386.parquet,Hugging Face,https://huggingface.co/datasets/adde023/steam-reviews/blob/d0ec12b33dffb8109b683b2e07780e2fc6b97187/part.386.parquet,adde023,Steam User Reviews API via kieranpoc/steam-reviews on Kaggle,,,CC BY-NC 4.0 (dataset card),2026-10-05,,d0ec12b33dffb8109b683b2e07780e2fc6b97187,,2026-03-12T14:51:00.000Z,2102,"Hugging Face repository downloads in last month; repeated per file, do not sum",38146911,56a6e8a38017c955d91db50ba56720eae8450d87ebd41235c345a9beb1b8f929,parquet,,,,,remote metadata only; not downloaded,,,,,,Repository update date does not prove each file was regenerated; card count is not a measured row count.,remote LFS metadata; verified locally for downloaded Parquet and matching CSV
adde023/steam-reviews,part.387.parquet,Hugging Face,https://huggingface.co/datasets/adde023/steam-reviews/blob/d0ec12b33dffb8109b683b2e07780e2fc6b97187/part.387.parquet,adde023,Steam User Reviews API via kieranpoc/steam-reviews on Kaggle,,,CC BY-NC 4.0 (dataset card),2026-10-05,,d0ec12b33dffb8109b683b2e07780e2fc6b97187,,2026-03-12T14:51:00.000Z,2102,"Hugging Face repository downloads in last month; repeated per file, do not sum",39160796,e1d2607dd0f022c3f30e4b3d3732f5ae321621e629bd2abb006a5945890683fb,parquet,,,,,remote metadata only; not downloaded,,,,,,Repository update date does not prove each file was regenerated; card count is not a measured row count.,remote LFS metadata; verified locally for downloaded Parquet and matching CSV
adde023/steam-reviews,part.388.parquet,Hugging Face,https://huggingface.co/datasets/adde023/steam-reviews/blob/d0ec12b33dffb8109b683b2e07780e2fc6b97187/part.388.parquet,adde023,Steam User Reviews API via kieranpoc/steam-reviews on Kaggle,,,CC BY-NC 4.0 (dataset card),2026-10-05,,d0ec12b33dffb8109b683b2e07780e2fc6b97187,,2026-03-12T14:51:00.000Z,2102,"Hugging Face repository downloads in last month; repeated per file, do not sum",36894242,5ec78edfe8e2f70ecda2633055f86e87713e98c2cbd29d41f57f07ed606426e8,parquet,,,,,remote metadata only; not downloaded,,,,,,Repository update date does not prove each file was regenerated; card count is not a measured row count.,remote LFS metadata; verified locally for downloaded Parquet and matching CSV
adde023/steam-reviews,part.389.parquet,Hugging Face,https://huggingface.co/datasets/adde023/steam-reviews/blob/d0ec12b33dffb8109b683b2e07780e2fc6b97187/part.389.parquet,adde023,Steam User Reviews API via kieranpoc/steam-reviews on Kaggle,,,CC BY-NC 4.0 (dataset card),2026-10-05,,d0ec12b33dffb8109b683b2e07780e2fc6b97187,,2026-03-12T14:51:00.000Z,2102,"Hugging Face repository downloads in last month; repeated per file, do not sum",35477788,a95de05f5fba3d654ee46d518c3a6e102f11ef5c8a68706641662e67cba8a849,parquet,,,,,remote metadata only; not downloaded,,,,,,Repository update date does not prove each file was regenerated; card count is not a measured row count.,remote LFS metadata; verified locally for downloaded Parquet and matching CSV
adde023/steam-reviews,part.39.parquet,Hugging Face,https://huggingface.co/datasets/adde023/steam-reviews/blob/d0ec12b33dffb8109b683b2e07780e2fc6b97187/part.39.parquet,adde023,Steam User Reviews API via kieranpoc/steam-reviews on Kaggle,,,CC BY-NC 4.0 (dataset card),2026-10-05,,d0ec12b33dffb8109b683b2e07780e2fc6b97187,,2026-03-12T14:51:00.000Z,2102,"Hugging Face repository downloads in last month; repeated per file, do not sum",36588277,fe6d31981c09b8ea25d919ead9deed1a0701019ac7b75b368704f047db43df76,parquet,,,,,remote metadata only; not downloaded,,,,,,Repository update date does not prove each file was regenerated; card count is not a measured row count.,remote LFS metadata; verified locally for downloaded Parquet and matching CSV
adde023/steam-reviews,part.390.parquet,Hugging Face,https://huggingface.co/datasets/adde023/steam-reviews/blob/d0ec12b33dffb8109b683b2e07780e2fc6b97187/part.390.parquet,adde023,Steam User Reviews API via kieranpoc/steam-reviews on Kaggle,,,CC BY-NC 4.0 (dataset card),2026-10-05,,d0ec12b33dffb8109b683b2e07780e2fc6b97187,,2026-03-12T14:51:00.000Z,2102,"Hugging Face repository downloads in last month; repeated per file, do not sum",33772799,88387d67ef150a9a4b9f310c8bbbf9e50151f5cef073533c887b291a8b7aa27c,parquet,,,,,remote metadata only; not downloaded,,,,,,Repository update date does not prove each file was regenerated; card count is not a measured row count.,remote LFS metadata; verified locally for downloaded Parquet and matching CSV
adde023/steam-reviews,part.391.parquet,Hugging Face,https://huggingface.co/datasets/adde023/steam-reviews/blob/d0ec12b33dffb8109b683b2e07780e2fc6b97187/part.391.parquet,adde023,Steam User Reviews API via kieranpoc/steam-reviews on Kaggle,,,CC BY-NC 4.0 (dataset card),2026-10-05,,d0ec12b33dffb8109b683b2e07780e2fc6b97187,,2026-03-12T14:51:00.000Z,2102,"Hugging Face repository downloads in last month; repeated per file, do not sum",34327297,7d33993fc7f60c850332738b026df6d128e82987f1465b96f92dc6e9b0f77749,parquet,,,,,remote metadata only; not downloaded,,,,,,Repository update date does not prove each file was regenerated; card count is not a measured row count.,remote LFS metadata; verified locally for downloaded Parquet and matching CSV
adde023/steam-reviews,part.392.parquet,Hugging Face,https://huggingface.co/datasets/adde023/steam-reviews/blob/d0ec12b33dffb8109b683b2e07780e2fc6b97187/part.392.parquet,adde023,Steam User Reviews API via kieranpoc/steam-reviews on Kaggle,,,CC BY-NC 4.0 (dataset card),2026-10-05,,d0ec12b33dffb8109b683b2e07780e2fc6b97187,,2026-03-12T14:51:00.000Z,2102,"Hugging Face repository downloads in last month; repeated per file, do not sum",37082653,1cb47bfe7cc52c5ba8dd177a23574ede57ad28aa168b04e511914952b45d2fa0,parquet,,,,,remote metadata only; not downloaded,,,,,,Repository update date does not prove each file was regenerated; card count is not a measured row count.,remote LFS metadata; verified locally for downloaded Parquet and matching CSV
adde023/steam-reviews,part.393.parquet,Hugging Face,https://huggingface.co/datasets/adde023/steam-reviews/blob/d0ec12b33dffb8109b683b2e07780e2fc6b97187/part.393.parquet,adde023,Steam User Reviews API via kieranpoc/steam-reviews on Kaggle,,,CC BY-NC 4.0 (dataset card),2026-10-05,,d0ec12b33dffb8109b683b2e07780e2fc6b97187,,2026-03-12T14:51:00.000Z,2102,"Hugging Face repository downloads in last month; repeated per file, do not sum",37464562,b3b70c6a5bebc5cc07576771686a24ea15cff2c6805acff6274ae5a29bf5c023,parquet,,,,,remote metadata only; not downloaded,,,,,,Repository update date does not prove each file was regenerated; card count is not a measured row count.,remote LFS metadata; verified locally for downloaded Parquet and matching CSV
adde023/steam-reviews,part.394.parquet,Hugging Face,https://huggingface.co/datasets/adde023/steam-reviews/blob/d0ec12b33dffb8109b683b2e07780e2fc6b97187/part.394.parquet,adde023,Steam User Reviews API via kieranpoc/steam-reviews on Kaggle,,,CC BY-NC 4.0 (dataset card),2026-10-05,,d0ec12b33dffb8109b683b2e07780e2fc6b97187,,2026-03-12T14:51:00.000Z,2102,"Hugging Face repository downloads in last month; repeated per file, do not sum",37823450,8cf43a2bfd55076538898ada50f88024cc275e755fa4dc9c82cba4bb3e8b0f74,parquet,,,,,remote metadata only; not downloaded,,,,,,Repository update date does not prove each file was regenerated; card count is not a measured row count.,remote LFS metadata; verified locally for downloaded Parquet and matching CSV
adde023/steam-reviews,part.395.parquet,Hugging Face,https://huggingface.co/datasets/adde023/steam-reviews/blob/d0ec12b33dffb8109b683b2e07780e2fc6b97187/part.395.parquet,adde023,Steam User Reviews API via kieranpoc/steam-reviews on Kaggle,,,CC BY-NC 4.0 (dataset card),2026-10-05,,d0ec12b33dffb8109b683b2e07780e2fc6b97187,,2026-03-12T14:51:00.000Z,2102,"Hugging Face repository downloads in last month; repeated per file, do not sum",37571257,34834acaba52d4ec86e2b8ca8c9ceeaad5bdea8ceff884b8ba77ca7c90936733,parquet,,,,,remote metadata only; not downloaded,,,,,,Repository update date does not prove each file was regenerated; card count is not a measured row count.,remote LFS metadata; verified locally for downloaded Parquet and matching CSV
adde023/steam-reviews,part.396.parquet,Hugging Face,https://huggingface.co/datasets/adde023/steam-reviews/blob/d0ec12b33dffb8109b683b2e07780e2fc6b97187/part.396.parquet,adde023,Steam User Reviews API via kieranpoc/steam-reviews on Kaggle,,,CC BY-NC 4.0 (dataset card),2026-10-05,,d0ec12b33dffb8109b683b2e07780e2fc6b97187,,2026-03-12T14:51:00.000Z,2102,"Hugging Face repository downloads in last month; repeated per file, do not sum",35864335,a08d87bb1d4f8d68329a4f15da1755d0a5d1584cd96b01e09034b5ecf1a5761d,parquet,,,,,remote metadata only; not downloaded,,,,,,Repository update date does not prove each file was regenerated; card count is not a measured row count.,remote LFS metadata; verified locally for downloaded Parquet and matching CSV
adde023/steam-reviews,part.397.parquet,Hugging Face,https://huggingface.co/datasets/adde023/steam-reviews/blob/d0ec12b33dffb8109b683b2e07780e2fc6b97187/part.397.parquet,adde023,Steam User Reviews API via kieranpoc/steam-reviews on Kaggle,,,CC BY-NC 4.0 (dataset card),2026-10-05,,d0ec12b33dffb8109b683b2e07780e2fc6b97187,,2026-03-12T14:51:00.000Z,2102,"Hugging Face repository downloads in last month; repeated per file, do not sum",35485853,a058fd80ac0b5ac590d889f775beae4155e89db80e024ac4424099cc89591090,parquet,,,,,remote metadata only; not downloaded,,,,,,Repository update date does not prove each file was regenerated; card count is not a measured row count.,remote LFS metadata; verified locally for downloaded Parquet and matching CSV
adde023/steam-reviews,part.398.parquet,Hugging Face,https://huggingface.co/datasets/adde023/steam-reviews/blob/d0ec12b33dffb8109b683b2e07780e2fc6b97187/part.398.parquet,adde023,Steam User Reviews API via kieranpoc/steam-reviews on Kaggle,,,CC BY-NC 4.0 (dataset card),2026-10-05,,d0ec12b33dffb8109b683b2e07780e2fc6b97187,,2026-03-12T14:51:00.000Z,2102,"Hugging Face repository downloads in last month; repeated per file, do not sum",35176419,aab4257171fa4b0dbdaabbf2749ed2d8a50cc41494b650bcc57f5e4aeb203e56,parquet,,,,,remote metadata only; not downloaded,,,,,,Repository update date does not prove each file was regenerated; card count is not a measured row count.,remote LFS metadata; verified locally for downloaded Parquet and matching CSV
adde023/steam-reviews,part.399.parquet,Hugging Face,https://huggingface.co/datasets/adde023/steam-reviews/blob/d0ec12b33dffb8109b683b2e07780e2fc6b97187/part.399.parquet,adde023,Steam User Reviews API via kieranpoc/steam-reviews on Kaggle,,,CC BY-NC 4.0 (dataset card),2026-10-05,,d0ec12b33dffb8109b683b2e07780e2fc6b97187,,2026-03-12T14:51:00.000Z,2102,"Hugging Face repository downloads in last month; repeated per file, do not sum",35466753,8f84e3c87b3fa3eea22b97cb0c7c92737f9fb9f3e2fda53b389e6214e2ba99e2,parquet,,,,,remote metadata only; not downloaded,,,,,,Repository update date does not prove each file was regenerated; card count is not a measured row count.,remote LFS metadata; verified locally for downloaded Parquet and matching CSV
adde023/steam-reviews,part.4.parquet,Hugging Face,https://huggingface.co/datasets/adde023/steam-reviews/blob/d0ec12b33dffb8109b683b2e07780e2fc6b97187/part.4.parquet,adde023,Steam User Reviews API via kieranpoc/steam-reviews on Kaggle,,,CC BY-NC 4.0 (dataset card),2026-10-05,,d0ec12b33dffb8109b683b2e07780e2fc6b97187,,2026-03-12T14:51:00.000Z,2102,"Hugging Face repository downloads in last month; repeated per file, do not sum",37009384,d7df4831b943fba536d9210de71b22c7b653fe3e93298df90f34a3c5eb0fa46d,parquet,,,,,remote metadata only; not downloaded,,,,,,Repository update date does not prove each file was regenerated; card count is not a measured row count.,remote LFS metadata; verified locally for downloaded Parquet and matching CSV
adde023/steam-reviews,part.40.parquet,Hugging Face,https://huggingface.co/datasets/adde023/steam-reviews/blob/d0ec12b33dffb8109b683b2e07780e2fc6b97187/part.40.parquet,adde023,Steam User Reviews API via kieranpoc/steam-reviews on Kaggle,,,CC BY-NC 4.0 (dataset card),2026-10-05,,d0ec12b33dffb8109b683b2e07780e2fc6b97187,,2026-03-12T14:51:00.000Z,2102,"Hugging Face repository downloads in last month; repeated per file, do not sum",38255191,26bd28ec66e84d5ff1bed8114a5d239b2a39ad3f37d665a4d394dae89535981f,parquet,,,,,remote metadata only; not downloaded,,,,,,Repository update date does not prove each file was regenerated; card count is not a measured row count.,remote LFS metadata; verified locally for downloaded Parquet and matching CSV
adde023/steam-reviews,part.400.parquet,Hugging Face,https://huggingface.co/datasets/adde023/steam-reviews/blob/d0ec12b33dffb8109b683b2e07780e2fc6b97187/part.400.parquet,adde023,Steam User Reviews API via kieranpoc/steam-reviews on Kaggle,,,CC BY-NC 4.0 (dataset card),2026-10-05,,d0ec12b33dffb8109b683b2e07780e2fc6b97187,,2026-03-12T14:51:00.000Z,2102,"Hugging Face repository downloads in last month; repeated per file, do not sum",37058915,70e41ccc0319ae81dc8734238a29f165e869c7bda69793e823d1c5eb6a0e5762,parquet,,,,,remote metadata only; not downloaded,,,,,,Repository update date does not prove each file was regenerated; card count is not a measured row count.,remote LFS metadata; verified locally for downloaded Parquet and matching CSV
adde023/steam-reviews,part.401.parquet,Hugging Face,https://huggingface.co/datasets/adde023/steam-reviews/blob/d0ec12b33dffb8109b683b2e07780e2fc6b97187/part.401.parquet,adde023,Steam User Reviews API via kieranpoc/steam-reviews on Kaggle,,,CC BY-NC 4.0 (dataset card),2026-10-05,,d0ec12b33dffb8109b683b2e07780e2fc6b97187,,2026-03-12T14:51:00.000Z,2102,"Hugging Face repository downloads in last month; repeated per file, do not sum",35171809,435b532f65fb511200f970ed566b0379441f71fd205bc0057bbb219a0bf2f990,parquet,,,,,remote metadata only; not downloaded,,,,,,Repository update date does not prove each file was regenerated; card count is not a measured row count.,remote LFS metadata; verified locally for downloaded Parquet and matching CSV
adde023/steam-reviews,part.402.parquet,Hugging Face,https://huggingface.co/datasets/adde023/steam-reviews/blob/d0ec12b33dffb8109b683b2e07780e2fc6b97187/part.402.parquet,adde023,Steam User Reviews API via kieranpoc/steam-reviews on Kaggle,,,CC BY-NC 4.0 (dataset card),2026-10-05,,d0ec12b33dffb8109b683b2e07780e2fc6b97187,,2026-03-12T14:51:00.000Z,2102,"Hugging Face repository downloads in last month; repeated per file, do not sum",36724523,f799aa028525d50094a8cb3c64c7a6351ff86d4f2a2fc5bb36882ee79d8f3960,parquet,,,,,remote metadata only; not downloaded,,,,,,Repository update date does not prove each file was regenerated; card count is not a measured row count.,remote LFS metadata; verified locally for downloaded Parquet and matching CSV
adde023/steam-reviews,part.403.parquet,Hugging Face,https://huggingface.co/datasets/adde023/steam-reviews/blob/d0ec12b33dffb8109b683b2e07780e2fc6b97187/part.403.parquet,adde023,Steam User Reviews API via kieranpoc/steam-reviews on Kaggle,,,CC BY-NC 4.0 (dataset card),2026-10-05,,d0ec12b33dffb8109b683b2e07780e2fc6b97187,,2026-03-12T14:51:00.000Z,2102,"Hugging Face repository downloads in last month; repeated per file, do not sum",37906904,23dd05e5806af8ecf096b1c03832a44a70b9da55e5d80c77a7e217492a1efa2d,parquet,,,,,remote metadata only; not downloaded,,,,,,Repository update date does not prove each file was regenerated; card count is not a measured row count.,remote LFS metadata; verified locally for downloaded Parquet and matching CSV
adde023/steam-reviews,part.404.parquet,Hugging Face,https://huggingface.co/datasets/adde023/steam-reviews/blob/d0ec12b33dffb8109b683b2e07780e2fc6b97187/part.404.parquet,adde023,Steam User Reviews API via kieranpoc/steam-reviews on Kaggle,,,CC BY-NC 4.0 (dataset card),2026-10-05,,d0ec12b33dffb8109b683b2e07780e2fc6b97187,,2026-03-12T14:51:00.000Z,2102,"Hugging Face repository downloads in last month; repeated per file, do not sum",37451440,319c59d7774a5b3ab44806eca6d6bc0e9901343d286fa1fa1373719ed55918fd,parquet,,,,,remote metadata only; not downloaded,,,,,,Repository update date does not prove each file was regenerated; card count is not a measured row count.,remote LFS metadata; verified locally for downloaded Parquet and matching CSV
adde023/steam-reviews,part.405.parquet,Hugging Face,https://huggingface.co/datasets/adde023/steam-reviews/blob/d0ec12b33dffb8109b683b2e07780e2fc6b97187/part.405.parquet,adde023,Steam User Reviews API via kieranpoc/steam-reviews on Kaggle,,,CC BY-NC 4.0 (dataset card),2026-10-05,,d0ec12b33dffb8109b683b2e07780e2fc6b97187,,2026-03-12T14:51:00.000Z,2102,"Hugging Face repository downloads in last month; repeated per file, do not sum",33825691,12101f8739a9b41c611954f01e545eef2ca695faf3e063f305a262ef871c1199,parquet,,,,,remote metadata only; not downloaded,,,,,,Repository update date does not prove each file was regenerated; card count is not a measured row count.,remote LFS metadata; verified locally for downloaded Parquet and matching CSV
adde023/steam-reviews,part.406.parquet,Hugging Face,https://huggingface.co/datasets/adde023/steam-reviews/blob/d0ec12b33dffb8109b683b2e07780e2fc6b97187/part.406.parquet,adde023,Steam User Reviews API via kieranpoc/steam-reviews on Kaggle,,,CC BY-NC 4.0 (dataset card),2026-10-05,,d0ec12b33dffb8109b683b2e07780e2fc6b97187,,2026-03-12T14:51:00.000Z,2102,"Hugging Face repository downloads in last month; repeated per file, do not sum",38096257,48f45e6857ce42cff2200430f73d778e57a1d661a0131942cd85fed45382ea8f,parquet,,,,,remote metadata only; not downloaded,,,,,,Repository update date does not prove each file was regenerated; card count is not a measured row count.,remote LFS metadata; verified locally for downloaded Parquet and matching CSV
adde023/steam-reviews,part.407.parquet,Hugging Face,https://huggingface.co/datasets/adde023/steam-reviews/blob/d0ec12b33dffb8109b683b2e07780e2fc6b97187/part.407.parquet,adde023,Steam User Reviews API via kieranpoc/steam-reviews on Kaggle,,,CC BY-NC 4.0 (dataset card),2026-10-05,,d0ec12b33dffb8109b683b2e07780e2fc6b97187,,2026-03-12T14:51:00.000Z,2102,"Hugging Face repository downloads in last month; repeated per file, do not sum",37191490,cd705b0c9ef015af870a7da935237304bc8fee2bbc53ac53f18f7f2e97be01f2,parquet,,,,,remote metadata only; not downloaded,,,,,,Repository update date does not prove each file was regenerated; card count is not a measured row count.,remote LFS metadata; verified locally for downloaded Parquet and matching CSV
adde023/steam-reviews,part.408.parquet,Hugging Face,https://huggingface.co/datasets/adde023/steam-reviews/blob/d0ec12b33dffb8109b683b2e07780e2fc6b97187/part.408.parquet,adde023,Steam User Reviews API via kieranpoc/steam-reviews on Kaggle,,,CC BY-NC 4.0 (dataset card),2026-10-05,,d0ec12b33dffb8109b683b2e07780e2fc6b97187,,2026-03-12T14:51:00.000Z,2102,"Hugging Face repository downloads in last month; repeated per file, do not sum",34838532,7116d684903dabf8ebc8945b9510d36017aec302dbf581a3700a339cb1d8f994,parquet,,,,,remote metadata only; not downloaded,,,,,,Repository update date does not prove each file was regenerated; card count is not a measured row count.,remote LFS metadata; verified locally for downloaded Parquet and matching CSV
adde023/steam-reviews,part.409.parquet,Hugging Face,https://huggingface.co/datasets/adde023/steam-reviews/blob/d0ec12b33dffb8109b683b2e07780e2fc6b97187/part.409.parquet,adde023,Steam User Reviews API via kieranpoc/steam-reviews on Kaggle,,,CC BY-NC 4.0 (dataset card),2026-10-05,,d0ec12b33dffb8109b683b2e07780e2fc6b97187,,2026-03-12T14:51:00.000Z,2102,"Hugging Face repository downloads in last month; repeated per file, do not sum",32745609,77e5e18c9cfd8a3a7898a2f835cbabd90207894a099381d4ee844eff0288b335,parquet,,,,,remote metadata only; not downloaded,,,,,,Repository update date does not prove each file was regenerated; card count is not a measured row count.,remote LFS metadata; verified locally for downloaded Parquet and matching CSV
adde023/steam-reviews,part.41.parquet,Hugging Face,https://huggingface.co/datasets/adde023/steam-reviews/blob/d0ec12b33dffb8109b683b2e07780e2fc6b97187/part.41.parquet,adde023,Steam User Reviews API via kieranpoc/steam-reviews on Kaggle,,,CC BY-NC 4.0 (dataset card),2026-10-05,,d0ec12b33dffb8109b683b2e07780e2fc6b97187,,2026-03-12T14:51:00.000Z,2102,"Hugging Face repository downloads in last month; repeated per file, do not sum",37353149,78350361c7aa8b1c442ca79b1cecc0bc9ce833aa1d12300656e2f77817347f2a,parquet,,,,,remote metadata only; not downloaded,,,,,,Repository update date does not prove each file was regenerated; card count is not a measured row count.,remote LFS metadata; verified locally for downloaded Parquet and matching CSV
adde023/steam-reviews,part.410.parquet,Hugging Face,https://huggingface.co/datasets/adde023/steam-reviews/blob/d0ec12b33dffb8109b683b2e07780e2fc6b97187/part.410.parquet,adde023,Steam User Reviews API via kieranpoc/steam-reviews on Kaggle,,,CC BY-NC 4.0 (dataset card),2026-10-05,,d0ec12b33dffb8109b683b2e07780e2fc6b97187,,2026-03-12T14:51:00.000Z,2102,"Hugging Face repository downloads in last month; repeated per file, do not sum",29349533,bc8493866c6f00169b636c32a28df84533796728de745d207603870da6d40e3b,parquet,,,,,remote metadata only; not downloaded,,,,,,Repository update date does not prove each file was regenerated; card count is not a measured row count.,remote LFS metadata; verified locally for downloaded Parquet and matching CSV
adde023/steam-reviews,part.411.parquet,Hugging Face,https://huggingface.co/datasets/adde023/steam-reviews/blob/d0ec12b33dffb8109b683b2e07780e2fc6b97187/part.411.parquet,adde023,Steam User Reviews API via kieranpoc/steam-reviews on Kaggle,,,CC BY-NC 4.0 (dataset card),2026-10-05,,d0ec12b33dffb8109b683b2e07780e2fc6b97187,,2026-03-12T14:51:00.000Z,2102,"Hugging Face repository downloads in last month; repeated per file, do not sum",30489631,0929bfe523155278371388eb9b8601f230a9315160d3dddcdd0b6e771281d625,parquet,,,,,remote metadata only; not downloaded,,,,,,Repository update date does not prove each file was regenerated; card count is not a measured row count.,remote LFS metadata; verified locally for downloaded Parquet and matching CSV
adde023/steam-reviews,part.412.parquet,Hugging Face,https://huggingface.co/datasets/adde023/steam-reviews/blob/d0ec12b33dffb8109b683b2e07780e2fc6b97187/part.412.parquet,adde023,Steam User Reviews API via kieranpoc/steam-reviews on Kaggle,,,CC BY-NC 4.0 (dataset card),2026-10-05,,d0ec12b33dffb8109b683b2e07780e2fc6b97187,,2026-03-12T14:51:00.000Z,2102,"Hugging Face repository downloads in last month; repeated per file, do not sum",29191115,e0023e1dbe016fb2cbd00e778f4b6680c965831d7afe636a96a5751dab54984e,parquet,,,,,remote metadata only; not downloaded,,,,,,Repository update date does not prove each file was regenerated; card count is not a measured row count.,remote LFS metadata; verified locally for downloaded Parquet and matching CSV
adde023/steam-reviews,part.413.parquet,Hugging Face,https://huggingface.co/datasets/adde023/steam-reviews/blob/d0ec12b33dffb8109b683b2e07780e2fc6b97187/part.413.parquet,adde023,Steam User Reviews API via kieranpoc/steam-reviews on Kaggle,,,CC BY-NC 4.0 (dataset card),2026-10-05,,d0ec12b33dffb8109b683b2e07780e2fc6b97187,,2026-03-12T14:51:00.000Z,2102,"Hugging Face repository downloads in last month; repeated per file, do not sum",35412327,2caebb8a350ac72d2afb91790c1be84eaa29eeb3325087c079e124b9b1056a63,parquet,,,,,remote metadata only; not downloaded,,,,,,Repository update date does not prove each file was regenerated; card count is not a measured row count.,remote LFS metadata; verified locally for downloaded Parquet and matching CSV
adde023/steam-reviews,part.414.parquet,Hugging Face,https://huggingface.co/datasets/adde023/steam-reviews/blob/d0ec12b33dffb8109b683b2e07780e2fc6b97187/part.414.parquet,adde023,Steam User Reviews API via kieranpoc/steam-reviews on Kaggle,,,CC BY-NC 4.0 (dataset card),2026-10-05,,d0ec12b33dffb8109b683b2e07780e2fc6b97187,,2026-03-12T14:51:00.000Z,2102,"Hugging Face repository downloads in last month; repeated per file, do not sum",38511069,cb9a02a3cf1d7e8f30c7c61a8f5a4a1ba10396eeea6644e49a83445f8e58d5db,parquet,,,,,remote metadata only; not downloaded,,,,,,Repository update date does not prove each file was regenerated; card count is not a measured row count.,remote LFS metadata; verified locally for downloaded Parquet and matching CSV
adde023/steam-reviews,part.415.parquet,Hugging Face,https://huggingface.co/datasets/adde023/steam-reviews/blob/d0ec12b33dffb8109b683b2e07780e2fc6b97187/part.415.parquet,adde023,Steam User Reviews API via kieranpoc/steam-reviews on Kaggle,,,CC BY-NC 4.0 (dataset card),2026-10-05,,d0ec12b33dffb8109b683b2e07780e2fc6b97187,,2026-03-12T14:51:00.000Z,2102,"Hugging Face repository downloads in last month; repeated per file, do not sum",38027958,21beb1b97e92bb75b72cf812dfb995a8a4c154d8c7a4025573785286c710884a,parquet,,,,,remote metadata only; not downloaded,,,,,,Repository update date does not prove each file was regenerated; card count is not a measured row count.,remote LFS metadata; verified locally for downloaded Parquet and matching CSV
adde023/steam-reviews,part.416.parquet,Hugging Face,https://huggingface.co/datasets/adde023/steam-reviews/blob/d0ec12b33dffb8109b683b2e07780e2fc6b97187/part.416.parquet,adde023,Steam User Reviews API via kieranpoc/steam-reviews on Kaggle,,,CC BY-NC 4.0 (dataset card),2026-10-05,,d0ec12b33dffb8109b683b2e07780e2fc6b97187,,2026-03-12T14:51:00.000Z,2102,"Hugging Face repository downloads in last month; repeated per file, do not sum",36580024,b3cab107197674debec9799fa09c97ee0a2812c869a526720ee50f64a8a06ec1,parquet,,,,,remote metadata only; not downloaded,,,,,,Repository update date does not prove each file was regenerated; card count is not a measured row count.,remote LFS metadata; verified locally for downloaded Parquet and matching CSV
adde023/steam-reviews,part.417.parquet,Hugging Face,https://huggingface.co/datasets/adde023/steam-reviews/blob/d0ec12b33dffb8109b683b2e07780e2fc6b97187/part.417.parquet,adde023,Steam User Reviews API via kieranpoc/steam-reviews on Kaggle,,,CC BY-NC 4.0 (dataset card),2026-10-05,,d0ec12b33dffb8109b683b2e07780e2fc6b97187,,2026-03-12T14:51:00.000Z,2102,"Hugging Face repository downloads in last month; repeated per file, do not sum",36998882,b804c59681b02b2a42784aa487d72a0fa513f17493bea2a22a580ef59c7824ae,parquet,,,,,remote metadata only; not downloaded,,,,,,Repository update date does not prove each file was regenerated; card count is not a measured row count.,remote LFS metadata; verified locally for downloaded Parquet and matching CSV
adde023/steam-reviews,part.418.parquet,Hugging Face,https://huggingface.co/datasets/adde023/steam-reviews/blob/d0ec12b33dffb8109b683b2e07780e2fc6b97187/part.418.parquet,adde023,Steam User Reviews API via kieranpoc/steam-reviews on Kaggle,,,CC BY-NC 4.0 (dataset card),2026-10-05,,d0ec12b33dffb8109b683b2e07780e2fc6b97187,,2026-03-12T14:51:00.000Z,2102,"Hugging Face repository downloads in last month; repeated per file, do not sum",37630664,f57e026ce8f39182076d00f6002cb6288eefd83c8ddf3b08393e7a4727137725,parquet,,,,,remote metadata only; not downloaded,,,,,,Repository update date does not prove each file was regenerated; card count is not a measured row count.,remote LFS metadata; verified locally for downloaded Parquet and matching CSV
adde023/steam-reviews,part.419.parquet,Hugging Face,https://huggingface.co/datasets/adde023/steam-reviews/blob/d0ec12b33dffb8109b683b2e07780e2fc6b97187/part.419.parquet,adde023,Steam User Reviews API via kieranpoc/steam-reviews on Kaggle,,,CC BY-NC 4.0 (dataset card),2026-10-05,,d0ec12b33dffb8109b683b2e07780e2fc6b97187,,2026-03-12T14:51:00.000Z,2102,"Hugging Face repository downloads in last month; repeated per file, do not sum",36922940,64e555777ec0d7429da1a2695521ea9a88089d5bcb87ea8f37433fd55d657a83,parquet,,,,,remote metadata only; not downloaded,,,,,,Repository update date does not prove each file was regenerated; card count is not a measured row count.,remote LFS metadata; verified locally for downloaded Parquet and matching CSV
adde023/steam-reviews,part.42.parquet,Hugging Face,https://huggingface.co/datasets/adde023/steam-reviews/blob/d0ec12b33dffb8109b683b2e07780e2fc6b97187/part.42.parquet,adde023,Steam User Reviews API via kieranpoc/steam-reviews on Kaggle,,,CC BY-NC 4.0 (dataset card),2026-10-05,,d0ec12b33dffb8109b683b2e07780e2fc6b97187,,2026-03-12T14:51:00.000Z,2102,"Hugging Face repository downloads in last month; repeated per file, do not sum",29819733,aa3032d89ac7e743bdfeec47ce3135c82384177d38495e9dcec6fdfc23c8b3a2,parquet,,,,,remote metadata only; not downloaded,,,,,,Repository update date does not prove each file was regenerated; card count is not a measured row count.,remote LFS metadata; verified locally for downloaded Parquet and matching CSV
adde023/steam-reviews,part.420.parquet,Hugging Face,https://huggingface.co/datasets/adde023/steam-reviews/blob/d0ec12b33dffb8109b683b2e07780e2fc6b97187/part.420.parquet,adde023,Steam User Reviews API via kieranpoc/steam-reviews on Kaggle,,,CC BY-NC 4.0 (dataset card),2026-10-05,,d0ec12b33dffb8109b683b2e07780e2fc6b97187,,2026-03-12T14:51:00.000Z,2102,"Hugging Face repository downloads in last month; repeated per file, do not sum",31886594,63090cac480d560a22cda058accc1969ee9e634fab909d219749ce75e953eb86,parquet,,,,,remote metadata only; not downloaded,,,,,,Repository update date does not prove each file was regenerated; card count is not a measured row count.,remote LFS metadata; verified locally for downloaded Parquet and matching CSV
adde023/steam-reviews,part.421.parquet,Hugging Face,https://huggingface.co/datasets/adde023/steam-reviews/blob/d0ec12b33dffb8109b683b2e07780e2fc6b97187/part.421.parquet,adde023,Steam User Reviews API via kieranpoc/steam-reviews on Kaggle,,,CC BY-NC 4.0 (dataset card),2026-10-05,,d0ec12b33dffb8109b683b2e07780e2fc6b97187,,2026-03-12T14:51:00.000Z,2102,"Hugging Face repository downloads in last month; repeated per file, do not sum",33352752,3728ac935df6d03f6c65718e5fefacd4d226b1253cacbf204a92d973c78ed562,parquet,,,,,remote metadata only; not downloaded,,,,,,Repository update date does not prove each file was regenerated; card count is not a measured row count.,remote LFS metadata; verified locally for downloaded Parquet and matching CSV
adde023/steam-reviews,part.422.parquet,Hugging Face,https://huggingface.co/datasets/adde023/steam-reviews/blob/d0ec12b33dffb8109b683b2e07780e2fc6b97187/part.422.parquet,adde023,Steam User Reviews API via kieranpoc/steam-reviews on Kaggle,,,CC BY-NC 4.0 (dataset card),2026-10-05,,d0ec12b33dffb8109b683b2e07780e2fc6b97187,,2026-03-12T14:51:00.000Z,2102,"Hugging Face repository downloads in last month; repeated per file, do not sum",36512484,f41ce03a40d5633c571f3ba48bd5537bd0b74917eab42e84ccb4c0ebe527d96c,parquet,,,,,remote metadata only; not downloaded,,,,,,Repository update date does not prove each file was regenerated; card count is not a measured row count.,remote LFS metadata; verified locally for downloaded Parquet and matching CSV
adde023/steam-reviews,part.423.parquet,Hugging Face,https://huggingface.co/datasets/adde023/steam-reviews/blob/d0ec12b33dffb8109b683b2e07780e2fc6b97187/part.423.parquet,adde023,Steam User Reviews API via kieranpoc/steam-reviews on Kaggle,,,CC BY-NC 4.0 (dataset card),2026-10-05,,d0ec12b33dffb8109b683b2e07780e2fc6b97187,,2026-03-12T14:51:00.000Z,2102,"Hugging Face repository downloads in last month; repeated per file, do not sum",38366356,80665bfd447342e916efb7eb7bc7a83c2939e0bbb3b88731e4dc5d9ac2eea11b,parquet,,,,,remote metadata only; not downloaded,,,,,,Repository update date does not prove each file was regenerated; card count is not a measured row count.,remote LFS metadata; verified locally for downloaded Parquet and matching CSV
adde023/steam-reviews,part.424.parquet,Hugging Face,https://huggingface.co/datasets/adde023/steam-reviews/blob/d0ec12b33dffb8109b683b2e07780e2fc6b97187/part.424.parquet,adde023,Steam User Reviews API via kieranpoc/steam-reviews on Kaggle,,,CC BY-NC 4.0 (dataset card),2026-10-05,,d0ec12b33dffb8109b683b2e07780e2fc6b97187,,2026-03-12T14:51:00.000Z,2102,"Hugging Face repository downloads in last month; repeated per file, do not sum",36954965,f541b9a2fbd0e6d12dcf507d799dd0c6ccdbc757378ded524e7b178ba3bfe753,parquet,,,,,remote metadata only; not downloaded,,,,,,Repository update date does not prove each file was regenerated; card count is not a measured row count.,remote LFS metadata; verified locally for downloaded Parquet and matching CSV
adde023/steam-reviews,part.425.parquet,Hugging Face,https://huggingface.co/datasets/adde023/steam-reviews/blob/d0ec12b33dffb8109b683b2e07780e2fc6b97187/part.425.parquet,adde023,Steam User Reviews API via kieranpoc/steam-reviews on Kaggle,,,CC BY-NC 4.0 (dataset card),2026-10-05,,d0ec12b33dffb8109b683b2e07780e2fc6b97187,,2026-03-12T14:51:00.000Z,2102,"Hugging Face repository downloads in last month; repeated per file, do not sum",36876200,98d65a7c17e467581d935b2ef348c818d9241696f1bcf2742ed2ffdd8bab23ab,parquet,,,,,remote metadata only; not downloaded,,,,,,Repository update date does not prove each file was regenerated; card count is not a measured row count.,remote LFS metadata; verified locally for downloaded Parquet and matching CSV
adde023/steam-reviews,part.426.parquet,Hugging Face,https://huggingface.co/datasets/adde023/steam-reviews/blob/d0ec12b33dffb8109b683b2e07780e2fc6b97187/part.426.parquet,adde023,Steam User Reviews API via kieranpoc/steam-reviews on Kaggle,,,CC BY-NC 4.0 (dataset card),2026-10-05,,d0ec12b33dffb8109b683b2e07780e2fc6b97187,,2026-03-12T14:51:00.000Z,2102,"Hugging Face repository downloads in last month; repeated per file, do not sum",36006636,1a85434f2b39b90dda77cf028ba3ffb6abbd24151b0ee83b0d859b134ac8bed7,parquet,,,,,remote metadata only; not downloaded,,,,,,Repository update date does not prove each file was regenerated; card count is not a measured row count.,remote LFS metadata; verified locally for downloaded Parquet and matching CSV
adde023/steam-reviews,part.427.parquet,Hugging Face,https://huggingface.co/datasets/adde023/steam-reviews/blob/d0ec12b33dffb8109b683b2e07780e2fc6b97187/part.427.parquet,adde023,Steam User Reviews API via kieranpoc/steam-reviews on Kaggle,,,CC BY-NC 4.0 (dataset card),2026-10-05,,d0ec12b33dffb8109b683b2e07780e2fc6b97187,,2026-03-12T14:51:00.000Z,2102,"Hugging Face repository downloads in last month; repeated per file, do not sum",37968374,9d18b971050a2ebada31a65c8a6540cad4189b5fc4d4cc1e3885867dca785f34,parquet,,,,,remote metadata only; not downloaded,,,,,,Repository update date does not prove each file was regenerated; card count is not a measured row count.,remote LFS metadata; verified locally for downloaded Parquet and matching CSV
adde023/steam-reviews,part.428.parquet,Hugging Face,https://huggingface.co/datasets/adde023/steam-reviews/blob/d0ec12b33dffb8109b683b2e07780e2fc6b97187/part.428.parquet,adde023,Steam User Reviews API via kieranpoc/steam-reviews on Kaggle,,,CC BY-NC 4.0 (dataset card),2026-10-05,,d0ec12b33dffb8109b683b2e07780e2fc6b97187,,2026-03-12T14:51:00.000Z,2102,"Hugging Face repository downloads in last month; repeated per file, do not sum",36730956,621174f4ab6476ae724b4ba1393f1df2389252f7a35b84c75dc96d9bd954d01f,parquet,,,,,remote metadata only; not downloaded,,,,,,Repository update date does not prove each file was regenerated; card count is not a measured row count.,remote LFS metadata; verified locally for downloaded Parquet and matching CSV
adde023/steam-reviews,part.429.parquet,Hugging Face,https://huggingface.co/datasets/adde023/steam-reviews/blob/d0ec12b33dffb8109b683b2e07780e2fc6b97187/part.429.parquet,adde023,Steam User Reviews API via kieranpoc/steam-reviews on Kaggle,,,CC BY-NC 4.0 (dataset card),2026-10-05,,d0ec12b33dffb8109b683b2e07780e2fc6b97187,,2026-03-12T14:51:00.000Z,2102,"Hugging Face repository downloads in last month; repeated per file, do not sum",36297790,f22439289c2499c92a7da0aeb25f74a77285eb2c266211b5d0c5dad14b7277e6,parquet,,,,,remote metadata only; not downloaded,,,,,,Repository update date does not prove each file was regenerated; card count is not a measured row count.,remote LFS metadata; verified locally for downloaded Parquet and matching CSV
adde023/steam-reviews,part.43.parquet,Hugging Face,https://huggingface.co/datasets/adde023/steam-reviews/blob/d0ec12b33dffb8109b683b2e07780e2fc6b97187/part.43.parquet,adde023,Steam User Reviews API via kieranpoc/steam-reviews on Kaggle,,,CC BY-NC 4.0 (dataset card),2026-10-05,,d0ec12b33dffb8109b683b2e07780e2fc6b97187,,2026-03-12T14:51:00.000Z,2102,"Hugging Face repository downloads in last month; repeated per file, do not sum",37090267,4aaa5a813f9f8f85c59cdd06752671c92488749cd6a2ce0c0772c368bb988064,parquet,,,,,remote metadata only; not downloaded,,,,,,Repository update date does not prove each file was regenerated; card count is not a measured row count.,remote LFS metadata; verified locally for downloaded Parquet and matching CSV
adde023/steam-reviews,part.430.parquet,Hugging Face,https://huggingface.co/datasets/adde023/steam-reviews/blob/d0ec12b33dffb8109b683b2e07780e2fc6b97187/part.430.parquet,adde023,Steam User Reviews API via kieranpoc/steam-reviews on Kaggle,,,CC BY-NC 4.0 (dataset card),2026-10-05,,d0ec12b33dffb8109b683b2e07780e2fc6b97187,,2026-03-12T14:51:00.000Z,2102,"Hugging Face repository downloads in last month; repeated per file, do not sum",36494359,830b9331b178db0afca44d24d3da9e4cae1ef622c772cb74df3cf9af452ea3f0,parquet,,,,,remote metadata only; not downloaded,,,,,,Repository update date does not prove each file was regenerated; card count is not a measured row count.,remote LFS metadata; verified locally for downloaded Parquet and matching CSV
adde023/steam-reviews,part.431.parquet,Hugging Face,https://huggingface.co/datasets/adde023/steam-reviews/blob/d0ec12b33dffb8109b683b2e07780e2fc6b97187/part.431.parquet,adde023,Steam User Reviews API via kieranpoc/steam-reviews on Kaggle,,,CC BY-NC 4.0 (dataset card),2026-10-05,,d0ec12b33dffb8109b683b2e07780e2fc6b97187,,2026-03-12T14:51:00.000Z,2102,"Hugging Face repository downloads in last month; repeated per file, do not sum",36667199,2959e4c52d34f9deac55c5bacd315d80bdb98b94daf64366b527fee5f68afcfb,parquet,,,,,remote metadata only; not downloaded,,,,,,Repository update date does not prove each file was regenerated; card count is not a measured row count.,remote LFS metadata; verified locally for downloaded Parquet and matching CSV
adde023/steam-reviews,part.432.parquet,Hugging Face,https://huggingface.co/datasets/adde023/steam-reviews/blob/d0ec12b33dffb8109b683b2e07780e2fc6b97187/part.432.parquet,adde023,Steam User Reviews API via kieranpoc/steam-reviews on Kaggle,,,CC BY-NC 4.0 (dataset card),2026-10-05,,d0ec12b33dffb8109b683b2e07780e2fc6b97187,,2026-03-12T14:51:00.000Z,2102,"Hugging Face repository downloads in last month; repeated per file, do not sum",35840645,40ea88dd1978f8bd9314f4b8f6505eb8023a4ed6d42e96dcd402d1009fa126fa,parquet,,,,,remote metadata only; not downloaded,,,,,,Repository update date does not prove each file was regenerated; card count is not a measured row count.,remote LFS metadata; verified locally for downloaded Parquet and matching CSV
adde023/steam-reviews,part.433.parquet,Hugging Face,https://huggingface.co/datasets/adde023/steam-reviews/blob/d0ec12b33dffb8109b683b2e07780e2fc6b97187/part.433.parquet,adde023,Steam User Reviews API via kieranpoc/steam-reviews on Kaggle,,,CC BY-NC 4.0 (dataset card),2026-10-05,,d0ec12b33dffb8109b683b2e07780e2fc6b97187,,2026-03-12T14:51:00.000Z,2102,"Hugging Face repository downloads in last month; repeated per file, do not sum",26555258,39732bf0a5bf4e433f292bdb177350b453dc7dcf60be05cecb915704f50816c0,parquet,,,,,remote metadata only; not downloaded,,,,,,Repository update date does not prove each file was regenerated; card count is not a measured row count.,remote LFS metadata; verified locally for downloaded Parquet and matching CSV
adde023/steam-reviews,part.434.parquet,Hugging Face,https://huggingface.co/datasets/adde023/steam-reviews/blob/d0ec12b33dffb8109b683b2e07780e2fc6b97187/part.434.parquet,adde023,Steam User Reviews API via kieranpoc/steam-reviews on Kaggle,,,CC BY-NC 4.0 (dataset card),2026-10-05,,d0ec12b33dffb8109b683b2e07780e2fc6b97187,,2026-03-12T14:51:00.000Z,2102,"Hugging Face repository downloads in last month; repeated per file, do not sum",26931322,275bcbba811ce0c2f7c2a5388f419e5a279646dec9e2028e645d1f742796c9fe,parquet,,,,,remote metadata only; not downloaded,,,,,,Repository update date does not prove each file was regenerated; card count is not a measured row count.,remote LFS metadata; verified locally for downloaded Parquet and matching CSV
adde023/steam-reviews,part.435.parquet,Hugging Face,https://huggingface.co/datasets/adde023/steam-reviews/blob/d0ec12b33dffb8109b683b2e07780e2fc6b97187/part.435.parquet,adde023,Steam User Reviews API via kieranpoc/steam-reviews on Kaggle,,,CC BY-NC 4.0 (dataset card),2026-10-05,,d0ec12b33dffb8109b683b2e07780e2fc6b97187,,2026-03-12T14:51:00.000Z,2102,"Hugging Face repository downloads in last month; repeated per file, do not sum",33030950,544fb6914d91f644bd0036a0fe6230c24e5a4a9bc1f3467f83ec0e9b4bfc4c4d,parquet,,,,,remote metadata only; not downloaded,,,,,,Repository update date does not prove each file was regenerated; card count is not a measured row count.,remote LFS metadata; verified locally for downloaded Parquet and matching CSV
adde023/steam-reviews,part.436.parquet,Hugging Face,https://huggingface.co/datasets/adde023/steam-reviews/blob/d0ec12b33dffb8109b683b2e07780e2fc6b97187/part.436.parquet,adde023,Steam User Reviews API via kieranpoc/steam-reviews on Kaggle,,,CC BY-NC 4.0 (dataset card),2026-10-05,,d0ec12b33dffb8109b683b2e07780e2fc6b97187,,2026-03-12T14:51:00.000Z,2102,"Hugging Face repository downloads in last month; repeated per file, do not sum",33510425,cdd531196c7346d9dae58d2dbaaaf721632512e6158462094a028c6f16fdab00,parquet,,,,,remote metadata only; not downloaded,,,,,,Repository update date does not prove each file was regenerated; card count is not a measured row count.,remote LFS metadata; verified locally for downloaded Parquet and matching CSV
adde023/steam-reviews,part.437.parquet,Hugging Face,https://huggingface.co/datasets/adde023/steam-reviews/blob/d0ec12b33dffb8109b683b2e07780e2fc6b97187/part.437.parquet,adde023,Steam User Reviews API via kieranpoc/steam-reviews on Kaggle,,,CC BY-NC 4.0 (dataset card),2026-10-05,,d0ec12b33dffb8109b683b2e07780e2fc6b97187,,2026-03-12T14:51:00.000Z,2102,"Hugging Face repository downloads in last month; repeated per file, do not sum",33693140,7493abcf9328ea494d03cc08f95eb7c4806019ad4655e45b6cb8eb717734d50a,parquet,,,,,remote metadata only; not downloaded,,,,,,Repository update date does not prove each file was regenerated; card count is not a measured row count.,remote LFS metadata; verified locally for downloaded Parquet and matching CSV
adde023/steam-reviews,part.438.parquet,Hugging Face,https://huggingface.co/datasets/adde023/steam-reviews/blob/d0ec12b33dffb8109b683b2e07780e2fc6b97187/part.438.parquet,adde023,Steam User Reviews API via kieranpoc/steam-reviews on Kaggle,,,CC BY-NC 4.0 (dataset card),2026-10-05,,d0ec12b33dffb8109b683b2e07780e2fc6b97187,,2026-03-12T14:51:00.000Z,2102,"Hugging Face repository downloads in last month; repeated per file, do not sum",36486896,5aec9362cd7043d8b3e9df5024854cc607fc40a275e5d479ba45c0c84257ce05,parquet,,,,,remote metadata only; not downloaded,,,,,,Repository update date does not prove each file was regenerated; card count is not a measured row count.,remote LFS metadata; verified locally for downloaded Parquet and matching CSV
adde023/steam-reviews,part.439.parquet,Hugging Face,https://huggingface.co/datasets/adde023/steam-reviews/blob/d0ec12b33dffb8109b683b2e07780e2fc6b97187/part.439.parquet,adde023,Steam User Reviews API via kieranpoc/steam-reviews on Kaggle,,,CC BY-NC 4.0 (dataset card),2026-10-05,,d0ec12b33dffb8109b683b2e07780e2fc6b97187,,2026-03-12T14:51:00.000Z,2102,"Hugging Face repository downloads in last month; repeated per file, do not sum",35906788,15594ed2b58985f47752d2317297675e7d81820804c5e4581b81f5b67cfc49f1,parquet,,,,,remote metadata only; not downloaded,,,,,,Repository update date does not prove each file was regenerated; card count is not a measured row count.,remote LFS metadata; verified locally for downloaded Parquet and matching CSV
adde023/steam-reviews,part.44.parquet,Hugging Face,https://huggingface.co/datasets/adde023/steam-reviews/blob/d0ec12b33dffb8109b683b2e07780e2fc6b97187/part.44.parquet,adde023,Steam User Reviews API via kieranpoc/steam-reviews on Kaggle,,,CC BY-NC 4.0 (dataset card),2026-10-05,,d0ec12b33dffb8109b683b2e07780e2fc6b97187,,2026-03-12T14:51:00.000Z,2102,"Hugging Face repository downloads in last month; repeated per file, do not sum",36869234,ee34c7198774aaf144c908c8fced62568bba3dc82cd71545ac63c6cfc9bf0270,parquet,,,,,remote metadata only; not downloaded,,,,,,Repository update date does not prove each file was regenerated; card count is not a measured row count.,remote LFS metadata; verified locally for downloaded Parquet and matching CSV
adde023/steam-reviews,part.440.parquet,Hugging Face,https://huggingface.co/datasets/adde023/steam-reviews/blob/d0ec12b33dffb8109b683b2e07780e2fc6b97187/part.440.parquet,adde023,Steam User Reviews API via kieranpoc/steam-reviews on Kaggle,,,CC BY-NC 4.0 (dataset card),2026-10-05,,d0ec12b33dffb8109b683b2e07780e2fc6b97187,,2026-03-12T14:51:00.000Z,2102,"Hugging Face repository downloads in last month; repeated per file, do not sum",33810528,a127220012a3c6427d71f337df1481011a45bf401ed6b36e413dcc0e655296ec,parquet,,,,,remote metadata only; not downloaded,,,,,,Repository update date does not prove each file was regenerated; card count is not a measured row count.,remote LFS metadata; verified locally for downloaded Parquet and matching CSV
adde023/steam-reviews,part.441.parquet,Hugging Face,https://huggingface.co/datasets/adde023/steam-reviews/blob/d0ec12b33dffb8109b683b2e07780e2fc6b97187/part.441.parquet,adde023,Steam User Reviews API via kieranpoc/steam-reviews on Kaggle,,,CC BY-NC 4.0 (dataset card),2026-10-05,,d0ec12b33dffb8109b683b2e07780e2fc6b97187,,2026-03-12T14:51:00.000Z,2102,"Hugging Face repository downloads in last month; repeated per file, do not sum",31989519,7f53e1c1930e6dbada06c8fc7d1f9572c934e9e06a00ed8a2dda0cd018df29c7,parquet,,,,,remote metadata only; not downloaded,,,,,,Repository update date does not prove each file was regenerated; card count is not a measured row count.,remote LFS metadata; verified locally for downloaded Parquet and matching CSV
adde023/steam-reviews,part.442.parquet,Hugging Face,https://huggingface.co/datasets/adde023/steam-reviews/blob/d0ec12b33dffb8109b683b2e07780e2fc6b97187/part.442.parquet,adde023,Steam User Reviews API via kieranpoc/steam-reviews on Kaggle,,,CC BY-NC 4.0 (dataset card),2026-10-05,,d0ec12b33dffb8109b683b2e07780e2fc6b97187,,2026-03-12T14:51:00.000Z,2102,"Hugging Face repository downloads in last month; repeated per file, do not sum",30581409,108dd61a98e0f767345b96c0578b2357d2c3cfac5ae1ae2b6ccfd3bb49f267fe,parquet,,,,,remote metadata only; not downloaded,,,,,,Repository update date does not prove each file was regenerated; card count is not a measured row count.,remote LFS metadata; verified locally for downloaded Parquet and matching CSV
adde023/steam-reviews,part.443.parquet,Hugging Face,https://huggingface.co/datasets/adde023/steam-reviews/blob/d0ec12b33dffb8109b683b2e07780e2fc6b97187/part.443.parquet,adde023,Steam User Reviews API via kieranpoc/steam-reviews on Kaggle,,,CC BY-NC 4.0 (dataset card),2026-10-05,,d0ec12b33dffb8109b683b2e07780e2fc6b97187,,2026-03-12T14:51:00.000Z,2102,"Hugging Face repository downloads in last month; repeated per file, do not sum",32607243,24305e593d1325c31da7043b6fa052282350f04f880dd7251e88309bbca4321d,parquet,,,,,remote metadata only; not downloaded,,,,,,Repository update date does not prove each file was regenerated; card count is not a measured row count.,remote LFS metadata; verified locally for downloaded Parquet and matching CSV
adde023/steam-reviews,part.444.parquet,Hugging Face,https://huggingface.co/datasets/adde023/steam-reviews/blob/d0ec12b33dffb8109b683b2e07780e2fc6b97187/part.444.parquet,adde023,Steam User Reviews API via kieranpoc/steam-reviews on Kaggle,,,CC BY-NC 4.0 (dataset card),2026-10-05,,d0ec12b33dffb8109b683b2e07780e2fc6b97187,,2026-03-12T14:51:00.000Z,2102,"Hugging Face repository downloads in last month; repeated per file, do not sum",32852119,f666b2d7df64ec3a072101ae72b01a46a07ae59e58e14fcd78e68732dc7c54a4,parquet,,,,,remote metadata only; not downloaded,,,,,,Repository update date does not prove each file was regenerated; card count is not a measured row count.,remote LFS metadata; verified locally for downloaded Parquet and matching CSV
adde023/steam-reviews,part.445.parquet,Hugging Face,https://huggingface.co/datasets/adde023/steam-reviews/blob/d0ec12b33dffb8109b683b2e07780e2fc6b97187/part.445.parquet,adde023,Steam User Reviews API via kieranpoc/steam-reviews on Kaggle,,,CC BY-NC 4.0 (dataset card),2026-10-05,,d0ec12b33dffb8109b683b2e07780e2fc6b97187,,2026-03-12T14:51:00.000Z,2102,"Hugging Face repository downloads in last month; repeated per file, do not sum",36094422,ea29565c12d8c016adb24a735ba2677f15bc1bf499d067fe0f3ef9d745fad56a,parquet,,,,,remote metadata only; not downloaded,,,,,,Repository update date does not prove each file was regenerated; card count is not a measured row count.,remote LFS metadata; verified locally for downloaded Parquet and matching CSV
adde023/steam-reviews,part.446.parquet,Hugging Face,https://huggingface.co/datasets/adde023/steam-reviews/blob/d0ec12b33dffb8109b683b2e07780e2fc6b97187/part.446.parquet,adde023,Steam User Reviews API via kieranpoc/steam-reviews on Kaggle,,,CC BY-NC 4.0 (dataset card),2026-10-05,,d0ec12b33dffb8109b683b2e07780e2fc6b97187,,2026-03-12T14:51:00.000Z,2102,"Hugging Face repository downloads in last month; repeated per file, do not sum",38266072,642852b43e05b42ad0ae9458e21f9f5dca6c9b4f59030bca639800984bc58a0f,parquet,,,,,remote metadata only; not downloaded,,,,,,Repository update date does not prove each file was regenerated; card count is not a measured row count.,remote LFS metadata; verified locally for downloaded Parquet and matching CSV
adde023/steam-reviews,part.447.parquet,Hugging Face,https://huggingface.co/datasets/adde023/steam-reviews/blob/d0ec12b33dffb8109b683b2e07780e2fc6b97187/part.447.parquet,adde023,Steam User Reviews API via kieranpoc/steam-reviews on Kaggle,,,CC BY-NC 4.0 (dataset card),2026-10-05,,d0ec12b33dffb8109b683b2e07780e2fc6b97187,,2026-03-12T14:51:00.000Z,2102,"Hugging Face repository downloads in last month; repeated per file, do not sum",34373894,c8d9309f3c37c873bec3234244318a2a190d27613e179705719acf3987d28759,parquet,,,,,remote metadata only; not downloaded,,,,,,Repository update date does not prove each file was regenerated; card count is not a measured row count.,remote LFS metadata; verified locally for downloaded Parquet and matching CSV
adde023/steam-reviews,part.448.parquet,Hugging Face,https://huggingface.co/datasets/adde023/steam-reviews/blob/d0ec12b33dffb8109b683b2e07780e2fc6b97187/part.448.parquet,adde023,Steam User Reviews API via kieranpoc/steam-reviews on Kaggle,,,CC BY-NC 4.0 (dataset card),2026-10-05,,d0ec12b33dffb8109b683b2e07780e2fc6b97187,,2026-03-12T14:51:00.000Z,2102,"Hugging Face repository downloads in last month; repeated per file, do not sum",33832527,3f6012edfcdb6883fc55e011598351776bc089fa5cf8d1d49fdafa3c012a30ac,parquet,,,,,remote metadata only; not downloaded,,,,,,Repository update date does not prove each file was regenerated; card count is not a measured row count.,remote LFS metadata; verified locally for downloaded Parquet and matching CSV
adde023/steam-reviews,part.449.parquet,Hugging Face,https://huggingface.co/datasets/adde023/steam-reviews/blob/d0ec12b33dffb8109b683b2e07780e2fc6b97187/part.449.parquet,adde023,Steam User Reviews API via kieranpoc/steam-reviews on Kaggle,,,CC BY-NC 4.0 (dataset card),2026-10-05,,d0ec12b33dffb8109b683b2e07780e2fc6b97187,,2026-03-12T14:51:00.000Z,2102,"Hugging Face repository downloads in last month; repeated per file, do not sum",33028910,0363102738869d5efca610e9e3861e30465af087a3d12714ea5536eaf648a36b,parquet,,,,,remote metadata only; not downloaded,,,,,,Repository update date does not prove each file was regenerated; card count is not a measured row count.,remote LFS metadata; verified locally for downloaded Parquet and matching CSV
adde023/steam-reviews,part.45.parquet,Hugging Face,https://huggingface.co/datasets/adde023/steam-reviews/blob/d0ec12b33dffb8109b683b2e07780e2fc6b97187/part.45.parquet,adde023,Steam User Reviews API via kieranpoc/steam-reviews on Kaggle,,,CC BY-NC 4.0 (dataset card),2026-10-05,,d0ec12b33dffb8109b683b2e07780e2fc6b97187,,2026-03-12T14:51:00.000Z,2102,"Hugging Face repository downloads in last month; repeated per file, do not sum",36550866,6a365defe407d64a1ba2b4be1d6d43a1a0221b50dc399017e4076bb138e3c1ba,parquet,,,,,remote metadata only; not downloaded,,,,,,Repository update date does not prove each file was regenerated; card count is not a measured row count.,remote LFS metadata; verified locally for downloaded Parquet and matching CSV
adde023/steam-reviews,part.450.parquet,Hugging Face,https://huggingface.co/datasets/adde023/steam-reviews/blob/d0ec12b33dffb8109b683b2e07780e2fc6b97187/part.450.parquet,adde023,Steam User Reviews API via kieranpoc/steam-reviews on Kaggle,,,CC BY-NC 4.0 (dataset card),2026-10-05,,d0ec12b33dffb8109b683b2e07780e2fc6b97187,,2026-03-12T14:51:00.000Z,2102,"Hugging Face repository downloads in last month; repeated per file, do not sum",37375826,4b1fb11f9c42a31e1e881ce5d49810457f06138bd87c1ab82595d380f219e357,parquet,,,,,remote metadata only; not downloaded,,,,,,Repository update date does not prove each file was regenerated; card count is not a measured row count.,remote LFS metadata; verified locally for downloaded Parquet and matching CSV
adde023/steam-reviews,part.451.parquet,Hugging Face,https://huggingface.co/datasets/adde023/steam-reviews/blob/d0ec12b33dffb8109b683b2e07780e2fc6b97187/part.451.parquet,adde023,Steam User Reviews API via kieranpoc/steam-reviews on Kaggle,,,CC BY-NC 4.0 (dataset card),2026-10-05,,d0ec12b33dffb8109b683b2e07780e2fc6b97187,,2026-03-12T14:51:00.000Z,2102,"Hugging Face repository downloads in last month; repeated per file, do not sum",36163793,26f8b2b05b6c366d2b69d8163b4b9ba607ded90f297e5c3721c73c83785e8f98,parquet,,,,,remote metadata only; not downloaded,,,,,,Repository update date does not prove each file was regenerated; card count is not a measured row count.,remote LFS metadata; verified locally for downloaded Parquet and matching CSV
adde023/steam-reviews,part.452.parquet,Hugging Face,https://huggingface.co/datasets/adde023/steam-reviews/blob/d0ec12b33dffb8109b683b2e07780e2fc6b97187/part.452.parquet,adde023,Steam User Reviews API via kieranpoc/steam-reviews on Kaggle,,,CC BY-NC 4.0 (dataset card),2026-10-05,,d0ec12b33dffb8109b683b2e07780e2fc6b97187,,2026-03-12T14:51:00.000Z,2102,"Hugging Face repository downloads in last month; repeated per file, do not sum",37434795,dde4c3532394f21d5b22583603bb79cb6c6ce882df0d2da09d6997f6ef94c82e,parquet,,,,,remote metadata only; not downloaded,,,,,,Repository update date does not prove each file was regenerated; card count is not a measured row count.,remote LFS metadata; verified locally for downloaded Parquet and matching CSV
adde023/steam-reviews,part.453.parquet,Hugging Face,https://huggingface.co/datasets/adde023/steam-reviews/blob/d0ec12b33dffb8109b683b2e07780e2fc6b97187/part.453.parquet,adde023,Steam User Reviews API via kieranpoc/steam-reviews on Kaggle,,,CC BY-NC 4.0 (dataset card),2026-10-05,,d0ec12b33dffb8109b683b2e07780e2fc6b97187,,2026-03-12T14:51:00.000Z,2102,"Hugging Face repository downloads in last month; repeated per file, do not sum",35933624,54373c910f421ee3844957c60c3d1ac010587940cc012cc790f8992e2540deb2,parquet,,,,,remote metadata only; not downloaded,,,,,,Repository update date does not prove each file was regenerated; card count is not a measured row count.,remote LFS metadata; verified locally for downloaded Parquet and matching CSV
adde023/steam-reviews,part.454.parquet,Hugging Face,https://huggingface.co/datasets/adde023/steam-reviews/blob/d0ec12b33dffb8109b683b2e07780e2fc6b97187/part.454.parquet,adde023,Steam User Reviews API via kieranpoc/steam-reviews on Kaggle,,,CC BY-NC 4.0 (dataset card),2026-10-05,,d0ec12b33dffb8109b683b2e07780e2fc6b97187,,2026-03-12T14:51:00.000Z,2102,"Hugging Face repository downloads in last month; repeated per file, do not sum",37038919,c21759294cc17f37382f46c08cd1e4ef5219d6fae9fb1902276c8d8871af6b8d,parquet,,,,,remote metadata only; not downloaded,,,,,,Repository update date does not prove each file was regenerated; card count is not a measured row count.,remote LFS metadata; verified locally for downloaded Parquet and matching CSV
adde023/steam-reviews,part.455.parquet,Hugging Face,https://huggingface.co/datasets/adde023/steam-reviews/blob/d0ec12b33dffb8109b683b2e07780e2fc6b97187/part.455.parquet,adde023,Steam User Reviews API via kieranpoc/steam-reviews on Kaggle,,,CC BY-NC 4.0 (dataset card),2026-10-05,,d0ec12b33dffb8109b683b2e07780e2fc6b97187,,2026-03-12T14:51:00.000Z,2102,"Hugging Face repository downloads in last month; repeated per file, do not sum",36290724,051a4ed92698ae9b7d2d97e74da7f7bfe517094496fbce3681754c2b1cf546af,parquet,,,,,remote metadata only; not downloaded,,,,,,Repository update date does not prove each file was regenerated; card count is not a measured row count.,remote LFS metadata; verified locally for downloaded Parquet and matching CSV
adde023/steam-reviews,part.456.parquet,Hugging Face,https://huggingface.co/datasets/adde023/steam-reviews/blob/d0ec12b33dffb8109b683b2e07780e2fc6b97187/part.456.parquet,adde023,Steam User Reviews API via kieranpoc/steam-reviews on Kaggle,,,CC BY-NC 4.0 (dataset card),2026-10-05,,d0ec12b33dffb8109b683b2e07780e2fc6b97187,,2026-03-12T14:51:00.000Z,2102,"Hugging Face repository downloads in last month; repeated per file, do not sum",38180544,2aeecd6c1d0031ae85a38f3b25bbb808e3270a7668892176a185fe0ae2633e88,parquet,,,,,remote metadata only; not downloaded,,,,,,Repository update date does not prove each file was regenerated; card count is not a measured row count.,remote LFS metadata; verified locally for downloaded Parquet and matching CSV
adde023/steam-reviews,part.457.parquet,Hugging Face,https://huggingface.co/datasets/adde023/steam-reviews/blob/d0ec12b33dffb8109b683b2e07780e2fc6b97187/part.457.parquet,adde023,Steam User Reviews API via kieranpoc/steam-reviews on Kaggle,,,CC BY-NC 4.0 (dataset card),2026-10-05,,d0ec12b33dffb8109b683b2e07780e2fc6b97187,,2026-03-12T14:51:00.000Z,2102,"Hugging Face repository downloads in last month; repeated per file, do not sum",36731940,334ddb21dc6dd47ef0e2a58c042a273dca4724014f3026e7a3eba40d86cdb136,parquet,,,,,remote metadata only; not downloaded,,,,,,Repository update date does not prove each file was regenerated; card count is not a measured row count.,remote LFS metadata; verified locally for downloaded Parquet and matching CSV
adde023/steam-reviews,part.458.parquet,Hugging Face,https://huggingface.co/datasets/adde023/steam-reviews/blob/d0ec12b33dffb8109b683b2e07780e2fc6b97187/part.458.parquet,adde023,Steam User Reviews API via kieranpoc/steam-reviews on Kaggle,,,CC BY-NC 4.0 (dataset card),2026-10-05,,d0ec12b33dffb8109b683b2e07780e2fc6b97187,,2026-03-12T14:51:00.000Z,2102,"Hugging Face repository downloads in last month; repeated per file, do not sum",36612323,6a7dd4839fdeabb86285a205e18789627cdc9f321bb298025c994c1c42cafba3,parquet,,,,,remote metadata only; not downloaded,,,,,,Repository update date does not prove each file was regenerated; card count is not a measured row count.,remote LFS metadata; verified locally for downloaded Parquet and matching CSV
adde023/steam-reviews,part.459.parquet,Hugging Face,https://huggingface.co/datasets/adde023/steam-reviews/blob/d0ec12b33dffb8109b683b2e07780e2fc6b97187/part.459.parquet,adde023,Steam User Reviews API via kieranpoc/steam-reviews on Kaggle,,,CC BY-NC 4.0 (dataset card),2026-10-05,,d0ec12b33dffb8109b683b2e07780e2fc6b97187,,2026-03-12T14:51:00.000Z,2102,"Hugging Face repository downloads in last month; repeated per file, do not sum",36154692,fc100972306adc5bd2ca1e82d300cbfbf5d582b25e0c36dfd8528a4344887821,parquet,,,,,remote metadata only; not downloaded,,,,,,Repository update date does not prove each file was regenerated; card count is not a measured row count.,remote LFS metadata; verified locally for downloaded Parquet and matching CSV
adde023/steam-reviews,part.46.parquet,Hugging Face,https://huggingface.co/datasets/adde023/steam-reviews/blob/d0ec12b33dffb8109b683b2e07780e2fc6b97187/part.46.parquet,adde023,Steam User Reviews API via kieranpoc/steam-reviews on Kaggle,,,CC BY-NC 4.0 (dataset card),2026-10-05,,d0ec12b33dffb8109b683b2e07780e2fc6b97187,,2026-03-12T14:51:00.000Z,2102,"Hugging Face repository downloads in last month; repeated per file, do not sum",37207166,5e604feb9940aaac285c7452023af955ea4104d9cd2407618dd6a2dce87d49c6,parquet,,,,,remote metadata only; not downloaded,,,,,,Repository update date does not prove each file was regenerated; card count is not a measured row count.,remote LFS metadata; verified locally for downloaded Parquet and matching CSV
adde023/steam-reviews,part.460.parquet,Hugging Face,https://huggingface.co/datasets/adde023/steam-reviews/blob/d0ec12b33dffb8109b683b2e07780e2fc6b97187/part.460.parquet,adde023,Steam User Reviews API via kieranpoc/steam-reviews on Kaggle,,,CC BY-NC 4.0 (dataset card),2026-10-05,,d0ec12b33dffb8109b683b2e07780e2fc6b97187,,2026-03-12T14:51:00.000Z,2102,"Hugging Face repository downloads in last month; repeated per file, do not sum",38197906,1f860909a8a3e6763e684b6ab9056c1e35507e2e69df9f4483b3d6f64e2deba7,parquet,,,,,remote metadata only; not downloaded,,,,,,Repository update date does not prove each file was regenerated; card count is not a measured row count.,remote LFS metadata; verified locally for downloaded Parquet and matching CSV
adde023/steam-reviews,part.461.parquet,Hugging Face,https://huggingface.co/datasets/adde023/steam-reviews/blob/d0ec12b33dffb8109b683b2e07780e2fc6b97187/part.461.parquet,adde023,Steam User Reviews API via kieranpoc/steam-reviews on Kaggle,,,CC BY-NC 4.0 (dataset card),2026-10-05,,d0ec12b33dffb8109b683b2e07780e2fc6b97187,,2026-03-12T14:51:00.000Z,2102,"Hugging Face repository downloads in last month; repeated per file, do not sum",32695341,fe35e74e4c20c361be28533d5261e9cc57b90cb21c76d728253c9b55980e0f5b,parquet,,,,,remote metadata only; not downloaded,,,,,,Repository update date does not prove each file was regenerated; card count is not a measured row count.,remote LFS metadata; verified locally for downloaded Parquet and matching CSV
adde023/steam-reviews,part.462.parquet,Hugging Face,https://huggingface.co/datasets/adde023/steam-reviews/blob/d0ec12b33dffb8109b683b2e07780e2fc6b97187/part.462.parquet,adde023,Steam User Reviews API via kieranpoc/steam-reviews on Kaggle,,,CC BY-NC 4.0 (dataset card),2026-10-05,,d0ec12b33dffb8109b683b2e07780e2fc6b97187,,2026-03-12T14:51:00.000Z,2102,"Hugging Face repository downloads in last month; repeated per file, do not sum",37244542,76181a58cd60df8042b500dc5fbdaf0f6a14b27b4c6c51759c9afc9c9e2c7331,parquet,,,,,remote metadata only; not downloaded,,,,,,Repository update date does not prove each file was regenerated; card count is not a measured row count.,remote LFS metadata; verified locally for downloaded Parquet and matching CSV
adde023/steam-reviews,part.463.parquet,Hugging Face,https://huggingface.co/datasets/adde023/steam-reviews/blob/d0ec12b33dffb8109b683b2e07780e2fc6b97187/part.463.parquet,adde023,Steam User Reviews API via kieranpoc/steam-reviews on Kaggle,,,CC BY-NC 4.0 (dataset card),2026-10-05,,d0ec12b33dffb8109b683b2e07780e2fc6b97187,,2026-03-12T14:51:00.000Z,2102,"Hugging Face repository downloads in last month; repeated per file, do not sum",38416972,dbfa039e72099ed20b7354a14870bad4165cd7998c722a7dc8f1adc8b18e730b,parquet,,,,,remote metadata only; not downloaded,,,,,,Repository update date does not prove each file was regenerated; card count is not a measured row count.,remote LFS metadata; verified locally for downloaded Parquet and matching CSV
adde023/steam-reviews,part.464.parquet,Hugging Face,https://huggingface.co/datasets/adde023/steam-reviews/blob/d0ec12b33dffb8109b683b2e07780e2fc6b97187/part.464.parquet,adde023,Steam User Reviews API via kieranpoc/steam-reviews on Kaggle,,,CC BY-NC 4.0 (dataset card),2026-10-05,,d0ec12b33dffb8109b683b2e07780e2fc6b97187,,2026-03-12T14:51:00.000Z,2102,"Hugging Face repository downloads in last month; repeated per file, do not sum",34560163,6010010c8574ac3fc5d0df0ccc2901c6cf9eba223e8ba34ec19c94ce147a73e2,parquet,,,,,remote metadata only; not downloaded,,,,,,Repository update date does not prove each file was regenerated; card count is not a measured row count.,remote LFS metadata; verified locally for downloaded Parquet and matching CSV
adde023/steam-reviews,part.465.parquet,Hugging Face,https://huggingface.co/datasets/adde023/steam-reviews/blob/d0ec12b33dffb8109b683b2e07780e2fc6b97187/part.465.parquet,adde023,Steam User Reviews API via kieranpoc/steam-reviews on Kaggle,,,CC BY-NC 4.0 (dataset card),2026-10-05,,d0ec12b33dffb8109b683b2e07780e2fc6b97187,,2026-03-12T14:51:00.000Z,2102,"Hugging Face repository downloads in last month; repeated per file, do not sum",35555143,f5ffcc14da6afc5aac1b56ce25d95f382a4ac235e9932aa652dbbd78b5821ba2,parquet,,,,,remote metadata only; not downloaded,,,,,,Repository update date does not prove each file was regenerated; card count is not a measured row count.,remote LFS metadata; verified locally for downloaded Parquet and matching CSV
adde023/steam-reviews,part.466.parquet,Hugging Face,https://huggingface.co/datasets/adde023/steam-reviews/blob/d0ec12b33dffb8109b683b2e07780e2fc6b97187/part.466.parquet,adde023,Steam User Reviews API via kieranpoc/steam-reviews on Kaggle,,,CC BY-NC 4.0 (dataset card),2026-10-05,,d0ec12b33dffb8109b683b2e07780e2fc6b97187,,2026-03-12T14:51:00.000Z,2102,"Hugging Face repository downloads in last month; repeated per file, do not sum",30941599,85696ed479d59260b3800f93180f1845b0da94e3d89545d99f6f790cf7ce4e29,parquet,,,,,remote metadata only; not downloaded,,,,,,Repository update date does not prove each file was regenerated; card count is not a measured row count.,remote LFS metadata; verified locally for downloaded Parquet and matching CSV
adde023/steam-reviews,part.467.parquet,Hugging Face,https://huggingface.co/datasets/adde023/steam-reviews/blob/d0ec12b33dffb8109b683b2e07780e2fc6b97187/part.467.parquet,adde023,Steam User Reviews API via kieranpoc/steam-reviews on Kaggle,,,CC BY-NC 4.0 (dataset card),2026-10-05,,d0ec12b33dffb8109b683b2e07780e2fc6b97187,,2026-03-12T14:51:00.000Z,2102,"Hugging Face repository downloads in last month; repeated per file, do not sum",30547616,b0b6c17019c1830ef8506792d70ebd6056bb413c8c87749e8f4e472eade59677,parquet,,,,,remote metadata only; not downloaded,,,,,,Repository update date does not prove each file was regenerated; card count is not a measured row count.,remote LFS metadata; verified locally for downloaded Parquet and matching CSV
adde023/steam-reviews,part.468.parquet,Hugging Face,https://huggingface.co/datasets/adde023/steam-reviews/blob/d0ec12b33dffb8109b683b2e07780e2fc6b97187/part.468.parquet,adde023,Steam User Reviews API via kieranpoc/steam-reviews on Kaggle,,,CC BY-NC 4.0 (dataset card),2026-10-05,,d0ec12b33dffb8109b683b2e07780e2fc6b97187,,2026-03-12T14:51:00.000Z,2102,"Hugging Face repository downloads in last month; repeated per file, do not sum",36785017,e865090066d99622fee27b5d37d23116af7995ea73b330972e3ed66f5f2b2ebd,parquet,,,,,remote metadata only; not downloaded,,,,,,Repository update date does not prove each file was regenerated; card count is not a measured row count.,remote LFS metadata; verified locally for downloaded Parquet and matching CSV
adde023/steam-reviews,part.469.parquet,Hugging Face,https://huggingface.co/datasets/adde023/steam-reviews/blob/d0ec12b33dffb8109b683b2e07780e2fc6b97187/part.469.parquet,adde023,Steam User Reviews API via kieranpoc/steam-reviews on Kaggle,,,CC BY-NC 4.0 (dataset card),2026-10-05,,d0ec12b33dffb8109b683b2e07780e2fc6b97187,,2026-03-12T14:51:00.000Z,2102,"Hugging Face repository downloads in last month; repeated per file, do not sum",36951214,15bbfd9cc38fd2bcc29aa0269426c635824ed9e88151a4a198705e54291c9046,parquet,,,,,remote metadata only; not downloaded,,,,,,Repository update date does not prove each file was regenerated; card count is not a measured row count.,remote LFS metadata; verified locally for downloaded Parquet and matching CSV
adde023/steam-reviews,part.47.parquet,Hugging Face,https://huggingface.co/datasets/adde023/steam-reviews/blob/d0ec12b33dffb8109b683b2e07780e2fc6b97187/part.47.parquet,adde023,Steam User Reviews API via kieranpoc/steam-reviews on Kaggle,,,CC BY-NC 4.0 (dataset card),2026-10-05,,d0ec12b33dffb8109b683b2e07780e2fc6b97187,,2026-03-12T14:51:00.000Z,2102,"Hugging Face repository downloads in last month; repeated per file, do not sum",36617574,4eabf73c64430a80f7306e65c5ba188f2f7dfd5085a328e2a56cc21a1883a1e1,parquet,,,,,remote metadata only; not downloaded,,,,,,Repository update date does not prove each file was regenerated; card count is not a measured row count.,remote LFS metadata; verified locally for downloaded Parquet and matching CSV
adde023/steam-reviews,part.470.parquet,Hugging Face,https://huggingface.co/datasets/adde023/steam-reviews/blob/d0ec12b33dffb8109b683b2e07780e2fc6b97187/part.470.parquet,adde023,Steam User Reviews API via kieranpoc/steam-reviews on Kaggle,,,CC BY-NC 4.0 (dataset card),2026-10-05,,d0ec12b33dffb8109b683b2e07780e2fc6b97187,,2026-03-12T14:51:00.000Z,2102,"Hugging Face repository downloads in last month; repeated per file, do not sum",36128031,21eb2091d3e15297582a6a6cc7e0c417b6daedc8f7c1fed102dcf169e2829c21,parquet,,,,,remote metadata only; not downloaded,,,,,,Repository update date does not prove each file was regenerated; card count is not a measured row count.,remote LFS metadata; verified locally for downloaded Parquet and matching CSV
adde023/steam-reviews,part.471.parquet,Hugging Face,https://huggingface.co/datasets/adde023/steam-reviews/blob/d0ec12b33dffb8109b683b2e07780e2fc6b97187/part.471.parquet,adde023,Steam User Reviews API via kieranpoc/steam-reviews on Kaggle,,,CC BY-NC 4.0 (dataset card),2026-10-05,,d0ec12b33dffb8109b683b2e07780e2fc6b97187,,2026-03-12T14:51:00.000Z,2102,"Hugging Face repository downloads in last month; repeated per file, do not sum",36205971,c5f8a760ff4039a52415b79bd9b78e947aa4e25af234d0ecfaebef63bdc8d0c2,parquet,,,,,remote metadata only; not downloaded,,,,,,Repository update date does not prove each file was regenerated; card count is not a measured row count.,remote LFS metadata; verified locally for downloaded Parquet and matching CSV
adde023/steam-reviews,part.472.parquet,Hugging Face,https://huggingface.co/datasets/adde023/steam-reviews/blob/d0ec12b33dffb8109b683b2e07780e2fc6b97187/part.472.parquet,adde023,Steam User Reviews API via kieranpoc/steam-reviews on Kaggle,,,CC BY-NC 4.0 (dataset card),2026-10-05,,d0ec12b33dffb8109b683b2e07780e2fc6b97187,,2026-03-12T14:51:00.000Z,2102,"Hugging Face repository downloads in last month; repeated per file, do not sum",37514989,dea0d029a80292f199de8e4a4b0ebe77bdcd5679dff44d55e982059f4b7d1bc5,parquet,,,,,remote metadata only; not downloaded,,,,,,Repository update date does not prove each file was regenerated; card count is not a measured row count.,remote LFS metadata; verified locally for downloaded Parquet and matching CSV
adde023/steam-reviews,part.473.parquet,Hugging Face,https://huggingface.co/datasets/adde023/steam-reviews/blob/d0ec12b33dffb8109b683b2e07780e2fc6b97187/part.473.parquet,adde023,Steam User Reviews API via kieranpoc/steam-reviews on Kaggle,,,CC BY-NC 4.0 (dataset card),2026-10-05,,d0ec12b33dffb8109b683b2e07780e2fc6b97187,,2026-03-12T14:51:00.000Z,2102,"Hugging Face repository downloads in last month; repeated per file, do not sum",36478373,2330ebcf1a0505fc3807a735cc111d43e70f2f4cbffb8437172feaea6920cd65,parquet,,,,,remote metadata only; not downloaded,,,,,,Repository update date does not prove each file was regenerated; card count is not a measured row count.,remote LFS metadata; verified locally for downloaded Parquet and matching CSV
adde023/steam-reviews,part.474.parquet,Hugging Face,https://huggingface.co/datasets/adde023/steam-reviews/blob/d0ec12b33dffb8109b683b2e07780e2fc6b97187/part.474.parquet,adde023,Steam User Reviews API via kieranpoc/steam-reviews on Kaggle,,,CC BY-NC 4.0 (dataset card),2026-10-05,,d0ec12b33dffb8109b683b2e07780e2fc6b97187,,2026-03-12T14:51:00.000Z,2102,"Hugging Face repository downloads in last month; repeated per file, do not sum",37878710,229772ab2bfb6bdb6c685ad5e3a109de867ccce0e56100d4eb9251d84a5cbc9d,parquet,,,,,remote metadata only; not downloaded,,,,,,Repository update date does not prove each file was regenerated; card count is not a measured row count.,remote LFS metadata; verified locally for downloaded Parquet and matching CSV
adde023/steam-reviews,part.475.parquet,Hugging Face,https://huggingface.co/datasets/adde023/steam-reviews/blob/d0ec12b33dffb8109b683b2e07780e2fc6b97187/part.475.parquet,adde023,Steam User Reviews API via kieranpoc/steam-reviews on Kaggle,,,CC BY-NC 4.0 (dataset card),2026-10-05,,d0ec12b33dffb8109b683b2e07780e2fc6b97187,,2026-03-12T14:51:00.000Z,2102,"Hugging Face repository downloads in last month; repeated per file, do not sum",37899129,81292cf4c9131b6dc8c17956fb025a107bb79c904d31c255ed686e28d984b75c,parquet,,,,,remote metadata only; not downloaded,,,,,,Repository update date does not prove each file was regenerated; card count is not a measured row count.,remote LFS metadata; verified locally for downloaded Parquet and matching CSV
adde023/steam-reviews,part.476.parquet,Hugging Face,https://huggingface.co/datasets/adde023/steam-reviews/blob/d0ec12b33dffb8109b683b2e07780e2fc6b97187/part.476.parquet,adde023,Steam User Reviews API via kieranpoc/steam-reviews on Kaggle,,,CC BY-NC 4.0 (dataset card),2026-10-05,,d0ec12b33dffb8109b683b2e07780e2fc6b97187,,2026-03-12T14:51:00.000Z,2102,"Hugging Face repository downloads in last month; repeated per file, do not sum",38135875,ce096f8d9c907254096a58596db4ba3fe514aa51c46dbb75ca9f8e7641e4adb0,parquet,,,,,remote metadata only; not downloaded,,,,,,Repository update date does not prove each file was regenerated; card count is not a measured row count.,remote LFS metadata; verified locally for downloaded Parquet and matching CSV
adde023/steam-reviews,part.477.parquet,Hugging Face,https://huggingface.co/datasets/adde023/steam-reviews/blob/d0ec12b33dffb8109b683b2e07780e2fc6b97187/part.477.parquet,adde023,Steam User Reviews API via kieranpoc/steam-reviews on Kaggle,,,CC BY-NC 4.0 (dataset card),2026-10-05,,d0ec12b33dffb8109b683b2e07780e2fc6b97187,,2026-03-12T14:51:00.000Z,2102,"Hugging Face repository downloads in last month; repeated per file, do not sum",32220779,5e6beccd4767eea46a52452606d2d2c458e6dc1b940270bae1f83cc9a2bd2637,parquet,,,,,remote metadata only; not downloaded,,,,,,Repository update date does not prove each file was regenerated; card count is not a measured row count.,remote LFS metadata; verified locally for downloaded Parquet and matching CSV
adde023/steam-reviews,part.478.parquet,Hugging Face,https://huggingface.co/datasets/adde023/steam-reviews/blob/d0ec12b33dffb8109b683b2e07780e2fc6b97187/part.478.parquet,adde023,Steam User Reviews API via kieranpoc/steam-reviews on Kaggle,,,CC BY-NC 4.0 (dataset card),2026-10-05,,d0ec12b33dffb8109b683b2e07780e2fc6b97187,,2026-03-12T14:51:00.000Z,2102,"Hugging Face repository downloads in last month; repeated per file, do not sum",36907437,5536bd194bde1cbf040dadd3b5fdeacdc641e8c32c52325cfe6de802624dc617,parquet,,,,,remote metadata only; not downloaded,,,,,,Repository update date does not prove each file was regenerated; card count is not a measured row count.,remote LFS metadata; verified locally for downloaded Parquet and matching CSV
adde023/steam-reviews,part.479.parquet,Hugging Face,https://huggingface.co/datasets/adde023/steam-reviews/blob/d0ec12b33dffb8109b683b2e07780e2fc6b97187/part.479.parquet,adde023,Steam User Reviews API via kieranpoc/steam-reviews on Kaggle,,,CC BY-NC 4.0 (dataset card),2026-10-05,,d0ec12b33dffb8109b683b2e07780e2fc6b97187,,2026-03-12T14:51:00.000Z,2102,"Hugging Face repository downloads in last month; repeated per file, do not sum",37637006,ea3dab1fe0dae329297a73d8c527c4422cb4b72542ca1068a6d6fcb065da5811,parquet,,,,,remote metadata only; not downloaded,,,,,,Repository update date does not prove each file was regenerated; card count is not a measured row count.,remote LFS metadata; verified locally for downloaded Parquet and matching CSV
adde023/steam-reviews,part.48.parquet,Hugging Face,https://huggingface.co/datasets/adde023/steam-reviews/blob/d0ec12b33dffb8109b683b2e07780e2fc6b97187/part.48.parquet,adde023,Steam User Reviews API via kieranpoc/steam-reviews on Kaggle,,,CC BY-NC 4.0 (dataset card),2026-10-05,,d0ec12b33dffb8109b683b2e07780e2fc6b97187,,2026-03-12T14:51:00.000Z,2102,"Hugging Face repository downloads in last month; repeated per file, do not sum",35863810,405704a895a8110b53cf1e4a2d4a64681bcd18092ed939afc20ae9faf4d1e44f,parquet,,,,,remote metadata only; not downloaded,,,,,,Repository update date does not prove each file was regenerated; card count is not a measured row count.,remote LFS metadata; verified locally for downloaded Parquet and matching CSV
adde023/steam-reviews,part.480.parquet,Hugging Face,https://huggingface.co/datasets/adde023/steam-reviews/blob/d0ec12b33dffb8109b683b2e07780e2fc6b97187/part.480.parquet,adde023,Steam User Reviews API via kieranpoc/steam-reviews on Kaggle,,,CC BY-NC 4.0 (dataset card),2026-10-05,,d0ec12b33dffb8109b683b2e07780e2fc6b97187,,2026-03-12T14:51:00.000Z,2102,"Hugging Face repository downloads in last month; repeated per file, do not sum",35553774,d783ef3ff04a4d543166694371b1c8e3f5c732af6dedd4fd51260490cd23c0b7,parquet,,,,,remote metadata only; not downloaded,,,,,,Repository update date does not prove each file was regenerated; card count is not a measured row count.,remote LFS metadata; verified locally for downloaded Parquet and matching CSV
adde023/steam-reviews,part.481.parquet,Hugging Face,https://huggingface.co/datasets/adde023/steam-reviews/blob/d0ec12b33dffb8109b683b2e07780e2fc6b97187/part.481.parquet,adde023,Steam User Reviews API via kieranpoc/steam-reviews on Kaggle,,,CC BY-NC 4.0 (dataset card),2026-10-05,,d0ec12b33dffb8109b683b2e07780e2fc6b97187,,2026-03-12T14:51:00.000Z,2102,"Hugging Face repository downloads in last month; repeated per file, do not sum",36730681,b94d8dd986a8aa1ed5e07ab909358c7e31f10effaf740268c40c49cd618a388d,parquet,,,,,remote metadata only; not downloaded,,,,,,Repository update date does not prove each file was regenerated; card count is not a measured row count.,remote LFS metadata; verified locally for downloaded Parquet and matching CSV
adde023/steam-reviews,part.482.parquet,Hugging Face,https://huggingface.co/datasets/adde023/steam-reviews/blob/d0ec12b33dffb8109b683b2e07780e2fc6b97187/part.482.parquet,adde023,Steam User Reviews API via kieranpoc/steam-reviews on Kaggle,,,CC BY-NC 4.0 (dataset card),2026-10-05,,d0ec12b33dffb8109b683b2e07780e2fc6b97187,,2026-03-12T14:51:00.000Z,2102,"Hugging Face repository downloads in last month; repeated per file, do not sum",37938372,fd9f711b653ff686611b0d6b0b253242fca7154de23a7ec3280f2f707c4eb5dd,parquet,,,,,remote metadata only; not downloaded,,,,,,Repository update date does not prove each file was regenerated; card count is not a measured row count.,remote LFS metadata; verified locally for downloaded Parquet and matching CSV
adde023/steam-reviews,part.483.parquet,Hugging Face,https://huggingface.co/datasets/adde023/steam-reviews/blob/d0ec12b33dffb8109b683b2e07780e2fc6b97187/part.483.parquet,adde023,Steam User Reviews API via kieranpoc/steam-reviews on Kaggle,,,CC BY-NC 4.0 (dataset card),2026-10-05,,d0ec12b33dffb8109b683b2e07780e2fc6b97187,,2026-03-12T14:51:00.000Z,2102,"Hugging Face repository downloads in last month; repeated per file, do not sum",35160836,da791fda759e9188a5266da42f406781b6cf063e50720dd4072aeff42f7f2801,parquet,,,,,remote metadata only; not downloaded,,,,,,Repository update date does not prove each file was regenerated; card count is not a measured row count.,remote LFS metadata; verified locally for downloaded Parquet and matching CSV
adde023/steam-reviews,part.484.parquet,Hugging Face,https://huggingface.co/datasets/adde023/steam-reviews/blob/d0ec12b33dffb8109b683b2e07780e2fc6b97187/part.484.parquet,adde023,Steam User Reviews API via kieranpoc/steam-reviews on Kaggle,,,CC BY-NC 4.0 (dataset card),2026-10-05,,d0ec12b33dffb8109b683b2e07780e2fc6b97187,,2026-03-12T14:51:00.000Z,2102,"Hugging Face repository downloads in last month; repeated per file, do not sum",38465569,3bc2fc473e950d255b649c72c666f2697c276deb74bd570aa272b4475c64e9a4,parquet,,,,,remote metadata only; not downloaded,,,,,,Repository update date does not prove each file was regenerated; card count is not a measured row count.,remote LFS metadata; verified locally for downloaded Parquet and matching CSV
adde023/steam-reviews,part.485.parquet,Hugging Face,https://huggingface.co/datasets/adde023/steam-reviews/blob/d0ec12b33dffb8109b683b2e07780e2fc6b97187/part.485.parquet,adde023,Steam User Reviews API via kieranpoc/steam-reviews on Kaggle,,,CC BY-NC 4.0 (dataset card),2026-10-05,,d0ec12b33dffb8109b683b2e07780e2fc6b97187,,2026-03-12T14:51:00.000Z,2102,"Hugging Face repository downloads in last month; repeated per file, do not sum",37596127,c6e258730e68d30928fa2b59d9491cd02e0a462c06c35fa838e13f0fe37d298c,parquet,,,,,remote metadata only; not downloaded,,,,,,Repository update date does not prove each file was regenerated; card count is not a measured row count.,remote LFS metadata; verified locally for downloaded Parquet and matching CSV
adde023/steam-reviews,part.486.parquet,Hugging Face,https://huggingface.co/datasets/adde023/steam-reviews/blob/d0ec12b33dffb8109b683b2e07780e2fc6b97187/part.486.parquet,adde023,Steam User Reviews API via kieranpoc/steam-reviews on Kaggle,,,CC BY-NC 4.0 (dataset card),2026-10-05,,d0ec12b33dffb8109b683b2e07780e2fc6b97187,,2026-03-12T14:51:00.000Z,2102,"Hugging Face repository downloads in last month; repeated per file, do not sum",37747114,60d1eb60852c4f6190ad18d559d42dddb536b9a4552e44bfb894acc18e8f338b,parquet,,,,,remote metadata only; not downloaded,,,,,,Repository update date does not prove each file was regenerated; card count is not a measured row count.,remote LFS metadata; verified locally for downloaded Parquet and matching CSV
adde023/steam-reviews,part.487.parquet,Hugging Face,https://huggingface.co/datasets/adde023/steam-reviews/blob/d0ec12b33dffb8109b683b2e07780e2fc6b97187/part.487.parquet,adde023,Steam User Reviews API via kieranpoc/steam-reviews on Kaggle,,,CC BY-NC 4.0 (dataset card),2026-10-05,,d0ec12b33dffb8109b683b2e07780e2fc6b97187,,2026-03-12T14:51:00.000Z,2102,"Hugging Face repository downloads in last month; repeated per file, do not sum",37945768,1e46a3a3c0726833212cf6ae3e7224924317e9c4b7628f3bf8e6e3a527426c9d,parquet,,,,,remote metadata only; not downloaded,,,,,,Repository update date does not prove each file was regenerated; card count is not a measured row count.,remote LFS metadata; verified locally for downloaded Parquet and matching CSV
adde023/steam-reviews,part.488.parquet,Hugging Face,https://huggingface.co/datasets/adde023/steam-reviews/blob/d0ec12b33dffb8109b683b2e07780e2fc6b97187/part.488.parquet,adde023,Steam User Reviews API via kieranpoc/steam-reviews on Kaggle,,,CC BY-NC 4.0 (dataset card),2026-10-05,,d0ec12b33dffb8109b683b2e07780e2fc6b97187,,2026-03-12T14:51:00.000Z,2102,"Hugging Face repository downloads in last month; repeated per file, do not sum",37533462,1dd219e3bb7443cc95d0c934e3a403842c0b9a819f02c2b38755cb2e5a3b0f29,parquet,,,,,remote metadata only; not downloaded,,,,,,Repository update date does not prove each file was regenerated; card count is not a measured row count.,remote LFS metadata; verified locally for downloaded Parquet and matching CSV
adde023/steam-reviews,part.489.parquet,Hugging Face,https://huggingface.co/datasets/adde023/steam-reviews/blob/d0ec12b33dffb8109b683b2e07780e2fc6b97187/part.489.parquet,adde023,Steam User Reviews API via kieranpoc/steam-reviews on Kaggle,,,CC BY-NC 4.0 (dataset card),2026-10-05,,d0ec12b33dffb8109b683b2e07780e2fc6b97187,,2026-03-12T14:51:00.000Z,2102,"Hugging Face repository downloads in last month; repeated per file, do not sum",36287126,2ccb864c19c888b76d32cd1d4173948ffe8adf8c98af1616d95144898d828f26,parquet,,,,,remote metadata only; not downloaded,,,,,,Repository update date does not prove each file was regenerated; card count is not a measured row count.,remote LFS metadata; verified locally for downloaded Parquet and matching CSV
adde023/steam-reviews,part.49.parquet,Hugging Face,https://huggingface.co/datasets/adde023/steam-reviews/blob/d0ec12b33dffb8109b683b2e07780e2fc6b97187/part.49.parquet,adde023,Steam User Reviews API via kieranpoc/steam-reviews on Kaggle,,,CC BY-NC 4.0 (dataset card),2026-10-05,,d0ec12b33dffb8109b683b2e07780e2fc6b97187,,2026-03-12T14:51:00.000Z,2102,"Hugging Face repository downloads in last month; repeated per file, do not sum",35748269,0f696bb6d8af292d0110f7b8379c2f965e000f985628a813cf23b04c909a036c,parquet,,,,,remote metadata only; not downloaded,,,,,,Repository update date does not prove each file was regenerated; card count is not a measured row count.,remote LFS metadata; verified locally for downloaded Parquet and matching CSV
adde023/steam-reviews,part.490.parquet,Hugging Face,https://huggingface.co/datasets/adde023/steam-reviews/blob/d0ec12b33dffb8109b683b2e07780e2fc6b97187/part.490.parquet,adde023,Steam User Reviews API via kieranpoc/steam-reviews on Kaggle,,,CC BY-NC 4.0 (dataset card),2026-10-05,,d0ec12b33dffb8109b683b2e07780e2fc6b97187,,2026-03-12T14:51:00.000Z,2102,"Hugging Face repository downloads in last month; repeated per file, do not sum",32328142,e48cc4ccf076d1e5fd8a2782e795fdc7db49cf2179069771ac4227ede1a30d6f,parquet,,,,,remote metadata only; not downloaded,,,,,,Repository update date does not prove each file was regenerated; card count is not a measured row count.,remote LFS metadata; verified locally for downloaded Parquet and matching CSV
adde023/steam-reviews,part.491.parquet,Hugging Face,https://huggingface.co/datasets/adde023/steam-reviews/blob/d0ec12b33dffb8109b683b2e07780e2fc6b97187/part.491.parquet,adde023,Steam User Reviews API via kieranpoc/steam-reviews on Kaggle,,,CC BY-NC 4.0 (dataset card),2026-10-05,,d0ec12b33dffb8109b683b2e07780e2fc6b97187,,2026-03-12T14:51:00.000Z,2102,"Hugging Face repository downloads in last month; repeated per file, do not sum",33906397,c2270bb5ad0ce0c796a376ab41a5131d7179e6051e1b18507b6a55df6ea8657e,parquet,,,,,remote metadata only; not downloaded,,,,,,Repository update date does not prove each file was regenerated; card count is not a measured row count.,remote LFS metadata; verified locally for downloaded Parquet and matching CSV
adde023/steam-reviews,part.492.parquet,Hugging Face,https://huggingface.co/datasets/adde023/steam-reviews/blob/d0ec12b33dffb8109b683b2e07780e2fc6b97187/part.492.parquet,adde023,Steam User Reviews API via kieranpoc/steam-reviews on Kaggle,,,CC BY-NC 4.0 (dataset card),2026-10-05,,d0ec12b33dffb8109b683b2e07780e2fc6b97187,,2026-03-12T14:51:00.000Z,2102,"Hugging Face repository downloads in last month; repeated per file, do not sum",30154884,dcb229e1037dbaf964ce213246426f3d9122aade003df01473fdd58b6860d14e,parquet,,,,,remote metadata only; not downloaded,,,,,,Repository update date does not prove each file was regenerated; card count is not a measured row count.,remote LFS metadata; verified locally for downloaded Parquet and matching CSV
adde023/steam-reviews,part.493.parquet,Hugging Face,https://huggingface.co/datasets/adde023/steam-reviews/blob/d0ec12b33dffb8109b683b2e07780e2fc6b97187/part.493.parquet,adde023,Steam User Reviews API via kieranpoc/steam-reviews on Kaggle,,,CC BY-NC 4.0 (dataset card),2026-10-05,,d0ec12b33dffb8109b683b2e07780e2fc6b97187,,2026-03-12T14:51:00.000Z,2102,"Hugging Face repository downloads in last month; repeated per file, do not sum",33022321,c01942ce3d1bb538c1af206b20c9dea93f186bc0d46e3e2307279dc07ea608ab,parquet,,,,,remote metadata only; not downloaded,,,,,,Repository update date does not prove each file was regenerated; card count is not a measured row count.,remote LFS metadata; verified locally for downloaded Parquet and matching CSV
adde023/steam-reviews,part.494.parquet,Hugging Face,https://huggingface.co/datasets/adde023/steam-reviews/blob/d0ec12b33dffb8109b683b2e07780e2fc6b97187/part.494.parquet,adde023,Steam User Reviews API via kieranpoc/steam-reviews on Kaggle,,,CC BY-NC 4.0 (dataset card),2026-10-05,,d0ec12b33dffb8109b683b2e07780e2fc6b97187,,2026-03-12T14:51:00.000Z,2102,"Hugging Face repository downloads in last month; repeated per file, do not sum",35316356,2f744ddc5f0417952a774f892974257ee72e5e220954534ac8f2f2cdb2f92beb,parquet,,,,,remote metadata only; not downloaded,,,,,,Repository update date does not prove each file was regenerated; card count is not a measured row count.,remote LFS metadata; verified locally for downloaded Parquet and matching CSV
adde023/steam-reviews,part.495.parquet,Hugging Face,https://huggingface.co/datasets/adde023/steam-reviews/blob/d0ec12b33dffb8109b683b2e07780e2fc6b97187/part.495.parquet,adde023,Steam User Reviews API via kieranpoc/steam-reviews on Kaggle,,,CC BY-NC 4.0 (dataset card),2026-10-05,,d0ec12b33dffb8109b683b2e07780e2fc6b97187,,2026-03-12T14:51:00.000Z,2102,"Hugging Face repository downloads in last month; repeated per file, do not sum",35598677,8351a27f1e44f3fee715e6217aaa2919ce7e8391268087b3f5efba3beb947bea,parquet,,,,,remote metadata only; not downloaded,,,,,,Repository update date does not prove each file was regenerated; card count is not a measured row count.,remote LFS metadata; verified locally for downloaded Parquet and matching CSV
adde023/steam-reviews,part.496.parquet,Hugging Face,https://huggingface.co/datasets/adde023/steam-reviews/blob/d0ec12b33dffb8109b683b2e07780e2fc6b97187/part.496.parquet,adde023,Steam User Reviews API via kieranpoc/steam-reviews on Kaggle,,,CC BY-NC 4.0 (dataset card),2026-10-05,,d0ec12b33dffb8109b683b2e07780e2fc6b97187,,2026-03-12T14:51:00.000Z,2102,"Hugging Face repository downloads in last month; repeated per file, do not sum",35893004,51358fdf295f2d5ae1c0edb278cce0a0e5329d825bf3986c0a3eec9393b3ef8c,parquet,,,,,remote metadata only; not downloaded,,,,,,Repository update date does not prove each file was regenerated; card count is not a measured row count.,remote LFS metadata; verified locally for downloaded Parquet and matching CSV
adde023/steam-reviews,part.497.parquet,Hugging Face,https://huggingface.co/datasets/adde023/steam-reviews/blob/d0ec12b33dffb8109b683b2e07780e2fc6b97187/part.497.parquet,adde023,Steam User Reviews API via kieranpoc/steam-reviews on Kaggle,,,CC BY-NC 4.0 (dataset card),2026-10-05,,d0ec12b33dffb8109b683b2e07780e2fc6b97187,,2026-03-12T14:51:00.000Z,2102,"Hugging Face repository downloads in last month; repeated per file, do not sum",37982596,de6731a2520d90647abe61b343d8ae4c1ef33d2fc1b198a87c14b201a7271f21,parquet,,,,,remote metadata only; not downloaded,,,,,,Repository update date does not prove each file was regenerated; card count is not a measured row count.,remote LFS metadata; verified locally for downloaded Parquet and matching CSV
adde023/steam-reviews,part.498.parquet,Hugging Face,https://huggingface.co/datasets/adde023/steam-reviews/blob/d0ec12b33dffb8109b683b2e07780e2fc6b97187/part.498.parquet,adde023,Steam User Reviews API via kieranpoc/steam-reviews on Kaggle,,,CC BY-NC 4.0 (dataset card),2026-10-05,,d0ec12b33dffb8109b683b2e07780e2fc6b97187,,2026-03-12T14:51:00.000Z,2102,"Hugging Face repository downloads in last month; repeated per file, do not sum",37107048,544110ecde946883f585ba52461b237c450940d32ad0fe96313b814ab07c493b,parquet,,,,,remote metadata only; not downloaded,,,,,,Repository update date does not prove each file was regenerated; card count is not a measured row count.,remote LFS metadata; verified locally for downloaded Parquet and matching CSV
adde023/steam-reviews,part.499.parquet,Hugging Face,https://huggingface.co/datasets/adde023/steam-reviews/blob/d0ec12b33dffb8109b683b2e07780e2fc6b97187/part.499.parquet,adde023,Steam User Reviews API via kieranpoc/steam-reviews on Kaggle,,,CC BY-NC 4.0 (dataset card),2026-10-05,,d0ec12b33dffb8109b683b2e07780e2fc6b97187,,2026-03-12T14:51:00.000Z,2102,"Hugging Face repository downloads in last month; repeated per file, do not sum",36990489,91fb789f75cd5dd5146b1567c955ab59d9b39fc510a900a8865ec95fe3a4b959,parquet,,,,,remote metadata only; not downloaded,,,,,,Repository update date does not prove each file was regenerated; card count is not a measured row count.,remote LFS metadata; verified locally for downloaded Parquet and matching CSV
adde023/steam-reviews,part.5.parquet,Hugging Face,https://huggingface.co/datasets/adde023/steam-reviews/blob/d0ec12b33dffb8109b683b2e07780e2fc6b97187/part.5.parquet,adde023,Steam User Reviews API via kieranpoc/steam-reviews on Kaggle,,,CC BY-NC 4.0 (dataset card),2026-10-05,,d0ec12b33dffb8109b683b2e07780e2fc6b97187,,2026-03-12T14:51:00.000Z,2102,"Hugging Face repository downloads in last month; repeated per file, do not sum",38045463,9c040dd50315fc4ac9d1d53388c0e99e921e250a7a6a38e84c555e6f9146d378,parquet,,,,,remote metadata only; not downloaded,,,,,,Repository update date does not prove each file was regenerated; card count is not a measured row count.,remote LFS metadata; verified locally for downloaded Parquet and matching CSV
adde023/steam-reviews,part.50.parquet,Hugging Face,https://huggingface.co/datasets/adde023/steam-reviews/blob/d0ec12b33dffb8109b683b2e07780e2fc6b97187/part.50.parquet,adde023,Steam User Reviews API via kieranpoc/steam-reviews on Kaggle,,,CC BY-NC 4.0 (dataset card),2026-10-05,,d0ec12b33dffb8109b683b2e07780e2fc6b97187,,2026-03-12T14:51:00.000Z,2102,"Hugging Face repository downloads in last month; repeated per file, do not sum",36186822,16fdef4a3ff5651dccc9c81173cce889524214a5fd4860ddc4f1330c95238725,parquet,,,,,remote metadata only; not downloaded,,,,,,Repository update date does not prove each file was regenerated; card count is not a measured row count.,remote LFS metadata; verified locally for downloaded Parquet and matching CSV
adde023/steam-reviews,part.500.parquet,Hugging Face,https://huggingface.co/datasets/adde023/steam-reviews/blob/d0ec12b33dffb8109b683b2e07780e2fc6b97187/part.500.parquet,adde023,Steam User Reviews API via kieranpoc/steam-reviews on Kaggle,,,CC BY-NC 4.0 (dataset card),2026-10-05,,d0ec12b33dffb8109b683b2e07780e2fc6b97187,,2026-03-12T14:51:00.000Z,2102,"Hugging Face repository downloads in last month; repeated per file, do not sum",37611999,30b27e69fa366d82cca5b6bfccd61e437845de129b6293f07887ab52ae56ea1a,parquet,,,,,remote metadata only; not downloaded,,,,,,Repository update date does not prove each file was regenerated; card count is not a measured row count.,remote LFS metadata; verified locally for downloaded Parquet and matching CSV
adde023/steam-reviews,part.501.parquet,Hugging Face,https://huggingface.co/datasets/adde023/steam-reviews/blob/d0ec12b33dffb8109b683b2e07780e2fc6b97187/part.501.parquet,adde023,Steam User Reviews API via kieranpoc/steam-reviews on Kaggle,,,CC BY-NC 4.0 (dataset card),2026-10-05,,d0ec12b33dffb8109b683b2e07780e2fc6b97187,,2026-03-12T14:51:00.000Z,2102,"Hugging Face repository downloads in last month; repeated per file, do not sum",35927806,f35d0f68f3421a9e515c33eca76e60858bdf88352b551606619a16a2b849e613,parquet,,,,,remote metadata only; not downloaded,,,,,,Repository update date does not prove each file was regenerated; card count is not a measured row count.,remote LFS metadata; verified locally for downloaded Parquet and matching CSV
adde023/steam-reviews,part.502.parquet,Hugging Face,https://huggingface.co/datasets/adde023/steam-reviews/blob/d0ec12b33dffb8109b683b2e07780e2fc6b97187/part.502.parquet,adde023,Steam User Reviews API via kieranpoc/steam-reviews on Kaggle,,,CC BY-NC 4.0 (dataset card),2026-10-05,,d0ec12b33dffb8109b683b2e07780e2fc6b97187,,2026-03-12T14:51:00.000Z,2102,"Hugging Face repository downloads in last month; repeated per file, do not sum",37118182,5a3ec11649fcf55d447a0173ef6e40e5244e9baa2957e0904d9304b1e3b5e574,parquet,,,,,remote metadata only; not downloaded,,,,,,Repository update date does not prove each file was regenerated; card count is not a measured row count.,remote LFS metadata; verified locally for downloaded Parquet and matching CSV
adde023/steam-reviews,part.503.parquet,Hugging Face,https://huggingface.co/datasets/adde023/steam-reviews/blob/d0ec12b33dffb8109b683b2e07780e2fc6b97187/part.503.parquet,adde023,Steam User Reviews API via kieranpoc/steam-reviews on Kaggle,,,CC BY-NC 4.0 (dataset card),2026-10-05,,d0ec12b33dffb8109b683b2e07780e2fc6b97187,,2026-03-12T14:51:00.000Z,2102,"Hugging Face repository downloads in last month; repeated per file, do not sum",36042200,01d715bf6ac8aa17e8e9615a69180561c9cb7f2ca364ebe882c11b83442a0ec3,parquet,,,,,remote metadata only; not downloaded,,,,,,Repository update date does not prove each file was regenerated; card count is not a measured row count.,remote LFS metadata; verified locally for downloaded Parquet and matching CSV
adde023/steam-reviews,part.504.parquet,Hugging Face,https://huggingface.co/datasets/adde023/steam-reviews/blob/d0ec12b33dffb8109b683b2e07780e2fc6b97187/part.504.parquet,adde023,Steam User Reviews API via kieranpoc/steam-reviews on Kaggle,,,CC BY-NC 4.0 (dataset card),2026-10-05,,d0ec12b33dffb8109b683b2e07780e2fc6b97187,,2026-03-12T14:51:00.000Z,2102,"Hugging Face repository downloads in last month; repeated per file, do not sum",36537850,18225d86a0803a4e8cc700c4c85571882b32fe2370018871cf2b2b214d385236,parquet,,,,,remote metadata only; not downloaded,,,,,,Repository update date does not prove each file was regenerated; card count is not a measured row count.,remote LFS metadata; verified locally for downloaded Parquet and matching CSV
adde023/steam-reviews,part.505.parquet,Hugging Face,https://huggingface.co/datasets/adde023/steam-reviews/blob/d0ec12b33dffb8109b683b2e07780e2fc6b97187/part.505.parquet,adde023,Steam User Reviews API via kieranpoc/steam-reviews on Kaggle,,,CC BY-NC 4.0 (dataset card),2026-10-05,,d0ec12b33dffb8109b683b2e07780e2fc6b97187,,2026-03-12T14:51:00.000Z,2102,"Hugging Face repository downloads in last month; repeated per file, do not sum",31489035,100a423f41f9c2c9b4ba3cf3bd4d2d609d5544f85e9a583e9b5711b7912d32b3,parquet,,,,,remote metadata only; not downloaded,,,,,,Repository update date does not prove each file was regenerated; card count is not a measured row count.,remote LFS metadata; verified locally for downloaded Parquet and matching CSV
adde023/steam-reviews,part.506.parquet,Hugging Face,https://huggingface.co/datasets/adde023/steam-reviews/blob/d0ec12b33dffb8109b683b2e07780e2fc6b97187/part.506.parquet,adde023,Steam User Reviews API via kieranpoc/steam-reviews on Kaggle,,,CC BY-NC 4.0 (dataset card),2026-10-05,,d0ec12b33dffb8109b683b2e07780e2fc6b97187,,2026-03-12T14:51:00.000Z,2102,"Hugging Face repository downloads in last month; repeated per file, do not sum",28952912,3ec2d053397eb445b4d6e28e365898e7c88869579836c0639c7d0002984766f2,parquet,,,,,remote metadata only; not downloaded,,,,,,Repository update date does not prove each file was regenerated; card count is not a measured row count.,remote LFS metadata; verified locally for downloaded Parquet and matching CSV
adde023/steam-reviews,part.507.parquet,Hugging Face,https://huggingface.co/datasets/adde023/steam-reviews/blob/d0ec12b33dffb8109b683b2e07780e2fc6b97187/part.507.parquet,adde023,Steam User Reviews API via kieranpoc/steam-reviews on Kaggle,,,CC BY-NC 4.0 (dataset card),2026-10-05,,d0ec12b33dffb8109b683b2e07780e2fc6b97187,,2026-03-12T14:51:00.000Z,2102,"Hugging Face repository downloads in last month; repeated per file, do not sum",29277277,9df00fb999a2ae57e98367994e3891b2d7fe53bcf8b5339675704742b2620839,parquet,,,,,remote metadata only; not downloaded,,,,,,Repository update date does not prove each file was regenerated; card count is not a measured row count.,remote LFS metadata; verified locally for downloaded Parquet and matching CSV
adde023/steam-reviews,part.508.parquet,Hugging Face,https://huggingface.co/datasets/adde023/steam-reviews/blob/d0ec12b33dffb8109b683b2e07780e2fc6b97187/part.508.parquet,adde023,Steam User Reviews API via kieranpoc/steam-reviews on Kaggle,,,CC BY-NC 4.0 (dataset card),2026-10-05,,d0ec12b33dffb8109b683b2e07780e2fc6b97187,,2026-03-12T14:51:00.000Z,2102,"Hugging Face repository downloads in last month; repeated per file, do not sum",28684188,87acba8f4cad2438b306223f8f3bb7d9306c17747c6b2e9e46a014af0844ee91,parquet,,,,,remote metadata only; not downloaded,,,,,,Repository update date does not prove each file was regenerated; card count is not a measured row count.,remote LFS metadata; verified locally for downloaded Parquet and matching CSV
adde023/steam-reviews,part.509.parquet,Hugging Face,https://huggingface.co/datasets/adde023/steam-reviews/blob/d0ec12b33dffb8109b683b2e07780e2fc6b97187/part.509.parquet,adde023,Steam User Reviews API via kieranpoc/steam-reviews on Kaggle,,,CC BY-NC 4.0 (dataset card),2026-10-05,,d0ec12b33dffb8109b683b2e07780e2fc6b97187,,2026-03-12T14:51:00.000Z,2102,"Hugging Face repository downloads in last month; repeated per file, do not sum",31104879,1e6d8096b71dd15d67051ed339d61a294fe809f450d3e5f7a0c25d92b1369a58,parquet,,,,,remote metadata only; not downloaded,,,,,,Repository update date does not prove each file was regenerated; card count is not a measured row count.,remote LFS metadata; verified locally for downloaded Parquet and matching CSV
adde023/steam-reviews,part.51.parquet,Hugging Face,https://huggingface.co/datasets/adde023/steam-reviews/blob/d0ec12b33dffb8109b683b2e07780e2fc6b97187/part.51.parquet,adde023,Steam User Reviews API via kieranpoc/steam-reviews on Kaggle,,,CC BY-NC 4.0 (dataset card),2026-10-05,,d0ec12b33dffb8109b683b2e07780e2fc6b97187,,2026-03-12T14:51:00.000Z,2102,"Hugging Face repository downloads in last month; repeated per file, do not sum",37702663,f14414560ad04d7f29b8ae02e26f9e91cee4c2a69b6554567dc32861742cc9ab,parquet,,,,,remote metadata only; not downloaded,,,,,,Repository update date does not prove each file was regenerated; card count is not a measured row count.,remote LFS metadata; verified locally for downloaded Parquet and matching CSV
adde023/steam-reviews,part.510.parquet,Hugging Face,https://huggingface.co/datasets/adde023/steam-reviews/blob/d0ec12b33dffb8109b683b2e07780e2fc6b97187/part.510.parquet,adde023,Steam User Reviews API via kieranpoc/steam-reviews on Kaggle,,,CC BY-NC 4.0 (dataset card),2026-10-05,,d0ec12b33dffb8109b683b2e07780e2fc6b97187,,2026-03-12T14:51:00.000Z,2102,"Hugging Face repository downloads in last month; repeated per file, do not sum",34732357,07099cce26749b252a4611391ec4ff55d37582b5cedef91f7ba95466aab5c86e,parquet,,,,,remote metadata only; not downloaded,,,,,,Repository update date does not prove each file was regenerated; card count is not a measured row count.,remote LFS metadata; verified locally for downloaded Parquet and matching CSV
adde023/steam-reviews,part.511.parquet,Hugging Face,https://huggingface.co/datasets/adde023/steam-reviews/blob/d0ec12b33dffb8109b683b2e07780e2fc6b97187/part.511.parquet,adde023,Steam User Reviews API via kieranpoc/steam-reviews on Kaggle,,,CC BY-NC 4.0 (dataset card),2026-10-05,,d0ec12b33dffb8109b683b2e07780e2fc6b97187,,2026-03-12T14:51:00.000Z,2102,"Hugging Face repository downloads in last month; repeated per file, do not sum",34308610,639b914cd8a64dd175d4482f145929c8f5ab5835a6a5caf207df98948037e97e,parquet,,,,,remote metadata only; not downloaded,,,,,,Repository update date does not prove each file was regenerated; card count is not a measured row count.,remote LFS metadata; verified locally for downloaded Parquet and matching CSV
adde023/steam-reviews,part.512.parquet,Hugging Face,https://huggingface.co/datasets/adde023/steam-reviews/blob/d0ec12b33dffb8109b683b2e07780e2fc6b97187/part.512.parquet,adde023,Steam User Reviews API via kieranpoc/steam-reviews on Kaggle,,,CC BY-NC 4.0 (dataset card),2026-10-05,,d0ec12b33dffb8109b683b2e07780e2fc6b97187,,2026-03-12T14:51:00.000Z,2102,"Hugging Face repository downloads in last month; repeated per file, do not sum",32827061,05e2add05d9197622d2948557ddebde85123689155cddca0d38b078d44a7961c,parquet,,,,,remote metadata only; not downloaded,,,,,,Repository update date does not prove each file was regenerated; card count is not a measured row count.,remote LFS metadata; verified locally for downloaded Parquet and matching CSV
adde023/steam-reviews,part.513.parquet,Hugging Face,https://huggingface.co/datasets/adde023/steam-reviews/blob/d0ec12b33dffb8109b683b2e07780e2fc6b97187/part.513.parquet,adde023,Steam User Reviews API via kieranpoc/steam-reviews on Kaggle,,,CC BY-NC 4.0 (dataset card),2026-10-05,,d0ec12b33dffb8109b683b2e07780e2fc6b97187,,2026-03-12T14:51:00.000Z,2102,"Hugging Face repository downloads in last month; repeated per file, do not sum",34497256,71e2d73de5bd9d829b5b9a8877c99f81e5cee70a5ca38833a71c203009636224,parquet,,,,,remote metadata only; not downloaded,,,,,,Repository update date does not prove each file was regenerated; card count is not a measured row count.,remote LFS metadata; verified locally for downloaded Parquet and matching CSV
adde023/steam-reviews,part.514.parquet,Hugging Face,https://huggingface.co/datasets/adde023/steam-reviews/blob/d0ec12b33dffb8109b683b2e07780e2fc6b97187/part.514.parquet,adde023,Steam User Reviews API via kieranpoc/steam-reviews on Kaggle,,,CC BY-NC 4.0 (dataset card),2026-10-05,,d0ec12b33dffb8109b683b2e07780e2fc6b97187,,2026-03-12T14:51:00.000Z,2102,"Hugging Face repository downloads in last month; repeated per file, do not sum",37978891,12c1e8d65ee62e9f4f50fdecd410ffccc02dfd321fc849f5e0091913146a2b8a,parquet,,,,,remote metadata only; not downloaded,,,,,,Repository update date does not prove each file was regenerated; card count is not a measured row count.,remote LFS metadata; verified locally for downloaded Parquet and matching CSV
adde023/steam-reviews,part.515.parquet,Hugging Face,https://huggingface.co/datasets/adde023/steam-reviews/blob/d0ec12b33dffb8109b683b2e07780e2fc6b97187/part.515.parquet,adde023,Steam User Reviews API via kieranpoc/steam-reviews on Kaggle,,,CC BY-NC 4.0 (dataset card),2026-10-05,,d0ec12b33dffb8109b683b2e07780e2fc6b97187,,2026-03-12T14:51:00.000Z,2102,"Hugging Face repository downloads in last month; repeated per file, do not sum",36298731,74c874048b59646bb60e476f3c3f86daf885162d3d8fe3c3f2e15da72acd07d6,parquet,,,,,remote metadata only; not downloaded,,,,,,Repository update date does not prove each file was regenerated; card count is not a measured row count.,remote LFS metadata; verified locally for downloaded Parquet and matching CSV
adde023/steam-reviews,part.516.parquet,Hugging Face,https://huggingface.co/datasets/adde023/steam-reviews/blob/d0ec12b33dffb8109b683b2e07780e2fc6b97187/part.516.parquet,adde023,Steam User Reviews API via kieranpoc/steam-reviews on Kaggle,,,CC BY-NC 4.0 (dataset card),2026-10-05,,d0ec12b33dffb8109b683b2e07780e2fc6b97187,,2026-03-12T14:51:00.000Z,2102,"Hugging Face repository downloads in last month; repeated per file, do not sum",36952650,1e25c6a848d762e9dcb895b28dfc990a75037e487de053e14a15f6dacf73c6e2,parquet,,,,,remote metadata only; not downloaded,,,,,,Repository update date does not prove each file was regenerated; card count is not a measured row count.,remote LFS metadata; verified locally for downloaded Parquet and matching CSV
adde023/steam-reviews,part.517.parquet,Hugging Face,https://huggingface.co/datasets/adde023/steam-reviews/blob/d0ec12b33dffb8109b683b2e07780e2fc6b97187/part.517.parquet,adde023,Steam User Reviews API via kieranpoc/steam-reviews on Kaggle,,,CC BY-NC 4.0 (dataset card),2026-10-05,,d0ec12b33dffb8109b683b2e07780e2fc6b97187,,2026-03-12T14:51:00.000Z,2102,"Hugging Face repository downloads in last month; repeated per file, do not sum",37316108,fb5605dbc6074054125e160d33b48d305bc67139df95acaf7c41a72e61d71b26,parquet,,,,,remote metadata only; not downloaded,,,,,,Repository update date does not prove each file was regenerated; card count is not a measured row count.,remote LFS metadata; verified locally for downloaded Parquet and matching CSV
adde023/steam-reviews,part.518.parquet,Hugging Face,https://huggingface.co/datasets/adde023/steam-reviews/blob/d0ec12b33dffb8109b683b2e07780e2fc6b97187/part.518.parquet,adde023,Steam User Reviews API via kieranpoc/steam-reviews on Kaggle,,,CC BY-NC 4.0 (dataset card),2026-10-05,,d0ec12b33dffb8109b683b2e07780e2fc6b97187,,2026-03-12T14:51:00.000Z,2102,"Hugging Face repository downloads in last month; repeated per file, do not sum",36850091,65df38d953f8231abc40a47805c53d965280e2f5c125c03f596c34e7a90c4f24,parquet,,,,,remote metadata only; not downloaded,,,,,,Repository update date does not prove each file was regenerated; card count is not a measured row count.,remote LFS metadata; verified locally for downloaded Parquet and matching CSV
adde023/steam-reviews,part.519.parquet,Hugging Face,https://huggingface.co/datasets/adde023/steam-reviews/blob/d0ec12b33dffb8109b683b2e07780e2fc6b97187/part.519.parquet,adde023,Steam User Reviews API via kieranpoc/steam-reviews on Kaggle,,,CC BY-NC 4.0 (dataset card),2026-10-05,,d0ec12b33dffb8109b683b2e07780e2fc6b97187,,2026-03-12T14:51:00.000Z,2102,"Hugging Face repository downloads in last month; repeated per file, do not sum",35870243,d53f8885328dfecd278a8e02e9261471fc88e7bf0b748fb763698db03e0517e4,parquet,,,,,remote metadata only; not downloaded,,,,,,Repository update date does not prove each file was regenerated; card count is not a measured row count.,remote LFS metadata; verified locally for downloaded Parquet and matching CSV
adde023/steam-reviews,part.52.parquet,Hugging Face,https://huggingface.co/datasets/adde023/steam-reviews/blob/d0ec12b33dffb8109b683b2e07780e2fc6b97187/part.52.parquet,adde023,Steam User Reviews API via kieranpoc/steam-reviews on Kaggle,,,CC BY-NC 4.0 (dataset card),2026-10-05,,d0ec12b33dffb8109b683b2e07780e2fc6b97187,,2026-03-12T14:51:00.000Z,2102,"Hugging Face repository downloads in last month; repeated per file, do not sum",37125334,518c197b1a39ab0a144beeaea30967cfaffad9f7df03f70cd13f27b302f8c8a8,parquet,,,,,remote metadata only; not downloaded,,,,,,Repository update date does not prove each file was regenerated; card count is not a measured row count.,remote LFS metadata; verified locally for downloaded Parquet and matching CSV
adde023/steam-reviews,part.520.parquet,Hugging Face,https://huggingface.co/datasets/adde023/steam-reviews/blob/d0ec12b33dffb8109b683b2e07780e2fc6b97187/part.520.parquet,adde023,Steam User Reviews API via kieranpoc/steam-reviews on Kaggle,,,CC BY-NC 4.0 (dataset card),2026-10-05,,d0ec12b33dffb8109b683b2e07780e2fc6b97187,,2026-03-12T14:51:00.000Z,2102,"Hugging Face repository downloads in last month; repeated per file, do not sum",37662877,6b3a614b35edd41ecab52a4e23218cb2e8ca9cb1fe0b7a80a930334d00d89a76,parquet,,,,,remote metadata only; not downloaded,,,,,,Repository update date does not prove each file was regenerated; card count is not a measured row count.,remote LFS metadata; verified locally for downloaded Parquet and matching CSV
adde023/steam-reviews,part.521.parquet,Hugging Face,https://huggingface.co/datasets/adde023/steam-reviews/blob/d0ec12b33dffb8109b683b2e07780e2fc6b97187/part.521.parquet,adde023,Steam User Reviews API via kieranpoc/steam-reviews on Kaggle,,,CC BY-NC 4.0 (dataset card),2026-10-05,,d0ec12b33dffb8109b683b2e07780e2fc6b97187,,2026-03-12T14:51:00.000Z,2102,"Hugging Face repository downloads in last month; repeated per file, do not sum",35914846,c0391bcb4c4eeaba0b9626d05f2f2b93e83d0a6ed1ef0e0460740082459a49a3,parquet,,,,,remote metadata only; not downloaded,,,,,,Repository update date does not prove each file was regenerated; card count is not a measured row count.,remote LFS metadata; verified locally for downloaded Parquet and matching CSV
adde023/steam-reviews,part.522.parquet,Hugging Face,https://huggingface.co/datasets/adde023/steam-reviews/blob/d0ec12b33dffb8109b683b2e07780e2fc6b97187/part.522.parquet,adde023,Steam User Reviews API via kieranpoc/steam-reviews on Kaggle,,,CC BY-NC 4.0 (dataset card),2026-10-05,,d0ec12b33dffb8109b683b2e07780e2fc6b97187,,2026-03-12T14:51:00.000Z,2102,"Hugging Face repository downloads in last month; repeated per file, do not sum",38518552,93ff39e54de07d692f485362bbbdec670200adbc25e4ec0306ea4542034e46cc,parquet,,,,,remote metadata only; not downloaded,,,,,,Repository update date does not prove each file was regenerated; card count is not a measured row count.,remote LFS metadata; verified locally for downloaded Parquet and matching CSV
adde023/steam-reviews,part.523.parquet,Hugging Face,https://huggingface.co/datasets/adde023/steam-reviews/blob/d0ec12b33dffb8109b683b2e07780e2fc6b97187/part.523.parquet,adde023,Steam User Reviews API via kieranpoc/steam-reviews on Kaggle,,,CC BY-NC 4.0 (dataset card),2026-10-05,,d0ec12b33dffb8109b683b2e07780e2fc6b97187,,2026-03-12T14:51:00.000Z,2102,"Hugging Face repository downloads in last month; repeated per file, do not sum",37839609,1af2173bc4b0e24f3ab9c163a0958bef52521f29f4298ce2ad1617114cc8272c,parquet,,,,,remote metadata only; not downloaded,,,,,,Repository update date does not prove each file was regenerated; card count is not a measured row count.,remote LFS metadata; verified locally for downloaded Parquet and matching CSV
adde023/steam-reviews,part.524.parquet,Hugging Face,https://huggingface.co/datasets/adde023/steam-reviews/blob/d0ec12b33dffb8109b683b2e07780e2fc6b97187/part.524.parquet,adde023,Steam User Reviews API via kieranpoc/steam-reviews on Kaggle,,,CC BY-NC 4.0 (dataset card),2026-10-05,,d0ec12b33dffb8109b683b2e07780e2fc6b97187,,2026-03-12T14:51:00.000Z,2102,"Hugging Face repository downloads in last month; repeated per file, do not sum",36111751,e650942c95954a68f0342f03a670b91200b779dfeacad24064a816b8a88ad4af,parquet,,,,,remote metadata only; not downloaded,,,,,,Repository update date does not prove each file was regenerated; card count is not a measured row count.,remote LFS metadata; verified locally for downloaded Parquet and matching CSV
adde023/steam-reviews,part.525.parquet,Hugging Face,https://huggingface.co/datasets/adde023/steam-reviews/blob/d0ec12b33dffb8109b683b2e07780e2fc6b97187/part.525.parquet,adde023,Steam User Reviews API via kieranpoc/steam-reviews on Kaggle,,,CC BY-NC 4.0 (dataset card),2026-10-05,,d0ec12b33dffb8109b683b2e07780e2fc6b97187,,2026-03-12T14:51:00.000Z,2102,"Hugging Face repository downloads in last month; repeated per file, do not sum",36519462,699f7c275d956f0a038344926b205e3b46ef0e376de02c387765bb9c7de7cabd,parquet,,,,,remote metadata only; not downloaded,,,,,,Repository update date does not prove each file was regenerated; card count is not a measured row count.,remote LFS metadata; verified locally for downloaded Parquet and matching CSV
adde023/steam-reviews,part.526.parquet,Hugging Face,https://huggingface.co/datasets/adde023/steam-reviews/blob/d0ec12b33dffb8109b683b2e07780e2fc6b97187/part.526.parquet,adde023,Steam User Reviews API via kieranpoc/steam-reviews on Kaggle,,,CC BY-NC 4.0 (dataset card),2026-10-05,,d0ec12b33dffb8109b683b2e07780e2fc6b97187,,2026-03-12T14:51:00.000Z,2102,"Hugging Face repository downloads in last month; repeated per file, do not sum",35420945,418fdad34ed6c209f850e224afc7b425a2ffb43178ba22dec5e1d1fc78870b5f,parquet,,,,,remote metadata only; not downloaded,,,,,,Repository update date does not prove each file was regenerated; card count is not a measured row count.,remote LFS metadata; verified locally for downloaded Parquet and matching CSV
adde023/steam-reviews,part.527.parquet,Hugging Face,https://huggingface.co/datasets/adde023/steam-reviews/blob/d0ec12b33dffb8109b683b2e07780e2fc6b97187/part.527.parquet,adde023,Steam User Reviews API via kieranpoc/steam-reviews on Kaggle,,,CC BY-NC 4.0 (dataset card),2026-10-05,,d0ec12b33dffb8109b683b2e07780e2fc6b97187,,2026-03-12T14:51:00.000Z,2102,"Hugging Face repository downloads in last month; repeated per file, do not sum",38761339,02f8ee71b88b4c0822773eab934e2da4206b503e1cae8c5869e4dbccddb43bef,parquet,,,,,remote metadata only; not downloaded,,,,,,Repository update date does not prove each file was regenerated; card count is not a measured row count.,remote LFS metadata; verified locally for downloaded Parquet and matching CSV
adde023/steam-reviews,part.528.parquet,Hugging Face,https://huggingface.co/datasets/adde023/steam-reviews/blob/d0ec12b33dffb8109b683b2e07780e2fc6b97187/part.528.parquet,adde023,Steam User Reviews API via kieranpoc/steam-reviews on Kaggle,,,CC BY-NC 4.0 (dataset card),2026-10-05,,d0ec12b33dffb8109b683b2e07780e2fc6b97187,,2026-03-12T14:51:00.000Z,2102,"Hugging Face repository downloads in last month; repeated per file, do not sum",37442615,645563592141ed94745e7d02e75c897daafd2825502d8316f9e032fd48956457,parquet,,,,,remote metadata only; not downloaded,,,,,,Repository update date does not prove each file was regenerated; card count is not a measured row count.,remote LFS metadata; verified locally for downloaded Parquet and matching CSV
adde023/steam-reviews,part.529.parquet,Hugging Face,https://huggingface.co/datasets/adde023/steam-reviews/blob/d0ec12b33dffb8109b683b2e07780e2fc6b97187/part.529.parquet,adde023,Steam User Reviews API via kieranpoc/steam-reviews on Kaggle,,,CC BY-NC 4.0 (dataset card),2026-10-05,,d0ec12b33dffb8109b683b2e07780e2fc6b97187,,2026-03-12T14:51:00.000Z,2102,"Hugging Face repository downloads in last month; repeated per file, do not sum",37049910,a509b78669b8d695aee6d5ea1f77d5645edb45d10ce29f5c532afea80e7ee564,parquet,,,,,remote metadata only; not downloaded,,,,,,Repository update date does not prove each file was regenerated; card count is not a measured row count.,remote LFS metadata; verified locally for downloaded Parquet and matching CSV
adde023/steam-reviews,part.53.parquet,Hugging Face,https://huggingface.co/datasets/adde023/steam-reviews/blob/d0ec12b33dffb8109b683b2e07780e2fc6b97187/part.53.parquet,adde023,Steam User Reviews API via kieranpoc/steam-reviews on Kaggle,,,CC BY-NC 4.0 (dataset card),2026-10-05,,d0ec12b33dffb8109b683b2e07780e2fc6b97187,,2026-03-12T14:51:00.000Z,2102,"Hugging Face repository downloads in last month; repeated per file, do not sum",37086814,94bc831366ddb306998b8c15ee087f387dc3fa7fb265470f88d5c1ea592e0e5a,parquet,,,,,remote metadata only; not downloaded,,,,,,Repository update date does not prove each file was regenerated; card count is not a measured row count.,remote LFS metadata; verified locally for downloaded Parquet and matching CSV
adde023/steam-reviews,part.530.parquet,Hugging Face,https://huggingface.co/datasets/adde023/steam-reviews/blob/d0ec12b33dffb8109b683b2e07780e2fc6b97187/part.530.parquet,adde023,Steam User Reviews API via kieranpoc/steam-reviews on Kaggle,,,CC BY-NC 4.0 (dataset card),2026-10-05,,d0ec12b33dffb8109b683b2e07780e2fc6b97187,,2026-03-12T14:51:00.000Z,2102,"Hugging Face repository downloads in last month; repeated per file, do not sum",36084513,f649d5f2dee201fe9a4e3c7395d13952b304400313313ce61a1b91bfd9d74fe1,parquet,,,,,remote metadata only; not downloaded,,,,,,Repository update date does not prove each file was regenerated; card count is not a measured row count.,remote LFS metadata; verified locally for downloaded Parquet and matching CSV
adde023/steam-reviews,part.531.parquet,Hugging Face,https://huggingface.co/datasets/adde023/steam-reviews/blob/d0ec12b33dffb8109b683b2e07780e2fc6b97187/part.531.parquet,adde023,Steam User Reviews API via kieranpoc/steam-reviews on Kaggle,,,CC BY-NC 4.0 (dataset card),2026-10-05,,d0ec12b33dffb8109b683b2e07780e2fc6b97187,,2026-03-12T14:51:00.000Z,2102,"Hugging Face repository downloads in last month; repeated per file, do not sum",33715543,1647e6c8aa12ecd6b1130994c661e50cff8713a676886ae75c6f8a54ae98f06c,parquet,,,,,remote metadata only; not downloaded,,,,,,Repository update date does not prove each file was regenerated; card count is not a measured row count.,remote LFS metadata; verified locally for downloaded Parquet and matching CSV
adde023/steam-reviews,part.532.parquet,Hugging Face,https://huggingface.co/datasets/adde023/steam-reviews/blob/d0ec12b33dffb8109b683b2e07780e2fc6b97187/part.532.parquet,adde023,Steam User Reviews API via kieranpoc/steam-reviews on Kaggle,,,CC BY-NC 4.0 (dataset card),2026-10-05,,d0ec12b33dffb8109b683b2e07780e2fc6b97187,,2026-03-12T14:51:00.000Z,2102,"Hugging Face repository downloads in last month; repeated per file, do not sum",35241722,349f2a441f87b820e90b2beb1a00a14f9b9ee35dfbcb6f761cf16b9a88e3aa13,parquet,,,,,remote metadata only; not downloaded,,,,,,Repository update date does not prove each file was regenerated; card count is not a measured row count.,remote LFS metadata; verified locally for downloaded Parquet and matching CSV
adde023/steam-reviews,part.533.parquet,Hugging Face,https://huggingface.co/datasets/adde023/steam-reviews/blob/d0ec12b33dffb8109b683b2e07780e2fc6b97187/part.533.parquet,adde023,Steam User Reviews API via kieranpoc/steam-reviews on Kaggle,,,CC BY-NC 4.0 (dataset card),2026-10-05,,d0ec12b33dffb8109b683b2e07780e2fc6b97187,,2026-03-12T14:51:00.000Z,2102,"Hugging Face repository downloads in last month; repeated per file, do not sum",36122244,8804b8445acd5986713a7388ded96a81308e21c4526e5a71078c1141ffa5ba44,parquet,,,,,remote metadata only; not downloaded,,,,,,Repository update date does not prove each file was regenerated; card count is not a measured row count.,remote LFS metadata; verified locally for downloaded Parquet and matching CSV
adde023/steam-reviews,part.534.parquet,Hugging Face,https://huggingface.co/datasets/adde023/steam-reviews/blob/d0ec12b33dffb8109b683b2e07780e2fc6b97187/part.534.parquet,adde023,Steam User Reviews API via kieranpoc/steam-reviews on Kaggle,,,CC BY-NC 4.0 (dataset card),2026-10-05,,d0ec12b33dffb8109b683b2e07780e2fc6b97187,,2026-03-12T14:51:00.000Z,2102,"Hugging Face repository downloads in last month; repeated per file, do not sum",38049495,283f87bfbdf83b495e0dd743500e2c8f3516dc1f777830adb73bb161f0b5db7a,parquet,,,,,remote metadata only; not downloaded,,,,,,Repository update date does not prove each file was regenerated; card count is not a measured row count.,remote LFS metadata; verified locally for downloaded Parquet and matching CSV
adde023/steam-reviews,part.535.parquet,Hugging Face,https://huggingface.co/datasets/adde023/steam-reviews/blob/d0ec12b33dffb8109b683b2e07780e2fc6b97187/part.535.parquet,adde023,Steam User Reviews API via kieranpoc/steam-reviews on Kaggle,,,CC BY-NC 4.0 (dataset card),2026-10-05,,d0ec12b33dffb8109b683b2e07780e2fc6b97187,,2026-03-12T14:51:00.000Z,2102,"Hugging Face repository downloads in last month; repeated per file, do not sum",34381402,0e198d8d712a359d5d7f4433f8b5b411f2d6c0c59902ad34d31e3eff6ade49f2,parquet,,,,,remote metadata only; not downloaded,,,,,,Repository update date does not prove each file was regenerated; card count is not a measured row count.,remote LFS metadata; verified locally for downloaded Parquet and matching CSV
adde023/steam-reviews,part.536.parquet,Hugging Face,https://huggingface.co/datasets/adde023/steam-reviews/blob/d0ec12b33dffb8109b683b2e07780e2fc6b97187/part.536.parquet,adde023,Steam User Reviews API via kieranpoc/steam-reviews on Kaggle,,,CC BY-NC 4.0 (dataset card),2026-10-05,,d0ec12b33dffb8109b683b2e07780e2fc6b97187,,2026-03-12T14:51:00.000Z,2102,"Hugging Face repository downloads in last month; repeated per file, do not sum",34821073,317502425cc953f16b3df34bef9df74d62f131f32985ce648f7b55890811624f,parquet,,,,,remote metadata only; not downloaded,,,,,,Repository update date does not prove each file was regenerated; card count is not a measured row count.,remote LFS metadata; verified locally for downloaded Parquet and matching CSV
adde023/steam-reviews,part.537.parquet,Hugging Face,https://huggingface.co/datasets/adde023/steam-reviews/blob/d0ec12b33dffb8109b683b2e07780e2fc6b97187/part.537.parquet,adde023,Steam User Reviews API via kieranpoc/steam-reviews on Kaggle,,,CC BY-NC 4.0 (dataset card),2026-10-05,,d0ec12b33dffb8109b683b2e07780e2fc6b97187,,2026-03-12T14:51:00.000Z,2102,"Hugging Face repository downloads in last month; repeated per file, do not sum",34846293,b41b6219e56ef2f52ef8425eeeb2e6af46d07e9c62c7d95f084c5ea3c6fa34eb,parquet,,,,,remote metadata only; not downloaded,,,,,,Repository update date does not prove each file was regenerated; card count is not a measured row count.,remote LFS metadata; verified locally for downloaded Parquet and matching CSV
adde023/steam-reviews,part.538.parquet,Hugging Face,https://huggingface.co/datasets/adde023/steam-reviews/blob/d0ec12b33dffb8109b683b2e07780e2fc6b97187/part.538.parquet,adde023,Steam User Reviews API via kieranpoc/steam-reviews on Kaggle,,,CC BY-NC 4.0 (dataset card),2026-10-05,,d0ec12b33dffb8109b683b2e07780e2fc6b97187,,2026-03-12T14:51:00.000Z,2102,"Hugging Face repository downloads in last month; repeated per file, do not sum",36220543,3525a7a20a4974af47ea9fb344e5aefb1538afb3e655c42081642d7966f7ee25,parquet,,,,,remote metadata only; not downloaded,,,,,,Repository update date does not prove each file was regenerated; card count is not a measured row count.,remote LFS metadata; verified locally for downloaded Parquet and matching CSV
adde023/steam-reviews,part.539.parquet,Hugging Face,https://huggingface.co/datasets/adde023/steam-reviews/blob/d0ec12b33dffb8109b683b2e07780e2fc6b97187/part.539.parquet,adde023,Steam User Reviews API via kieranpoc/steam-reviews on Kaggle,,,CC BY-NC 4.0 (dataset card),2026-10-05,,d0ec12b33dffb8109b683b2e07780e2fc6b97187,,2026-03-12T14:51:00.000Z,2102,"Hugging Face repository downloads in last month; repeated per file, do not sum",35195350,68299654e8bbaa0b3a81611a9ef7adee0311cd7c8f00522fae415fdddf769be6,parquet,,,,,remote metadata only; not downloaded,,,,,,Repository update date does not prove each file was regenerated; card count is not a measured row count.,remote LFS metadata; verified locally for downloaded Parquet and matching CSV
adde023/steam-reviews,part.54.parquet,Hugging Face,https://huggingface.co/datasets/adde023/steam-reviews/blob/d0ec12b33dffb8109b683b2e07780e2fc6b97187/part.54.parquet,adde023,Steam User Reviews API via kieranpoc/steam-reviews on Kaggle,,,CC BY-NC 4.0 (dataset card),2026-10-05,,d0ec12b33dffb8109b683b2e07780e2fc6b97187,,2026-03-12T14:51:00.000Z,2102,"Hugging Face repository downloads in last month; repeated per file, do not sum",37023147,ae0fdd9aae123d348d0a829e6bc6ac28408f1a3d0c856c38a517cbdb395009ba,parquet,,,,,remote metadata only; not downloaded,,,,,,Repository update date does not prove each file was regenerated; card count is not a measured row count.,remote LFS metadata; verified locally for downloaded Parquet and matching CSV
adde023/steam-reviews,part.540.parquet,Hugging Face,https://huggingface.co/datasets/adde023/steam-reviews/blob/d0ec12b33dffb8109b683b2e07780e2fc6b97187/part.540.parquet,adde023,Steam User Reviews API via kieranpoc/steam-reviews on Kaggle,,,CC BY-NC 4.0 (dataset card),2026-10-05,,d0ec12b33dffb8109b683b2e07780e2fc6b97187,,2026-03-12T14:51:00.000Z,2102,"Hugging Face repository downloads in last month; repeated per file, do not sum",38671597,84c7653a2e115b9d9d7dd9f9e2dc959337382a7e6b884fddd3941df5a3697535,parquet,,,,,remote metadata only; not downloaded,,,,,,Repository update date does not prove each file was regenerated; card count is not a measured row count.,remote LFS metadata; verified locally for downloaded Parquet and matching CSV
adde023/steam-reviews,part.541.parquet,Hugging Face,https://huggingface.co/datasets/adde023/steam-reviews/blob/d0ec12b33dffb8109b683b2e07780e2fc6b97187/part.541.parquet,adde023,Steam User Reviews API via kieranpoc/steam-reviews on Kaggle,,,CC BY-NC 4.0 (dataset card),2026-10-05,,d0ec12b33dffb8109b683b2e07780e2fc6b97187,,2026-03-12T14:51:00.000Z,2102,"Hugging Face repository downloads in last month; repeated per file, do not sum",37924963,f8b3df288e25f64bee231956db6b5d7d4cf87754def87ddf70aabef626dd8249,parquet,,,,,remote metadata only; not downloaded,,,,,,Repository update date does not prove each file was regenerated; card count is not a measured row count.,remote LFS metadata; verified locally for downloaded Parquet and matching CSV
adde023/steam-reviews,part.542.parquet,Hugging Face,https://huggingface.co/datasets/adde023/steam-reviews/blob/d0ec12b33dffb8109b683b2e07780e2fc6b97187/part.542.parquet,adde023,Steam User Reviews API via kieranpoc/steam-reviews on Kaggle,,,CC BY-NC 4.0 (dataset card),2026-10-05,,d0ec12b33dffb8109b683b2e07780e2fc6b97187,,2026-03-12T14:51:00.000Z,2102,"Hugging Face repository downloads in last month; repeated per file, do not sum",34934680,30eaf332b00134a186ee6acbaeacf04596cf223f0ae26f0f793dcfb6b6d21523,parquet,,,,,remote metadata only; not downloaded,,,,,,Repository update date does not prove each file was regenerated; card count is not a measured row count.,remote LFS metadata; verified locally for downloaded Parquet and matching CSV
adde023/steam-reviews,part.543.parquet,Hugging Face,https://huggingface.co/datasets/adde023/steam-reviews/blob/d0ec12b33dffb8109b683b2e07780e2fc6b97187/part.543.parquet,adde023,Steam User Reviews API via kieranpoc/steam-reviews on Kaggle,,,CC BY-NC 4.0 (dataset card),2026-10-05,,d0ec12b33dffb8109b683b2e07780e2fc6b97187,,2026-03-12T14:51:00.000Z,2102,"Hugging Face repository downloads in last month; repeated per file, do not sum",34915368,cf720d6efc7b53b2de5e9076d2be3f10f4fe9890c28d683c4e719717975e0da8,parquet,,,,,remote metadata only; not downloaded,,,,,,Repository update date does not prove each file was regenerated; card count is not a measured row count.,remote LFS metadata; verified locally for downloaded Parquet and matching CSV
adde023/steam-reviews,part.544.parquet,Hugging Face,https://huggingface.co/datasets/adde023/steam-reviews/blob/d0ec12b33dffb8109b683b2e07780e2fc6b97187/part.544.parquet,adde023,Steam User Reviews API via kieranpoc/steam-reviews on Kaggle,,,CC BY-NC 4.0 (dataset card),2026-10-05,,d0ec12b33dffb8109b683b2e07780e2fc6b97187,,2026-03-12T14:51:00.000Z,2102,"Hugging Face repository downloads in last month; repeated per file, do not sum",36739121,33c2b9c5082883769f6969137046da1fddca0e09b585d91b8f27c506888d8a2b,parquet,,,,,remote metadata only; not downloaded,,,,,,Repository update date does not prove each file was regenerated; card count is not a measured row count.,remote LFS metadata; verified locally for downloaded Parquet and matching CSV
adde023/steam-reviews,part.545.parquet,Hugging Face,https://huggingface.co/datasets/adde023/steam-reviews/blob/d0ec12b33dffb8109b683b2e07780e2fc6b97187/part.545.parquet,adde023,Steam User Reviews API via kieranpoc/steam-reviews on Kaggle,,,CC BY-NC 4.0 (dataset card),2026-10-05,,d0ec12b33dffb8109b683b2e07780e2fc6b97187,,2026-03-12T14:51:00.000Z,2102,"Hugging Face repository downloads in last month; repeated per file, do not sum",33364198,9f791b6df41e3ddb4ae02a0a1c5274c1a7610b7780f9b3f93a3098e73a7bac8e,parquet,,,,,remote metadata only; not downloaded,,,,,,Repository update date does not prove each file was regenerated; card count is not a measured row count.,remote LFS metadata; verified locally for downloaded Parquet and matching CSV
adde023/steam-reviews,part.546.parquet,Hugging Face,https://huggingface.co/datasets/adde023/steam-reviews/blob/d0ec12b33dffb8109b683b2e07780e2fc6b97187/part.546.parquet,adde023,Steam User Reviews API via kieranpoc/steam-reviews on Kaggle,,,CC BY-NC 4.0 (dataset card),2026-10-05,,d0ec12b33dffb8109b683b2e07780e2fc6b97187,,2026-03-12T14:51:00.000Z,2102,"Hugging Face repository downloads in last month; repeated per file, do not sum",37227622,b8243a59b7442d425c8754b451a9a75924c3e301a4acda4447da40df117c796d,parquet,,,,,remote metadata only; not downloaded,,,,,,Repository update date does not prove each file was regenerated; card count is not a measured row count.,remote LFS metadata; verified locally for downloaded Parquet and matching CSV
adde023/steam-reviews,part.547.parquet,Hugging Face,https://huggingface.co/datasets/adde023/steam-reviews/blob/d0ec12b33dffb8109b683b2e07780e2fc6b97187/part.547.parquet,adde023,Steam User Reviews API via kieranpoc/steam-reviews on Kaggle,,,CC BY-NC 4.0 (dataset card),2026-10-05,,d0ec12b33dffb8109b683b2e07780e2fc6b97187,,2026-03-12T14:51:00.000Z,2102,"Hugging Face repository downloads in last month; repeated per file, do not sum",36339552,eff4b331f61d124f706dbaaa57ec2bf332f8c9ea134b43ba9d75c3a390e5756b,parquet,,,,,remote metadata only; not downloaded,,,,,,Repository update date does not prove each file was regenerated; card count is not a measured row count.,remote LFS metadata; verified locally for downloaded Parquet and matching CSV
adde023/steam-reviews,part.548.parquet,Hugging Face,https://huggingface.co/datasets/adde023/steam-reviews/blob/d0ec12b33dffb8109b683b2e07780e2fc6b97187/part.548.parquet,adde023,Steam User Reviews API via kieranpoc/steam-reviews on Kaggle,,,CC BY-NC 4.0 (dataset card),2026-10-05,,d0ec12b33dffb8109b683b2e07780e2fc6b97187,,2026-03-12T14:51:00.000Z,2102,"Hugging Face repository downloads in last month; repeated per file, do not sum",37646172,26a395251e7f6d93d3fad20dc7f60589c3ae6243d6c302d6066bcc0745c625b2,parquet,,,,,remote metadata only; not downloaded,,,,,,Repository update date does not prove each file was regenerated; card count is not a measured row count.,remote LFS metadata; verified locally for downloaded Parquet and matching CSV
adde023/steam-reviews,part.549.parquet,Hugging Face,https://huggingface.co/datasets/adde023/steam-reviews/blob/d0ec12b33dffb8109b683b2e07780e2fc6b97187/part.549.parquet,adde023,Steam User Reviews API via kieranpoc/steam-reviews on Kaggle,,,CC BY-NC 4.0 (dataset card),2026-10-05,,d0ec12b33dffb8109b683b2e07780e2fc6b97187,,2026-03-12T14:51:00.000Z,2102,"Hugging Face repository downloads in last month; repeated per file, do not sum",37535642,6c3bf3ca479af6340ff3fd72db45b04206e71d4754b37f091075702981c54741,parquet,,,,,remote metadata only; not downloaded,,,,,,Repository update date does not prove each file was regenerated; card count is not a measured row count.,remote LFS metadata; verified locally for downloaded Parquet and matching CSV
adde023/steam-reviews,part.55.parquet,Hugging Face,https://huggingface.co/datasets/adde023/steam-reviews/blob/d0ec12b33dffb8109b683b2e07780e2fc6b97187/part.55.parquet,adde023,Steam User Reviews API via kieranpoc/steam-reviews on Kaggle,,,CC BY-NC 4.0 (dataset card),2026-10-05,,d0ec12b33dffb8109b683b2e07780e2fc6b97187,,2026-03-12T14:51:00.000Z,2102,"Hugging Face repository downloads in last month; repeated per file, do not sum",36941154,e671235ee4904d200cd1623ca3859294db77e59c12111a71bc7861809b4036bf,parquet,,,,,remote metadata only; not downloaded,,,,,,Repository update date does not prove each file was regenerated; card count is not a measured row count.,remote LFS metadata; verified locally for downloaded Parquet and matching CSV
adde023/steam-reviews,part.550.parquet,Hugging Face,https://huggingface.co/datasets/adde023/steam-reviews/blob/d0ec12b33dffb8109b683b2e07780e2fc6b97187/part.550.parquet,adde023,Steam User Reviews API via kieranpoc/steam-reviews on Kaggle,,,CC BY-NC 4.0 (dataset card),2026-10-05,,d0ec12b33dffb8109b683b2e07780e2fc6b97187,,2026-03-12T14:51:00.000Z,2102,"Hugging Face repository downloads in last month; repeated per file, do not sum",35651942,6d8fd1bc36d3122f051db10a6dfc32a61341489de221df4e986a3e98c02ded04,parquet,,,,,remote metadata only; not downloaded,,,,,,Repository update date does not prove each file was regenerated; card count is not a measured row count.,remote LFS metadata; verified locally for downloaded Parquet and matching CSV
adde023/steam-reviews,part.551.parquet,Hugging Face,https://huggingface.co/datasets/adde023/steam-reviews/blob/d0ec12b33dffb8109b683b2e07780e2fc6b97187/part.551.parquet,adde023,Steam User Reviews API via kieranpoc/steam-reviews on Kaggle,,,CC BY-NC 4.0 (dataset card),2026-10-05,,d0ec12b33dffb8109b683b2e07780e2fc6b97187,,2026-03-12T14:51:00.000Z,2102,"Hugging Face repository downloads in last month; repeated per file, do not sum",37621604,14209799c5ac8910f7a8f5a4b87f9c4cf868308c3a07c28ba798312fe0feaaae,parquet,,,,,remote metadata only; not downloaded,,,,,,Repository update date does not prove each file was regenerated; card count is not a measured row count.,remote LFS metadata; verified locally for downloaded Parquet and matching CSV
adde023/steam-reviews,part.552.parquet,Hugging Face,https://huggingface.co/datasets/adde023/steam-reviews/blob/d0ec12b33dffb8109b683b2e07780e2fc6b97187/part.552.parquet,adde023,Steam User Reviews API via kieranpoc/steam-reviews on Kaggle,,,CC BY-NC 4.0 (dataset card),2026-10-05,,d0ec12b33dffb8109b683b2e07780e2fc6b97187,,2026-03-12T14:51:00.000Z,2102,"Hugging Face repository downloads in last month; repeated per file, do not sum",33406498,ef1c25f64234d5342241cde2278fdcc6049c89619354a69444e066d7e3d43867,parquet,,,,,remote metadata only; not downloaded,,,,,,Repository update date does not prove each file was regenerated; card count is not a measured row count.,remote LFS metadata; verified locally for downloaded Parquet and matching CSV
adde023/steam-reviews,part.553.parquet,Hugging Face,https://huggingface.co/datasets/adde023/steam-reviews/blob/d0ec12b33dffb8109b683b2e07780e2fc6b97187/part.553.parquet,adde023,Steam User Reviews API via kieranpoc/steam-reviews on Kaggle,,,CC BY-NC 4.0 (dataset card),2026-10-05,,d0ec12b33dffb8109b683b2e07780e2fc6b97187,,2026-03-12T14:51:00.000Z,2102,"Hugging Face repository downloads in last month; repeated per file, do not sum",34559868,e29e27dcc88a1c68b84eb9bc2aaca5562814df82e895d52b789cc1887b250a1c,parquet,,,,,remote metadata only; not downloaded,,,,,,Repository update date does not prove each file was regenerated; card count is not a measured row count.,remote LFS metadata; verified locally for downloaded Parquet and matching CSV
adde023/steam-reviews,part.554.parquet,Hugging Face,https://huggingface.co/datasets/adde023/steam-reviews/blob/d0ec12b33dffb8109b683b2e07780e2fc6b97187/part.554.parquet,adde023,Steam User Reviews API via kieranpoc/steam-reviews on Kaggle,,,CC BY-NC 4.0 (dataset card),2026-10-05,,d0ec12b33dffb8109b683b2e07780e2fc6b97187,,2026-03-12T14:51:00.000Z,2102,"Hugging Face repository downloads in last month; repeated per file, do not sum",38474308,c59b5025b0b289fad26e67ad7921f4bbfde863de254efa41876c78cb4fd65b90,parquet,,,,,remote metadata only; not downloaded,,,,,,Repository update date does not prove each file was regenerated; card count is not a measured row count.,remote LFS metadata; verified locally for downloaded Parquet and matching CSV
adde023/steam-reviews,part.555.parquet,Hugging Face,https://huggingface.co/datasets/adde023/steam-reviews/blob/d0ec12b33dffb8109b683b2e07780e2fc6b97187/part.555.parquet,adde023,Steam User Reviews API via kieranpoc/steam-reviews on Kaggle,,,CC BY-NC 4.0 (dataset card),2026-10-05,,d0ec12b33dffb8109b683b2e07780e2fc6b97187,,2026-03-12T14:51:00.000Z,2102,"Hugging Face repository downloads in last month; repeated per file, do not sum",37681804,49dea80feba779b9ba3c2d04359a7042ba9e1c261f837f1b660fedb3040ae3fc,parquet,,,,,remote metadata only; not downloaded,,,,,,Repository update date does not prove each file was regenerated; card count is not a measured row count.,remote LFS metadata; verified locally for downloaded Parquet and matching CSV
adde023/steam-reviews,part.556.parquet,Hugging Face,https://huggingface.co/datasets/adde023/steam-reviews/blob/d0ec12b33dffb8109b683b2e07780e2fc6b97187/part.556.parquet,adde023,Steam User Reviews API via kieranpoc/steam-reviews on Kaggle,,,CC BY-NC 4.0 (dataset card),2026-10-05,,d0ec12b33dffb8109b683b2e07780e2fc6b97187,,2026-03-12T14:51:00.000Z,2102,"Hugging Face repository downloads in last month; repeated per file, do not sum",37151615,fc40c59cc7280839fa69faf3c0f86f4afcefcd8784168e7e1e005fb86b35cfcf,parquet,,,,,remote metadata only; not downloaded,,,,,,Repository update date does not prove each file was regenerated; card count is not a measured row count.,remote LFS metadata; verified locally for downloaded Parquet and matching CSV
adde023/steam-reviews,part.557.parquet,Hugging Face,https://huggingface.co/datasets/adde023/steam-reviews/blob/d0ec12b33dffb8109b683b2e07780e2fc6b97187/part.557.parquet,adde023,Steam User Reviews API via kieranpoc/steam-reviews on Kaggle,,,CC BY-NC 4.0 (dataset card),2026-10-05,,d0ec12b33dffb8109b683b2e07780e2fc6b97187,,2026-03-12T14:51:00.000Z,2102,"Hugging Face repository downloads in last month; repeated per file, do not sum",37270691,b53141f429c982e2061b59b1c39eb48d8e38f8a432b3683d335e3f86a5d8cb61,parquet,,,,,remote metadata only; not downloaded,,,,,,Repository update date does not prove each file was regenerated; card count is not a measured row count.,remote LFS metadata; verified locally for downloaded Parquet and matching CSV
adde023/steam-reviews,part.558.parquet,Hugging Face,https://huggingface.co/datasets/adde023/steam-reviews/blob/d0ec12b33dffb8109b683b2e07780e2fc6b97187/part.558.parquet,adde023,Steam User Reviews API via kieranpoc/steam-reviews on Kaggle,,,CC BY-NC 4.0 (dataset card),2026-10-05,,d0ec12b33dffb8109b683b2e07780e2fc6b97187,,2026-03-12T14:51:00.000Z,2102,"Hugging Face repository downloads in last month; repeated per file, do not sum",37763132,56babecc5d0ef1d2a29bfc73679f459bf6c22e7d20bd1ba19fd14c093b3b79f8,parquet,,,,,remote metadata only; not downloaded,,,,,,Repository update date does not prove each file was regenerated; card count is not a measured row count.,remote LFS metadata; verified locally for downloaded Parquet and matching CSV
adde023/steam-reviews,part.559.parquet,Hugging Face,https://huggingface.co/datasets/adde023/steam-reviews/blob/d0ec12b33dffb8109b683b2e07780e2fc6b97187/part.559.parquet,adde023,Steam User Reviews API via kieranpoc/steam-reviews on Kaggle,,,CC BY-NC 4.0 (dataset card),2026-10-05,,d0ec12b33dffb8109b683b2e07780e2fc6b97187,,2026-03-12T14:51:00.000Z,2102,"Hugging Face repository downloads in last month; repeated per file, do not sum",32450366,839a0a9211b55238124a384970ec3e42152624f99f3fc2b778764918ccd96960,parquet,,,,,remote metadata only; not downloaded,,,,,,Repository update date does not prove each file was regenerated; card count is not a measured row count.,remote LFS metadata; verified locally for downloaded Parquet and matching CSV
adde023/steam-reviews,part.56.parquet,Hugging Face,https://huggingface.co/datasets/adde023/steam-reviews/blob/d0ec12b33dffb8109b683b2e07780e2fc6b97187/part.56.parquet,adde023,Steam User Reviews API via kieranpoc/steam-reviews on Kaggle,,,CC BY-NC 4.0 (dataset card),2026-10-05,,d0ec12b33dffb8109b683b2e07780e2fc6b97187,,2026-03-12T14:51:00.000Z,2102,"Hugging Face repository downloads in last month; repeated per file, do not sum",35755428,60b337b2aec4c89202e10564cdbcd191187760392680fe2500d5dc16f1d6cc55,parquet,,,,,remote metadata only; not downloaded,,,,,,Repository update date does not prove each file was regenerated; card count is not a measured row count.,remote LFS metadata; verified locally for downloaded Parquet and matching CSV
adde023/steam-reviews,part.560.parquet,Hugging Face,https://huggingface.co/datasets/adde023/steam-reviews/blob/d0ec12b33dffb8109b683b2e07780e2fc6b97187/part.560.parquet,adde023,Steam User Reviews API via kieranpoc/steam-reviews on Kaggle,,,CC BY-NC 4.0 (dataset card),2026-10-05,,d0ec12b33dffb8109b683b2e07780e2fc6b97187,,2026-03-12T14:51:00.000Z,2102,"Hugging Face repository downloads in last month; repeated per file, do not sum",36025910,3657d63a3a7d2a75a813bd9b88b986b3796053b2b5f1e80e5bc408a44be5bd0b,parquet,,,,,remote metadata only; not downloaded,,,,,,Repository update date does not prove each file was regenerated; card count is not a measured row count.,remote LFS metadata; verified locally for downloaded Parquet and matching CSV
adde023/steam-reviews,part.561.parquet,Hugging Face,https://huggingface.co/datasets/adde023/steam-reviews/blob/d0ec12b33dffb8109b683b2e07780e2fc6b97187/part.561.parquet,adde023,Steam User Reviews API via kieranpoc/steam-reviews on Kaggle,,,CC BY-NC 4.0 (dataset card),2026-10-05,,d0ec12b33dffb8109b683b2e07780e2fc6b97187,,2026-03-12T14:51:00.000Z,2102,"Hugging Face repository downloads in last month; repeated per file, do not sum",32695206,46cab8f4533226069cdd9f7f5b06b4daf07a5deb4f0fc81329bfe3340faa1457,parquet,,,,,remote metadata only; not downloaded,,,,,,Repository update date does not prove each file was regenerated; card count is not a measured row count.,remote LFS metadata; verified locally for downloaded Parquet and matching CSV
adde023/steam-reviews,part.562.parquet,Hugging Face,https://huggingface.co/datasets/adde023/steam-reviews/blob/d0ec12b33dffb8109b683b2e07780e2fc6b97187/part.562.parquet,adde023,Steam User Reviews API via kieranpoc/steam-reviews on Kaggle,,,CC BY-NC 4.0 (dataset card),2026-10-05,,d0ec12b33dffb8109b683b2e07780e2fc6b97187,,2026-03-12T14:51:00.000Z,2102,"Hugging Face repository downloads in last month; repeated per file, do not sum",37187634,463ef3a34a333d80fe6c1a140c67e40a812ed641771a6778cd534c2b53368235,parquet,,,,,remote metadata only; not downloaded,,,,,,Repository update date does not prove each file was regenerated; card count is not a measured row count.,remote LFS metadata; verified locally for downloaded Parquet and matching CSV
adde023/steam-reviews,part.563.parquet,Hugging Face,https://huggingface.co/datasets/adde023/steam-reviews/blob/d0ec12b33dffb8109b683b2e07780e2fc6b97187/part.563.parquet,adde023,Steam User Reviews API via kieranpoc/steam-reviews on Kaggle,,,CC BY-NC 4.0 (dataset card),2026-10-05,,d0ec12b33dffb8109b683b2e07780e2fc6b97187,,2026-03-12T14:51:00.000Z,2102,"Hugging Face repository downloads in last month; repeated per file, do not sum",37127980,560fb87c217ac6eb3385cb52ae01302c99e1a178b484aa82edecc4cceac76738,parquet,,,,,remote metadata only; not downloaded,,,,,,Repository update date does not prove each file was regenerated; card count is not a measured row count.,remote LFS metadata; verified locally for downloaded Parquet and matching CSV
adde023/steam-reviews,part.564.parquet,Hugging Face,https://huggingface.co/datasets/adde023/steam-reviews/blob/d0ec12b33dffb8109b683b2e07780e2fc6b97187/part.564.parquet,adde023,Steam User Reviews API via kieranpoc/steam-reviews on Kaggle,,,CC BY-NC 4.0 (dataset card),2026-10-05,,d0ec12b33dffb8109b683b2e07780e2fc6b97187,,2026-03-12T14:51:00.000Z,2102,"Hugging Face repository downloads in last month; repeated per file, do not sum",35739981,e31bae32a88ff4f9af62b454f7398a7c562aba6e2b10d33d0daf49d18d9b38db,parquet,,,,,remote metadata only; not downloaded,,,,,,Repository update date does not prove each file was regenerated; card count is not a measured row count.,remote LFS metadata; verified locally for downloaded Parquet and matching CSV
adde023/steam-reviews,part.565.parquet,Hugging Face,https://huggingface.co/datasets/adde023/steam-reviews/blob/d0ec12b33dffb8109b683b2e07780e2fc6b97187/part.565.parquet,adde023,Steam User Reviews API via kieranpoc/steam-reviews on Kaggle,,,CC BY-NC 4.0 (dataset card),2026-10-05,,d0ec12b33dffb8109b683b2e07780e2fc6b97187,,2026-03-12T14:51:00.000Z,2102,"Hugging Face repository downloads in last month; repeated per file, do not sum",37734205,24ee5684a4611e97a5b2c62ace66ddea20c6dc7c3f3cf00c6659479dd4ec5d85,parquet,,,,,remote metadata only; not downloaded,,,,,,Repository update date does not prove each file was regenerated; card count is not a measured row count.,remote LFS metadata; verified locally for downloaded Parquet and matching CSV
adde023/steam-reviews,part.566.parquet,Hugging Face,https://huggingface.co/datasets/adde023/steam-reviews/blob/d0ec12b33dffb8109b683b2e07780e2fc6b97187/part.566.parquet,adde023,Steam User Reviews API via kieranpoc/steam-reviews on Kaggle,,,CC BY-NC 4.0 (dataset card),2026-10-05,,d0ec12b33dffb8109b683b2e07780e2fc6b97187,,2026-03-12T14:51:00.000Z,2102,"Hugging Face repository downloads in last month; repeated per file, do not sum",37273210,c4b94c96a9571380221b9b97fdfa59b2193a7a7410974998bec03467bca13ff1,parquet,,,,,remote metadata only; not downloaded,,,,,,Repository update date does not prove each file was regenerated; card count is not a measured row count.,remote LFS metadata; verified locally for downloaded Parquet and matching CSV
adde023/steam-reviews,part.567.parquet,Hugging Face,https://huggingface.co/datasets/adde023/steam-reviews/blob/d0ec12b33dffb8109b683b2e07780e2fc6b97187/part.567.parquet,adde023,Steam User Reviews API via kieranpoc/steam-reviews on Kaggle,,,CC BY-NC 4.0 (dataset card),2026-10-05,,d0ec12b33dffb8109b683b2e07780e2fc6b97187,,2026-03-12T14:51:00.000Z,2102,"Hugging Face repository downloads in last month; repeated per file, do not sum",34072228,3f15d674a479f52177e3c9e59933dc1cf4a49f7862e7b0b8b2c80392e43e3cdd,parquet,,,,,remote metadata only; not downloaded,,,,,,Repository update date does not prove each file was regenerated; card count is not a measured row count.,remote LFS metadata; verified locally for downloaded Parquet and matching CSV
adde023/steam-reviews,part.568.parquet,Hugging Face,https://huggingface.co/datasets/adde023/steam-reviews/blob/d0ec12b33dffb8109b683b2e07780e2fc6b97187/part.568.parquet,adde023,Steam User Reviews API via kieranpoc/steam-reviews on Kaggle,,,CC BY-NC 4.0 (dataset card),2026-10-05,,d0ec12b33dffb8109b683b2e07780e2fc6b97187,,2026-03-12T14:51:00.000Z,2102,"Hugging Face repository downloads in last month; repeated per file, do not sum",34833531,7d53952e9a6e9ae617e4d63f9ad70caf4e7d8a7b3ac5339129e2f538e7b85ea5,parquet,,,,,remote metadata only; not downloaded,,,,,,Repository update date does not prove each file was regenerated; card count is not a measured row count.,remote LFS metadata; verified locally for downloaded Parquet and matching CSV
adde023/steam-reviews,part.569.parquet,Hugging Face,https://huggingface.co/datasets/adde023/steam-reviews/blob/d0ec12b33dffb8109b683b2e07780e2fc6b97187/part.569.parquet,adde023,Steam User Reviews API via kieranpoc/steam-reviews on Kaggle,,,CC BY-NC 4.0 (dataset card),2026-10-05,,d0ec12b33dffb8109b683b2e07780e2fc6b97187,,2026-03-12T14:51:00.000Z,2102,"Hugging Face repository downloads in last month; repeated per file, do not sum",31809745,4de2e706c37ceb0c2092b0c62cc8aa4b7c767868bd274b2942086ec0f029f360,parquet,,,,,remote metadata only; not downloaded,,,,,,Repository update date does not prove each file was regenerated; card count is not a measured row count.,remote LFS metadata; verified locally for downloaded Parquet and matching CSV
adde023/steam-reviews,part.57.parquet,Hugging Face,https://huggingface.co/datasets/adde023/steam-reviews/blob/d0ec12b33dffb8109b683b2e07780e2fc6b97187/part.57.parquet,adde023,Steam User Reviews API via kieranpoc/steam-reviews on Kaggle,,,CC BY-NC 4.0 (dataset card),2026-10-05,,d0ec12b33dffb8109b683b2e07780e2fc6b97187,,2026-03-12T14:51:00.000Z,2102,"Hugging Face repository downloads in last month; repeated per file, do not sum",36214405,6e4fb365243b7389d9fa667cc7269bbd544be3c35b4cab8671ae0c8c814c683d,parquet,,,,,remote metadata only; not downloaded,,,,,,Repository update date does not prove each file was regenerated; card count is not a measured row count.,remote LFS metadata; verified locally for downloaded Parquet and matching CSV
adde023/steam-reviews,part.570.parquet,Hugging Face,https://huggingface.co/datasets/adde023/steam-reviews/blob/d0ec12b33dffb8109b683b2e07780e2fc6b97187/part.570.parquet,adde023,Steam User Reviews API via kieranpoc/steam-reviews on Kaggle,,,CC BY-NC 4.0 (dataset card),2026-10-05,,d0ec12b33dffb8109b683b2e07780e2fc6b97187,,2026-03-12T14:51:00.000Z,2102,"Hugging Face repository downloads in last month; repeated per file, do not sum",27685772,40af30307ae2954eb04199233c49a93fa199a58eb05c3d4dd1c18864e0959b4c,parquet,,,,,remote metadata only; not downloaded,,,,,,Repository update date does not prove each file was regenerated; card count is not a measured row count.,remote LFS metadata; verified locally for downloaded Parquet and matching CSV
adde023/steam-reviews,part.571.parquet,Hugging Face,https://huggingface.co/datasets/adde023/steam-reviews/blob/d0ec12b33dffb8109b683b2e07780e2fc6b97187/part.571.parquet,adde023,Steam User Reviews API via kieranpoc/steam-reviews on Kaggle,,,CC BY-NC 4.0 (dataset card),2026-10-05,,d0ec12b33dffb8109b683b2e07780e2fc6b97187,,2026-03-12T14:51:00.000Z,2102,"Hugging Face repository downloads in last month; repeated per file, do not sum",28050837,91e7898d62a2c7783fda0c8cb7e27dd03d55ed63c29801eb1b1476d7e91165cb,parquet,,,,,remote metadata only; not downloaded,,,,,,Repository update date does not prove each file was regenerated; card count is not a measured row count.,remote LFS metadata; verified locally for downloaded Parquet and matching CSV
adde023/steam-reviews,part.572.parquet,Hugging Face,https://huggingface.co/datasets/adde023/steam-reviews/blob/d0ec12b33dffb8109b683b2e07780e2fc6b97187/part.572.parquet,adde023,Steam User Reviews API via kieranpoc/steam-reviews on Kaggle,,,CC BY-NC 4.0 (dataset card),2026-10-05,,d0ec12b33dffb8109b683b2e07780e2fc6b97187,,2026-03-12T14:51:00.000Z,2102,"Hugging Face repository downloads in last month; repeated per file, do not sum",28446292,586e5725394bb8c16f0366e0edbd7062b78ab89614c59123c2d21832f2638cd9,parquet,,,,,remote metadata only; not downloaded,,,,,,Repository update date does not prove each file was regenerated; card count is not a measured row count.,remote LFS metadata; verified locally for downloaded Parquet and matching CSV
adde023/steam-reviews,part.573.parquet,Hugging Face,https://huggingface.co/datasets/adde023/steam-reviews/blob/d0ec12b33dffb8109b683b2e07780e2fc6b97187/part.573.parquet,adde023,Steam User Reviews API via kieranpoc/steam-reviews on Kaggle,,,CC BY-NC 4.0 (dataset card),2026-10-05,,d0ec12b33dffb8109b683b2e07780e2fc6b97187,,2026-03-12T14:51:00.000Z,2102,"Hugging Face repository downloads in last month; repeated per file, do not sum",28511527,5009184fbe207aa504bb2430062b6376fdac9567ccd32662461f748c32e59197,parquet,,,,,remote metadata only; not downloaded,,,,,,Repository update date does not prove each file was regenerated; card count is not a measured row count.,remote LFS metadata; verified locally for downloaded Parquet and matching CSV
adde023/steam-reviews,part.574.parquet,Hugging Face,https://huggingface.co/datasets/adde023/steam-reviews/blob/d0ec12b33dffb8109b683b2e07780e2fc6b97187/part.574.parquet,adde023,Steam User Reviews API via kieranpoc/steam-reviews on Kaggle,,,CC BY-NC 4.0 (dataset card),2026-10-05,,d0ec12b33dffb8109b683b2e07780e2fc6b97187,,2026-03-12T14:51:00.000Z,2102,"Hugging Face repository downloads in last month; repeated per file, do not sum",28445927,ddc477a5d2a8c234bd373cbbbc5ac53a59451810f356eebb0988b312c00115f8,parquet,,,,,remote metadata only; not downloaded,,,,,,Repository update date does not prove each file was regenerated; card count is not a measured row count.,remote LFS metadata; verified locally for downloaded Parquet and matching CSV
adde023/steam-reviews,part.575.parquet,Hugging Face,https://huggingface.co/datasets/adde023/steam-reviews/blob/d0ec12b33dffb8109b683b2e07780e2fc6b97187/part.575.parquet,adde023,Steam User Reviews API via kieranpoc/steam-reviews on Kaggle,,,CC BY-NC 4.0 (dataset card),2026-10-05,,d0ec12b33dffb8109b683b2e07780e2fc6b97187,,2026-03-12T14:51:00.000Z,2102,"Hugging Face repository downloads in last month; repeated per file, do not sum",28599857,e846b569960760136671b31fdff1cde38632d4ff8a0ee569c35032dffbd2ae22,parquet,,,,,remote metadata only; not downloaded,,,,,,Repository update date does not prove each file was regenerated; card count is not a measured row count.,remote LFS metadata; verified locally for downloaded Parquet and matching CSV
adde023/steam-reviews,part.576.parquet,Hugging Face,https://huggingface.co/datasets/adde023/steam-reviews/blob/d0ec12b33dffb8109b683b2e07780e2fc6b97187/part.576.parquet,adde023,Steam User Reviews API via kieranpoc/steam-reviews on Kaggle,,,CC BY-NC 4.0 (dataset card),2026-10-05,,d0ec12b33dffb8109b683b2e07780e2fc6b97187,,2026-03-12T14:51:00.000Z,2102,"Hugging Face repository downloads in last month; repeated per file, do not sum",29065906,8f4979d2acbf3ba111a7bd6ccb86c700ae344c6ffd27415d6d5976a965027ebf,parquet,,,,,remote metadata only; not downloaded,,,,,,Repository update date does not prove each file was regenerated; card count is not a measured row count.,remote LFS metadata; verified locally for downloaded Parquet and matching CSV
adde023/steam-reviews,part.577.parquet,Hugging Face,https://huggingface.co/datasets/adde023/steam-reviews/blob/d0ec12b33dffb8109b683b2e07780e2fc6b97187/part.577.parquet,adde023,Steam User Reviews API via kieranpoc/steam-reviews on Kaggle,,,CC BY-NC 4.0 (dataset card),2026-10-05,,d0ec12b33dffb8109b683b2e07780e2fc6b97187,,2026-03-12T14:51:00.000Z,2102,"Hugging Face repository downloads in last month; repeated per file, do not sum",28598449,7fcd0d4e1772ddb2469f184e57b6c468a9c14e6c814e67ebb7226fc102be245e,parquet,,,,,remote metadata only; not downloaded,,,,,,Repository update date does not prove each file was regenerated; card count is not a measured row count.,remote LFS metadata; verified locally for downloaded Parquet and matching CSV
adde023/steam-reviews,part.578.parquet,Hugging Face,https://huggingface.co/datasets/adde023/steam-reviews/blob/d0ec12b33dffb8109b683b2e07780e2fc6b97187/part.578.parquet,adde023,Steam User Reviews API via kieranpoc/steam-reviews on Kaggle,,,CC BY-NC 4.0 (dataset card),2026-10-05,,d0ec12b33dffb8109b683b2e07780e2fc6b97187,,2026-03-12T14:51:00.000Z,2102,"Hugging Face repository downloads in last month; repeated per file, do not sum",28601216,edd2d8d111fda4401591cbbfed3cc710328232741851dedf8527367f24e44452,parquet,,,,,remote metadata only; not downloaded,,,,,,Repository update date does not prove each file was regenerated; card count is not a measured row count.,remote LFS metadata; verified locally for downloaded Parquet and matching CSV
adde023/steam-reviews,part.579.parquet,Hugging Face,https://huggingface.co/datasets/adde023/steam-reviews/blob/d0ec12b33dffb8109b683b2e07780e2fc6b97187/part.579.parquet,adde023,Steam User Reviews API via kieranpoc/steam-reviews on Kaggle,,,CC BY-NC 4.0 (dataset card),2026-10-05,,d0ec12b33dffb8109b683b2e07780e2fc6b97187,,2026-03-12T14:51:00.000Z,2102,"Hugging Face repository downloads in last month; repeated per file, do not sum",28734188,f93d4f8f2d9561195978f3c3b034a7bd399e3cb8160c01086cdda55587c2694c,parquet,,,,,remote metadata only; not downloaded,,,,,,Repository update date does not prove each file was regenerated; card count is not a measured row count.,remote LFS metadata; verified locally for downloaded Parquet and matching CSV
adde023/steam-reviews,part.58.parquet,Hugging Face,https://huggingface.co/datasets/adde023/steam-reviews/blob/d0ec12b33dffb8109b683b2e07780e2fc6b97187/part.58.parquet,adde023,Steam User Reviews API via kieranpoc/steam-reviews on Kaggle,,,CC BY-NC 4.0 (dataset card),2026-10-05,,d0ec12b33dffb8109b683b2e07780e2fc6b97187,,2026-03-12T14:51:00.000Z,2102,"Hugging Face repository downloads in last month; repeated per file, do not sum",33869800,3c2c7a010b62e6208960b5e26cd17b073b8dd8d6bca666d1cb103ac7b8e87ccc,parquet,,,,,remote metadata only; not downloaded,,,,,,Repository update date does not prove each file was regenerated; card count is not a measured row count.,remote LFS metadata; verified locally for downloaded Parquet and matching CSV
adde023/steam-reviews,part.580.parquet,Hugging Face,https://huggingface.co/datasets/adde023/steam-reviews/blob/d0ec12b33dffb8109b683b2e07780e2fc6b97187/part.580.parquet,adde023,Steam User Reviews API via kieranpoc/steam-reviews on Kaggle,,,CC BY-NC 4.0 (dataset card),2026-10-05,,d0ec12b33dffb8109b683b2e07780e2fc6b97187,,2026-03-12T14:51:00.000Z,2102,"Hugging Face repository downloads in last month; repeated per file, do not sum",28860541,ae2ef6cd1f3d56cb99f06e0abb84815b103bd9be8efc0e62bd7beda05899ed43,parquet,,,,,remote metadata only; not downloaded,,,,,,Repository update date does not prove each file was regenerated; card count is not a measured row count.,remote LFS metadata; verified locally for downloaded Parquet and matching CSV
adde023/steam-reviews,part.581.parquet,Hugging Face,https://huggingface.co/datasets/adde023/steam-reviews/blob/d0ec12b33dffb8109b683b2e07780e2fc6b97187/part.581.parquet,adde023,Steam User Reviews API via kieranpoc/steam-reviews on Kaggle,,,CC BY-NC 4.0 (dataset card),2026-10-05,,d0ec12b33dffb8109b683b2e07780e2fc6b97187,,2026-03-12T14:51:00.000Z,2102,"Hugging Face repository downloads in last month; repeated per file, do not sum",28685895,ba8312bd301235b979793ab0264d814069301d81976345604393d366b00038e4,parquet,,,,,remote metadata only; not downloaded,,,,,,Repository update date does not prove each file was regenerated; card count is not a measured row count.,remote LFS metadata; verified locally for downloaded Parquet and matching CSV
adde023/steam-reviews,part.582.parquet,Hugging Face,https://huggingface.co/datasets/adde023/steam-reviews/blob/d0ec12b33dffb8109b683b2e07780e2fc6b97187/part.582.parquet,adde023,Steam User Reviews API via kieranpoc/steam-reviews on Kaggle,,,CC BY-NC 4.0 (dataset card),2026-10-05,,d0ec12b33dffb8109b683b2e07780e2fc6b97187,,2026-03-12T14:51:00.000Z,2102,"Hugging Face repository downloads in last month; repeated per file, do not sum",28729518,72ae3cc8905f13818f0778ef83b703adbf11f0d2cffe0885f3496788d27180d3,parquet,,,,,remote metadata only; not downloaded,,,,,,Repository update date does not prove each file was regenerated; card count is not a measured row count.,remote LFS metadata; verified locally for downloaded Parquet and matching CSV
adde023/steam-reviews,part.583.parquet,Hugging Face,https://huggingface.co/datasets/adde023/steam-reviews/blob/d0ec12b33dffb8109b683b2e07780e2fc6b97187/part.583.parquet,adde023,Steam User Reviews API via kieranpoc/steam-reviews on Kaggle,,,CC BY-NC 4.0 (dataset card),2026-10-05,,d0ec12b33dffb8109b683b2e07780e2fc6b97187,,2026-03-12T14:51:00.000Z,2102,"Hugging Face repository downloads in last month; repeated per file, do not sum",29548012,ed0e1f37161a17dd117102682fccbbed05dbd4c62b4b6bc6d7dff9f58334e186,parquet,,,,,remote metadata only; not downloaded,,,,,,Repository update date does not prove each file was regenerated; card count is not a measured row count.,remote LFS metadata; verified locally for downloaded Parquet and matching CSV
adde023/steam-reviews,part.584.parquet,Hugging Face,https://huggingface.co/datasets/adde023/steam-reviews/blob/d0ec12b33dffb8109b683b2e07780e2fc6b97187/part.584.parquet,adde023,Steam User Reviews API via kieranpoc/steam-reviews on Kaggle,,,CC BY-NC 4.0 (dataset card),2026-10-05,,d0ec12b33dffb8109b683b2e07780e2fc6b97187,,2026-03-12T14:51:00.000Z,2102,"Hugging Face repository downloads in last month; repeated per file, do not sum",30093597,99e5ccb431fb5cecd8bd47b0d60fd47a19f44dc28529e77c4f954705a5eb25b7,parquet,,,,,remote metadata only; not downloaded,,,,,,Repository update date does not prove each file was regenerated; card count is not a measured row count.,remote LFS metadata; verified locally for downloaded Parquet and matching CSV
adde023/steam-reviews,part.585.parquet,Hugging Face,https://huggingface.co/datasets/adde023/steam-reviews/blob/d0ec12b33dffb8109b683b2e07780e2fc6b97187/part.585.parquet,adde023,Steam User Reviews API via kieranpoc/steam-reviews on Kaggle,,,CC BY-NC 4.0 (dataset card),2026-10-05,,d0ec12b33dffb8109b683b2e07780e2fc6b97187,,2026-03-12T14:51:00.000Z,2102,"Hugging Face repository downloads in last month; repeated per file, do not sum",31968018,82bea9624c19cb734ebc636ef1b4583d64b0ce0c279295dafd2ac29af5ecbc9d,parquet,,,,,remote metadata only; not downloaded,,,,,,Repository update date does not prove each file was regenerated; card count is not a measured row count.,remote LFS metadata; verified locally for downloaded Parquet and matching CSV
adde023/steam-reviews,part.586.parquet,Hugging Face,https://huggingface.co/datasets/adde023/steam-reviews/blob/d0ec12b33dffb8109b683b2e07780e2fc6b97187/part.586.parquet,adde023,Steam User Reviews API via kieranpoc/steam-reviews on Kaggle,,,CC BY-NC 4.0 (dataset card),2026-10-05,,d0ec12b33dffb8109b683b2e07780e2fc6b97187,,2026-03-12T14:51:00.000Z,2102,"Hugging Face repository downloads in last month; repeated per file, do not sum",31339518,a02a6f566d16a3094f0c982e4e5430bbe49de9b76df71ff247021c4da3540951,parquet,,,,,remote metadata only; not downloaded,,,,,,Repository update date does not prove each file was regenerated; card count is not a measured row count.,remote LFS metadata; verified locally for downloaded Parquet and matching CSV
adde023/steam-reviews,part.587.parquet,Hugging Face,https://huggingface.co/datasets/adde023/steam-reviews/blob/d0ec12b33dffb8109b683b2e07780e2fc6b97187/part.587.parquet,adde023,Steam User Reviews API via kieranpoc/steam-reviews on Kaggle,,,CC BY-NC 4.0 (dataset card),2026-10-05,,d0ec12b33dffb8109b683b2e07780e2fc6b97187,,2026-03-12T14:51:00.000Z,2102,"Hugging Face repository downloads in last month; repeated per file, do not sum",26758209,57f576eefc5bff2e22dfce14453b02b78e5cf5066a7e596532e342291d204998,parquet,,,,,remote metadata only; not downloaded,,,,,,Repository update date does not prove each file was regenerated; card count is not a measured row count.,remote LFS metadata; verified locally for downloaded Parquet and matching CSV
adde023/steam-reviews,part.588.parquet,Hugging Face,https://huggingface.co/datasets/adde023/steam-reviews/blob/d0ec12b33dffb8109b683b2e07780e2fc6b97187/part.588.parquet,adde023,Steam User Reviews API via kieranpoc/steam-reviews on Kaggle,,,CC BY-NC 4.0 (dataset card),2026-10-05,,d0ec12b33dffb8109b683b2e07780e2fc6b97187,,2026-03-12T14:51:00.000Z,2102,"Hugging Face repository downloads in last month; repeated per file, do not sum",19320954,59a793e08bc8503cb9984adaddc0e4d290b960cc27286f9c657a8717cf0d5e62,parquet,,,,,remote metadata only; not downloaded,,,,,,Repository update date does not prove each file was regenerated; card count is not a measured row count.,remote LFS metadata; verified locally for downloaded Parquet and matching CSV
adde023/steam-reviews,part.589.parquet,Hugging Face,https://huggingface.co/datasets/adde023/steam-reviews/blob/d0ec12b33dffb8109b683b2e07780e2fc6b97187/part.589.parquet,adde023,Steam User Reviews API via kieranpoc/steam-reviews on Kaggle,,,CC BY-NC 4.0 (dataset card),2026-10-05,,d0ec12b33dffb8109b683b2e07780e2fc6b97187,,2026-03-12T14:51:00.000Z,2102,"Hugging Face repository downloads in last month; repeated per file, do not sum",14217717,7f57a7969b4ea923060eee59b73d69c2431dfc7479840bc37767dbf13d08c3db,parquet,,,,,remote metadata only; not downloaded,,,,,,Repository update date does not prove each file was regenerated; card count is not a measured row count.,remote LFS metadata; verified locally for downloaded Parquet and matching CSV
adde023/steam-reviews,part.59.parquet,Hugging Face,https://huggingface.co/datasets/adde023/steam-reviews/blob/d0ec12b33dffb8109b683b2e07780e2fc6b97187/part.59.parquet,adde023,Steam User Reviews API via kieranpoc/steam-reviews on Kaggle,,,CC BY-NC 4.0 (dataset card),2026-10-05,,d0ec12b33dffb8109b683b2e07780e2fc6b97187,,2026-03-12T14:51:00.000Z,2102,"Hugging Face repository downloads in last month; repeated per file, do not sum",30143810,c601d4020845d5aea2528d1db63396011dd45cd9aa62ddeb5cc486f9190ef053,parquet,,,,,remote metadata only; not downloaded,,,,,,Repository update date does not prove each file was regenerated; card count is not a measured row count.,remote LFS metadata; verified locally for downloaded Parquet and matching CSV
adde023/steam-reviews,part.590.parquet,Hugging Face,https://huggingface.co/datasets/adde023/steam-reviews/blob/d0ec12b33dffb8109b683b2e07780e2fc6b97187/part.590.parquet,adde023,Steam User Reviews API via kieranpoc/steam-reviews on Kaggle,,,CC BY-NC 4.0 (dataset card),2026-10-05,,d0ec12b33dffb8109b683b2e07780e2fc6b97187,,2026-03-12T14:51:00.000Z,2102,"Hugging Face repository downloads in last month; repeated per file, do not sum",25519530,9322efe0c3c78f5424685185710e825eebdc8137d0f7e522d3b7d312baba589a,parquet,,,,,remote metadata only; not downloaded,,,,,,Repository update date does not prove each file was regenerated; card count is not a measured row count.,remote LFS metadata; verified locally for downloaded Parquet and matching CSV
adde023/steam-reviews,part.591.parquet,Hugging Face,https://huggingface.co/datasets/adde023/steam-reviews/blob/d0ec12b33dffb8109b683b2e07780e2fc6b97187/part.591.parquet,adde023,Steam User Reviews API via kieranpoc/steam-reviews on Kaggle,,,CC BY-NC 4.0 (dataset card),2026-10-05,,d0ec12b33dffb8109b683b2e07780e2fc6b97187,,2026-03-12T14:51:00.000Z,2102,"Hugging Face repository downloads in last month; repeated per file, do not sum",26256206,71123b36ce3abfad8f616d0950aa043275383497324b00cc710279ac3db120cd,parquet,,,,,remote metadata only; not downloaded,,,,,,Repository update date does not prove each file was regenerated; card count is not a measured row count.,remote LFS metadata; verified locally for downloaded Parquet and matching CSV
adde023/steam-reviews,part.592.parquet,Hugging Face,https://huggingface.co/datasets/adde023/steam-reviews/blob/d0ec12b33dffb8109b683b2e07780e2fc6b97187/part.592.parquet,adde023,Steam User Reviews API via kieranpoc/steam-reviews on Kaggle,,,CC BY-NC 4.0 (dataset card),2026-10-05,,d0ec12b33dffb8109b683b2e07780e2fc6b97187,,2026-03-12T14:51:00.000Z,2102,"Hugging Face repository downloads in last month; repeated per file, do not sum",32057899,c9c9f33697edf83c4d44bbc3234107d87e626c05b0c0fc70cd63a0f43f28ea93,parquet,,,,,remote metadata only; not downloaded,,,,,,Repository update date does not prove each file was regenerated; card count is not a measured row count.,remote LFS metadata; verified locally for downloaded Parquet and matching CSV
adde023/steam-reviews,part.593.parquet,Hugging Face,https://huggingface.co/datasets/adde023/steam-reviews/blob/d0ec12b33dffb8109b683b2e07780e2fc6b97187/part.593.parquet,adde023,Steam User Reviews API via kieranpoc/steam-reviews on Kaggle,,,CC BY-NC 4.0 (dataset card),2026-10-05,,d0ec12b33dffb8109b683b2e07780e2fc6b97187,,2026-03-12T14:51:00.000Z,2102,"Hugging Face repository downloads in last month; repeated per file, do not sum",30036225,dc971047b8a93848ea127ccda3fe3ff75155638c17dc6bc701520ef1c1bc8906,parquet,,,,,remote metadata only; not downloaded,,,,,,Repository update date does not prove each file was regenerated; card count is not a measured row count.,remote LFS metadata; verified locally for downloaded Parquet and matching CSV
adde023/steam-reviews,part.594.parquet,Hugging Face,https://huggingface.co/datasets/adde023/steam-reviews/blob/d0ec12b33dffb8109b683b2e07780e2fc6b97187/part.594.parquet,adde023,Steam User Reviews API via kieranpoc/steam-reviews on Kaggle,,,CC BY-NC 4.0 (dataset card),2026-10-05,,d0ec12b33dffb8109b683b2e07780e2fc6b97187,,2026-03-12T14:51:00.000Z,2102,"Hugging Face repository downloads in last month; repeated per file, do not sum",29500805,70f058bdea1fbce39be17ae7456c193ae6729b87558aba4dbea35dfe99ede4bd,parquet,,,,,remote metadata only; not downloaded,,,,,,Repository update date does not prove each file was regenerated; card count is not a measured row count.,remote LFS metadata; verified locally for downloaded Parquet and matching CSV
adde023/steam-reviews,part.595.parquet,Hugging Face,https://huggingface.co/datasets/adde023/steam-reviews/blob/d0ec12b33dffb8109b683b2e07780e2fc6b97187/part.595.parquet,adde023,Steam User Reviews API via kieranpoc/steam-reviews on Kaggle,,,CC BY-NC 4.0 (dataset card),2026-10-05,,d0ec12b33dffb8109b683b2e07780e2fc6b97187,,2026-03-12T14:51:00.000Z,2102,"Hugging Face repository downloads in last month; repeated per file, do not sum",26401206,44654b511b58422338b2fa9def79fa66731bcd665fc4391abb6a86c6aeba5e04,parquet,,,,,remote metadata only; not downloaded,,,,,,Repository update date does not prove each file was regenerated; card count is not a measured row count.,remote LFS metadata; verified locally for downloaded Parquet and matching CSV
adde023/steam-reviews,part.596.parquet,Hugging Face,https://huggingface.co/datasets/adde023/steam-reviews/blob/d0ec12b33dffb8109b683b2e07780e2fc6b97187/part.596.parquet,adde023,Steam User Reviews API via kieranpoc/steam-reviews on Kaggle,,,CC BY-NC 4.0 (dataset card),2026-10-05,,d0ec12b33dffb8109b683b2e07780e2fc6b97187,,2026-03-12T14:51:00.000Z,2102,"Hugging Face repository downloads in last month; repeated per file, do not sum",31774880,8b025be8228c9287eb406f6220a851bcf2abd7f7c73f19699d3a543988c305d3,parquet,,,,,remote metadata only; not downloaded,,,,,,Repository update date does not prove each file was regenerated; card count is not a measured row count.,remote LFS metadata; verified locally for downloaded Parquet and matching CSV
adde023/steam-reviews,part.597.parquet,Hugging Face,https://huggingface.co/datasets/adde023/steam-reviews/blob/d0ec12b33dffb8109b683b2e07780e2fc6b97187/part.597.parquet,adde023,Steam User Reviews API via kieranpoc/steam-reviews on Kaggle,,,CC BY-NC 4.0 (dataset card),2026-10-05,,d0ec12b33dffb8109b683b2e07780e2fc6b97187,,2026-03-12T14:51:00.000Z,2102,"Hugging Face repository downloads in last month; repeated per file, do not sum",29649739,ffa9e2a10c16b8350ec700f833d8911ad122761fa49ca0a67b9af00591128d07,parquet,,,,,remote metadata only; not downloaded,,,,,,Repository update date does not prove each file was regenerated; card count is not a measured row count.,remote LFS metadata; verified locally for downloaded Parquet and matching CSV
adde023/steam-reviews,part.598.parquet,Hugging Face,https://huggingface.co/datasets/adde023/steam-reviews/blob/d0ec12b33dffb8109b683b2e07780e2fc6b97187/part.598.parquet,adde023,Steam User Reviews API via kieranpoc/steam-reviews on Kaggle,,,CC BY-NC 4.0 (dataset card),2026-10-05,,d0ec12b33dffb8109b683b2e07780e2fc6b97187,,2026-03-12T14:51:00.000Z,2102,"Hugging Face repository downloads in last month; repeated per file, do not sum",36925471,6cc46c1f0ca8c1b5f7c526ed0f289acd9d4ade3d7d3957a51fb094e24755923f,parquet,,,,,remote metadata only; not downloaded,,,,,,Repository update date does not prove each file was regenerated; card count is not a measured row count.,remote LFS metadata; verified locally for downloaded Parquet and matching CSV
adde023/steam-reviews,part.599.parquet,Hugging Face,https://huggingface.co/datasets/adde023/steam-reviews/blob/d0ec12b33dffb8109b683b2e07780e2fc6b97187/part.599.parquet,adde023,Steam User Reviews API via kieranpoc/steam-reviews on Kaggle,,,CC BY-NC 4.0 (dataset card),2026-10-05,,d0ec12b33dffb8109b683b2e07780e2fc6b97187,,2026-03-12T14:51:00.000Z,2102,"Hugging Face repository downloads in last month; repeated per file, do not sum",34096797,d0c5e4702f287e9e51866fe8d6557864d0a6c5b965fde596628a36bce4b7f0b6,parquet,,,,,remote metadata only; not downloaded,,,,,,Repository update date does not prove each file was regenerated; card count is not a measured row count.,remote LFS metadata; verified locally for downloaded Parquet and matching CSV
adde023/steam-reviews,part.6.parquet,Hugging Face,https://huggingface.co/datasets/adde023/steam-reviews/blob/d0ec12b33dffb8109b683b2e07780e2fc6b97187/part.6.parquet,adde023,Steam User Reviews API via kieranpoc/steam-reviews on Kaggle,,,CC BY-NC 4.0 (dataset card),2026-10-05,,d0ec12b33dffb8109b683b2e07780e2fc6b97187,,2026-03-12T14:51:00.000Z,2102,"Hugging Face repository downloads in last month; repeated per file, do not sum",37939811,c15279a3679276e6b85ac2d980f75a5f40353957d4d04daf57ccf3ffba6f1978,parquet,,,,,remote metadata only; not downloaded,,,,,,Repository update date does not prove each file was regenerated; card count is not a measured row count.,remote LFS metadata; verified locally for downloaded Parquet and matching CSV
adde023/steam-reviews,part.60.parquet,Hugging Face,https://huggingface.co/datasets/adde023/steam-reviews/blob/d0ec12b33dffb8109b683b2e07780e2fc6b97187/part.60.parquet,adde023,Steam User Reviews API via kieranpoc/steam-reviews on Kaggle,,,CC BY-NC 4.0 (dataset card),2026-10-05,,d0ec12b33dffb8109b683b2e07780e2fc6b97187,,2026-03-12T14:51:00.000Z,2102,"Hugging Face repository downloads in last month; repeated per file, do not sum",30728886,745df3d10b45aa4d62d58979af9e806db9603b96696f84ce67e0f50b59c114cd,parquet,,,,,remote metadata only; not downloaded,,,,,,Repository update date does not prove each file was regenerated; card count is not a measured row count.,remote LFS metadata; verified locally for downloaded Parquet and matching CSV
adde023/steam-reviews,part.600.parquet,Hugging Face,https://huggingface.co/datasets/adde023/steam-reviews/blob/d0ec12b33dffb8109b683b2e07780e2fc6b97187/part.600.parquet,adde023,Steam User Reviews API via kieranpoc/steam-reviews on Kaggle,,,CC BY-NC 4.0 (dataset card),2026-10-05,,d0ec12b33dffb8109b683b2e07780e2fc6b97187,,2026-03-12T14:51:00.000Z,2102,"Hugging Face repository downloads in last month; repeated per file, do not sum",31131751,0b9557377adb19bba2e66c74ab60693c25f144b6b866485b27b03499c08eb129,parquet,,,,,remote metadata only; not downloaded,,,,,,Repository update date does not prove each file was regenerated; card count is not a measured row count.,remote LFS metadata; verified locally for downloaded Parquet and matching CSV
adde023/steam-reviews,part.601.parquet,Hugging Face,https://huggingface.co/datasets/adde023/steam-reviews/blob/d0ec12b33dffb8109b683b2e07780e2fc6b97187/part.601.parquet,adde023,Steam User Reviews API via kieranpoc/steam-reviews on Kaggle,,,CC BY-NC 4.0 (dataset card),2026-10-05,,d0ec12b33dffb8109b683b2e07780e2fc6b97187,,2026-03-12T14:51:00.000Z,2102,"Hugging Face repository downloads in last month; repeated per file, do not sum",32576906,908b0b947408e010abe31ccc38bb4268be2c88fac44d392faa27d136cb195f3d,parquet,,,,,remote metadata only; not downloaded,,,,,,Repository update date does not prove each file was regenerated; card count is not a measured row count.,remote LFS metadata; verified locally for downloaded Parquet and matching CSV
adde023/steam-reviews,part.602.parquet,Hugging Face,https://huggingface.co/datasets/adde023/steam-reviews/blob/d0ec12b33dffb8109b683b2e07780e2fc6b97187/part.602.parquet,adde023,Steam User Reviews API via kieranpoc/steam-reviews on Kaggle,,,CC BY-NC 4.0 (dataset card),2026-10-05,,d0ec12b33dffb8109b683b2e07780e2fc6b97187,,2026-03-12T14:51:00.000Z,2102,"Hugging Face repository downloads in last month; repeated per file, do not sum",38146536,45d219c4a3146d2c230d44d7a97cde4d4a846d46c9993641acd90d163800277d,parquet,,,,,remote metadata only; not downloaded,,,,,,Repository update date does not prove each file was regenerated; card count is not a measured row count.,remote LFS metadata; verified locally for downloaded Parquet and matching CSV
adde023/steam-reviews,part.603.parquet,Hugging Face,https://huggingface.co/datasets/adde023/steam-reviews/blob/d0ec12b33dffb8109b683b2e07780e2fc6b97187/part.603.parquet,adde023,Steam User Reviews API via kieranpoc/steam-reviews on Kaggle,,,CC BY-NC 4.0 (dataset card),2026-10-05,,d0ec12b33dffb8109b683b2e07780e2fc6b97187,,2026-03-12T14:51:00.000Z,2102,"Hugging Face repository downloads in last month; repeated per file, do not sum",36498727,f572d424ed669f9e0f3ab53586a3f6f097e28d5e8f7aa36461cfa12eadf8baa7,parquet,,,,,remote metadata only; not downloaded,,,,,,Repository update date does not prove each file was regenerated; card count is not a measured row count.,remote LFS metadata; verified locally for downloaded Parquet and matching CSV
adde023/steam-reviews,part.604.parquet,Hugging Face,https://huggingface.co/datasets/adde023/steam-reviews/blob/d0ec12b33dffb8109b683b2e07780e2fc6b97187/part.604.parquet,adde023,Steam User Reviews API via kieranpoc/steam-reviews on Kaggle,,,CC BY-NC 4.0 (dataset card),2026-10-05,,d0ec12b33dffb8109b683b2e07780e2fc6b97187,,2026-03-12T14:51:00.000Z,2102,"Hugging Face repository downloads in last month; repeated per file, do not sum",38104931,76b907bf3cbfc3421d77de223d381a8429b838b68f8c07fcf3cf01e6ba2cc66f,parquet,,,,,remote metadata only; not downloaded,,,,,,Repository update date does not prove each file was regenerated; card count is not a measured row count.,remote LFS metadata; verified locally for downloaded Parquet and matching CSV
adde023/steam-reviews,part.605.parquet,Hugging Face,https://huggingface.co/datasets/adde023/steam-reviews/blob/d0ec12b33dffb8109b683b2e07780e2fc6b97187/part.605.parquet,adde023,Steam User Reviews API via kieranpoc/steam-reviews on Kaggle,,,CC BY-NC 4.0 (dataset card),2026-10-05,,d0ec12b33dffb8109b683b2e07780e2fc6b97187,,2026-03-12T14:51:00.000Z,2102,"Hugging Face repository downloads in last month; repeated per file, do not sum",38138430,3505798524838f34035e2521338a51015a4fde9535d4fa49cdaba0544858ee3f,parquet,,,,,remote metadata only; not downloaded,,,,,,Repository update date does not prove each file was regenerated; card count is not a measured row count.,remote LFS metadata; verified locally for downloaded Parquet and matching CSV
adde023/steam-reviews,part.606.parquet,Hugging Face,https://huggingface.co/datasets/adde023/steam-reviews/blob/d0ec12b33dffb8109b683b2e07780e2fc6b97187/part.606.parquet,adde023,Steam User Reviews API via kieranpoc/steam-reviews on Kaggle,,,CC BY-NC 4.0 (dataset card),2026-10-05,,d0ec12b33dffb8109b683b2e07780e2fc6b97187,,2026-03-12T14:51:00.000Z,2102,"Hugging Face repository downloads in last month; repeated per file, do not sum",37686002,b41879d28d63c1538484e4ed3d8ddbf520bca09862545a55ea043a3a7ce6a035,parquet,,,,,remote metadata only; not downloaded,,,,,,Repository update date does not prove each file was regenerated; card count is not a measured row count.,remote LFS metadata; verified locally for downloaded Parquet and matching CSV
adde023/steam-reviews,part.607.parquet,Hugging Face,https://huggingface.co/datasets/adde023/steam-reviews/blob/d0ec12b33dffb8109b683b2e07780e2fc6b97187/part.607.parquet,adde023,Steam User Reviews API via kieranpoc/steam-reviews on Kaggle,,,CC BY-NC 4.0 (dataset card),2026-10-05,,d0ec12b33dffb8109b683b2e07780e2fc6b97187,,2026-03-12T14:51:00.000Z,2102,"Hugging Face repository downloads in last month; repeated per file, do not sum",36112805,49f2b99b569fe053250d5364be6103b645d326edccf1cec7f55b669409b1cdc2,parquet,,,,,remote metadata only; not downloaded,,,,,,Repository update date does not prove each file was regenerated; card count is not a measured row count.,remote LFS metadata; verified locally for downloaded Parquet and matching CSV
adde023/steam-reviews,part.608.parquet,Hugging Face,https://huggingface.co/datasets/adde023/steam-reviews/blob/d0ec12b33dffb8109b683b2e07780e2fc6b97187/part.608.parquet,adde023,Steam User Reviews API via kieranpoc/steam-reviews on Kaggle,,,CC BY-NC 4.0 (dataset card),2026-10-05,,d0ec12b33dffb8109b683b2e07780e2fc6b97187,,2026-03-12T14:51:00.000Z,2102,"Hugging Face repository downloads in last month; repeated per file, do not sum",37530772,bd41c3d09552f1a398c93a8ac0e76d5d630127efdc5d6de2094677de36117d5a,parquet,,,,,remote metadata only; not downloaded,,,,,,Repository update date does not prove each file was regenerated; card count is not a measured row count.,remote LFS metadata; verified locally for downloaded Parquet and matching CSV
adde023/steam-reviews,part.609.parquet,Hugging Face,https://huggingface.co/datasets/adde023/steam-reviews/blob/d0ec12b33dffb8109b683b2e07780e2fc6b97187/part.609.parquet,adde023,Steam User Reviews API via kieranpoc/steam-reviews on Kaggle,,,CC BY-NC 4.0 (dataset card),2026-10-05,,d0ec12b33dffb8109b683b2e07780e2fc6b97187,,2026-03-12T14:51:00.000Z,2102,"Hugging Face repository downloads in last month; repeated per file, do not sum",35177011,44e7ccd1099dc0b858305abef90e8d6e615de43ae48509e57733fd6f83353e4c,parquet,,,,,remote metadata only; not downloaded,,,,,,Repository update date does not prove each file was regenerated; card count is not a measured row count.,remote LFS metadata; verified locally for downloaded Parquet and matching CSV
adde023/steam-reviews,part.61.parquet,Hugging Face,https://huggingface.co/datasets/adde023/steam-reviews/blob/d0ec12b33dffb8109b683b2e07780e2fc6b97187/part.61.parquet,adde023,Steam User Reviews API via kieranpoc/steam-reviews on Kaggle,,,CC BY-NC 4.0 (dataset card),2026-10-05,,d0ec12b33dffb8109b683b2e07780e2fc6b97187,,2026-03-12T14:51:00.000Z,2102,"Hugging Face repository downloads in last month; repeated per file, do not sum",32569548,264596606ef2e3dfb27809e1a9579feb42d67dbe58729c6658fa60e28f89fb13,parquet,,,,,remote metadata only; not downloaded,,,,,,Repository update date does not prove each file was regenerated; card count is not a measured row count.,remote LFS metadata; verified locally for downloaded Parquet and matching CSV
adde023/steam-reviews,part.610.parquet,Hugging Face,https://huggingface.co/datasets/adde023/steam-reviews/blob/d0ec12b33dffb8109b683b2e07780e2fc6b97187/part.610.parquet,adde023,Steam User Reviews API via kieranpoc/steam-reviews on Kaggle,,,CC BY-NC 4.0 (dataset card),2026-10-05,,d0ec12b33dffb8109b683b2e07780e2fc6b97187,,2026-03-12T14:51:00.000Z,2102,"Hugging Face repository downloads in last month; repeated per file, do not sum",37431550,ae8499a385c86ec329548e7f593e3c71b644aee873892f6fad440fd6ec5a9dc2,parquet,,,,,remote metadata only; not downloaded,,,,,,Repository update date does not prove each file was regenerated; card count is not a measured row count.,remote LFS metadata; verified locally for downloaded Parquet and matching CSV
adde023/steam-reviews,part.611.parquet,Hugging Face,https://huggingface.co/datasets/adde023/steam-reviews/blob/d0ec12b33dffb8109b683b2e07780e2fc6b97187/part.611.parquet,adde023,Steam User Reviews API via kieranpoc/steam-reviews on Kaggle,,,CC BY-NC 4.0 (dataset card),2026-10-05,,d0ec12b33dffb8109b683b2e07780e2fc6b97187,,2026-03-12T14:51:00.000Z,2102,"Hugging Face repository downloads in last month; repeated per file, do not sum",36913149,b0a37f9ba744a78c95c404df75fad303d198fc02094174b5b1a1f575735864d9,parquet,,,,,remote metadata only; not downloaded,,,,,,Repository update date does not prove each file was regenerated; card count is not a measured row count.,remote LFS metadata; verified locally for downloaded Parquet and matching CSV
adde023/steam-reviews,part.612.parquet,Hugging Face,https://huggingface.co/datasets/adde023/steam-reviews/blob/d0ec12b33dffb8109b683b2e07780e2fc6b97187/part.612.parquet,adde023,Steam User Reviews API via kieranpoc/steam-reviews on Kaggle,,,CC BY-NC 4.0 (dataset card),2026-10-05,,d0ec12b33dffb8109b683b2e07780e2fc6b97187,,2026-03-12T14:51:00.000Z,2102,"Hugging Face repository downloads in last month; repeated per file, do not sum",35579221,eeabed5776c74b4283de3fc8c8a355fc720c83c327bcc5ef9a90b995108dca9b,parquet,,,,,remote metadata only; not downloaded,,,,,,Repository update date does not prove each file was regenerated; card count is not a measured row count.,remote LFS metadata; verified locally for downloaded Parquet and matching CSV
adde023/steam-reviews,part.613.parquet,Hugging Face,https://huggingface.co/datasets/adde023/steam-reviews/blob/d0ec12b33dffb8109b683b2e07780e2fc6b97187/part.613.parquet,adde023,Steam User Reviews API via kieranpoc/steam-reviews on Kaggle,,,CC BY-NC 4.0 (dataset card),2026-10-05,,d0ec12b33dffb8109b683b2e07780e2fc6b97187,,2026-03-12T14:51:00.000Z,2102,"Hugging Face repository downloads in last month; repeated per file, do not sum",37127057,bbc656b3a5a5573e42db36d8ad3453931ffa2500655b96b9f39d8f02346dd776,parquet,,,,,remote metadata only; not downloaded,,,,,,Repository update date does not prove each file was regenerated; card count is not a measured row count.,remote LFS metadata; verified locally for downloaded Parquet and matching CSV
adde023/steam-reviews,part.614.parquet,Hugging Face,https://huggingface.co/datasets/adde023/steam-reviews/blob/d0ec12b33dffb8109b683b2e07780e2fc6b97187/part.614.parquet,adde023,Steam User Reviews API via kieranpoc/steam-reviews on Kaggle,,,CC BY-NC 4.0 (dataset card),2026-10-05,,d0ec12b33dffb8109b683b2e07780e2fc6b97187,,2026-03-12T14:51:00.000Z,2102,"Hugging Face repository downloads in last month; repeated per file, do not sum",36249446,6b96e4b4adb4751f630e20debfb7aeae535c89db0eca564b874a53fbe2294e9f,parquet,,,,,remote metadata only; not downloaded,,,,,,Repository update date does not prove each file was regenerated; card count is not a measured row count.,remote LFS metadata; verified locally for downloaded Parquet and matching CSV
adde023/steam-reviews,part.615.parquet,Hugging Face,https://huggingface.co/datasets/adde023/steam-reviews/blob/d0ec12b33dffb8109b683b2e07780e2fc6b97187/part.615.parquet,adde023,Steam User Reviews API via kieranpoc/steam-reviews on Kaggle,,,CC BY-NC 4.0 (dataset card),2026-10-05,,d0ec12b33dffb8109b683b2e07780e2fc6b97187,,2026-03-12T14:51:00.000Z,2102,"Hugging Face repository downloads in last month; repeated per file, do not sum",37416178,34266ed816964a1ae556490628cf2538d32bf49c2ec45ed6a847ffa1953e6543,parquet,,,,,remote metadata only; not downloaded,,,,,,Repository update date does not prove each file was regenerated; card count is not a measured row count.,remote LFS metadata; verified locally for downloaded Parquet and matching CSV
adde023/steam-reviews,part.616.parquet,Hugging Face,https://huggingface.co/datasets/adde023/steam-reviews/blob/d0ec12b33dffb8109b683b2e07780e2fc6b97187/part.616.parquet,adde023,Steam User Reviews API via kieranpoc/steam-reviews on Kaggle,,,CC BY-NC 4.0 (dataset card),2026-10-05,,d0ec12b33dffb8109b683b2e07780e2fc6b97187,,2026-03-12T14:51:00.000Z,2102,"Hugging Face repository downloads in last month; repeated per file, do not sum",36316786,7776edb5c658245d63c96b9ac00029cc0abe16fe941bbc3f84751a3c8a45dbce,parquet,,,,,remote metadata only; not downloaded,,,,,,Repository update date does not prove each file was regenerated; card count is not a measured row count.,remote LFS metadata; verified locally for downloaded Parquet and matching CSV
adde023/steam-reviews,part.617.parquet,Hugging Face,https://huggingface.co/datasets/adde023/steam-reviews/blob/d0ec12b33dffb8109b683b2e07780e2fc6b97187/part.617.parquet,adde023,Steam User Reviews API via kieranpoc/steam-reviews on Kaggle,,,CC BY-NC 4.0 (dataset card),2026-10-05,,d0ec12b33dffb8109b683b2e07780e2fc6b97187,,2026-03-12T14:51:00.000Z,2102,"Hugging Face repository downloads in last month; repeated per file, do not sum",37245558,9f6fddcf988ddf4bd20e0f1fd62cdffd73f151fcd1d0939bbff1ef2bc7ca883e,parquet,,,,,remote metadata only; not downloaded,,,,,,Repository update date does not prove each file was regenerated; card count is not a measured row count.,remote LFS metadata; verified locally for downloaded Parquet and matching CSV
adde023/steam-reviews,part.618.parquet,Hugging Face,https://huggingface.co/datasets/adde023/steam-reviews/blob/d0ec12b33dffb8109b683b2e07780e2fc6b97187/part.618.parquet,adde023,Steam User Reviews API via kieranpoc/steam-reviews on Kaggle,,,CC BY-NC 4.0 (dataset card),2026-10-05,,d0ec12b33dffb8109b683b2e07780e2fc6b97187,,2026-03-12T14:51:00.000Z,2102,"Hugging Face repository downloads in last month; repeated per file, do not sum",34711426,55b561ccdae38219369a82bdd985bd1a3f4b5bddcc6b74041c3097316323df45,parquet,,,,,remote metadata only; not downloaded,,,,,,Repository update date does not prove each file was regenerated; card count is not a measured row count.,remote LFS metadata; verified locally for downloaded Parquet and matching CSV
adde023/steam-reviews,part.619.parquet,Hugging Face,https://huggingface.co/datasets/adde023/steam-reviews/blob/d0ec12b33dffb8109b683b2e07780e2fc6b97187/part.619.parquet,adde023,Steam User Reviews API via kieranpoc/steam-reviews on Kaggle,,,CC BY-NC 4.0 (dataset card),2026-10-05,,d0ec12b33dffb8109b683b2e07780e2fc6b97187,,2026-03-12T14:51:00.000Z,2102,"Hugging Face repository downloads in last month; repeated per file, do not sum",33795467,9aed997dfda6d41189c779066c2efb25c097d4f955009b03836ab9ba5bfb9429,parquet,,,,,remote metadata only; not downloaded,,,,,,Repository update date does not prove each file was regenerated; card count is not a measured row count.,remote LFS metadata; verified locally for downloaded Parquet and matching CSV
adde023/steam-reviews,part.62.parquet,Hugging Face,https://huggingface.co/datasets/adde023/steam-reviews/blob/d0ec12b33dffb8109b683b2e07780e2fc6b97187/part.62.parquet,adde023,Steam User Reviews API via kieranpoc/steam-reviews on Kaggle,,,CC BY-NC 4.0 (dataset card),2026-10-05,,d0ec12b33dffb8109b683b2e07780e2fc6b97187,,2026-03-12T14:51:00.000Z,2102,"Hugging Face repository downloads in last month; repeated per file, do not sum",35083516,2ab3d69377f971cad2cdf1bb4c514771c4e60a6479054f512a23cb2d4e3fa7d1,parquet,,,,,remote metadata only; not downloaded,,,,,,Repository update date does not prove each file was regenerated; card count is not a measured row count.,remote LFS metadata; verified locally for downloaded Parquet and matching CSV
adde023/steam-reviews,part.620.parquet,Hugging Face,https://huggingface.co/datasets/adde023/steam-reviews/blob/d0ec12b33dffb8109b683b2e07780e2fc6b97187/part.620.parquet,adde023,Steam User Reviews API via kieranpoc/steam-reviews on Kaggle,,,CC BY-NC 4.0 (dataset card),2026-10-05,,d0ec12b33dffb8109b683b2e07780e2fc6b97187,,2026-03-12T14:51:00.000Z,2102,"Hugging Face repository downloads in last month; repeated per file, do not sum",34795256,4d103820490baf94523fa0c55e2f7829bf3a3286d68daad0f77e0e257d2f9ac0,parquet,,,,,remote metadata only; not downloaded,,,,,,Repository update date does not prove each file was regenerated; card count is not a measured row count.,remote LFS metadata; verified locally for downloaded Parquet and matching CSV
adde023/steam-reviews,part.621.parquet,Hugging Face,https://huggingface.co/datasets/adde023/steam-reviews/blob/d0ec12b33dffb8109b683b2e07780e2fc6b97187/part.621.parquet,adde023,Steam User Reviews API via kieranpoc/steam-reviews on Kaggle,,,CC BY-NC 4.0 (dataset card),2026-10-05,,d0ec12b33dffb8109b683b2e07780e2fc6b97187,,2026-03-12T14:51:00.000Z,2102,"Hugging Face repository downloads in last month; repeated per file, do not sum",37321609,bb7114408272b380c9e84720463be29cd52dd6cf0aa123e76060f4bb71b480bc,parquet,,,,,remote metadata only; not downloaded,,,,,,Repository update date does not prove each file was regenerated; card count is not a measured row count.,remote LFS metadata; verified locally for downloaded Parquet and matching CSV
adde023/steam-reviews,part.622.parquet,Hugging Face,https://huggingface.co/datasets/adde023/steam-reviews/blob/d0ec12b33dffb8109b683b2e07780e2fc6b97187/part.622.parquet,adde023,Steam User Reviews API via kieranpoc/steam-reviews on Kaggle,,,CC BY-NC 4.0 (dataset card),2026-10-05,,d0ec12b33dffb8109b683b2e07780e2fc6b97187,,2026-03-12T14:51:00.000Z,2102,"Hugging Face repository downloads in last month; repeated per file, do not sum",34303000,82925a20bbc0356005fd83e714c792b18d5db3091805debe79effe54ed92c6c2,parquet,,,,,remote metadata only; not downloaded,,,,,,Repository update date does not prove each file was regenerated; card count is not a measured row count.,remote LFS metadata; verified locally for downloaded Parquet and matching CSV
adde023/steam-reviews,part.623.parquet,Hugging Face,https://huggingface.co/datasets/adde023/steam-reviews/blob/d0ec12b33dffb8109b683b2e07780e2fc6b97187/part.623.parquet,adde023,Steam User Reviews API via kieranpoc/steam-reviews on Kaggle,,,CC BY-NC 4.0 (dataset card),2026-10-05,,d0ec12b33dffb8109b683b2e07780e2fc6b97187,,2026-03-12T14:51:00.000Z,2102,"Hugging Face repository downloads in last month; repeated per file, do not sum",37978400,f7e473c6aed2e49e17f6eeef05dd17f5cd78517d4d47a22c4b4833e2bc82fc45,parquet,,,,,remote metadata only; not downloaded,,,,,,Repository update date does not prove each file was regenerated; card count is not a measured row count.,remote LFS metadata; verified locally for downloaded Parquet and matching CSV
adde023/steam-reviews,part.624.parquet,Hugging Face,https://huggingface.co/datasets/adde023/steam-reviews/blob/d0ec12b33dffb8109b683b2e07780e2fc6b97187/part.624.parquet,adde023,Steam User Reviews API via kieranpoc/steam-reviews on Kaggle,,,CC BY-NC 4.0 (dataset card),2026-10-05,,d0ec12b33dffb8109b683b2e07780e2fc6b97187,,2026-03-12T14:51:00.000Z,2102,"Hugging Face repository downloads in last month; repeated per file, do not sum",37102288,2a1a135e71d388072f001e60d2ef044c5a1616e3f1333a544d60e909dfef50f4,parquet,,,,,remote metadata only; not downloaded,,,,,,Repository update date does not prove each file was regenerated; card count is not a measured row count.,remote LFS metadata; verified locally for downloaded Parquet and matching CSV
adde023/steam-reviews,part.625.parquet,Hugging Face,https://huggingface.co/datasets/adde023/steam-reviews/blob/d0ec12b33dffb8109b683b2e07780e2fc6b97187/part.625.parquet,adde023,Steam User Reviews API via kieranpoc/steam-reviews on Kaggle,,,CC BY-NC 4.0 (dataset card),2026-10-05,,d0ec12b33dffb8109b683b2e07780e2fc6b97187,,2026-03-12T14:51:00.000Z,2102,"Hugging Face repository downloads in last month; repeated per file, do not sum",37607373,1f29ceeb040efb3bd51eaba8014b72d739126bfc91de23a38d05a29927c6e233,parquet,,,,,remote metadata only; not downloaded,,,,,,Repository update date does not prove each file was regenerated; card count is not a measured row count.,remote LFS metadata; verified locally for downloaded Parquet and matching CSV
adde023/steam-reviews,part.626.parquet,Hugging Face,https://huggingface.co/datasets/adde023/steam-reviews/blob/d0ec12b33dffb8109b683b2e07780e2fc6b97187/part.626.parquet,adde023,Steam User Reviews API via kieranpoc/steam-reviews on Kaggle,,,CC BY-NC 4.0 (dataset card),2026-10-05,,d0ec12b33dffb8109b683b2e07780e2fc6b97187,,2026-03-12T14:51:00.000Z,2102,"Hugging Face repository downloads in last month; repeated per file, do not sum",37259599,8b75a554b430d9beed4a65f1e84f3aa477af6030ea5467c20f4e9b5335557345,parquet,,,,,remote metadata only; not downloaded,,,,,,Repository update date does not prove each file was regenerated; card count is not a measured row count.,remote LFS metadata; verified locally for downloaded Parquet and matching CSV
adde023/steam-reviews,part.627.parquet,Hugging Face,https://huggingface.co/datasets/adde023/steam-reviews/blob/d0ec12b33dffb8109b683b2e07780e2fc6b97187/part.627.parquet,adde023,Steam User Reviews API via kieranpoc/steam-reviews on Kaggle,,,CC BY-NC 4.0 (dataset card),2026-10-05,,d0ec12b33dffb8109b683b2e07780e2fc6b97187,,2026-03-12T14:51:00.000Z,2102,"Hugging Face repository downloads in last month; repeated per file, do not sum",36778545,cb559f5d7211cee117a6b0aef7d5e5d816600a105eaa63ff148b2bf2c549e707,parquet,,,,,remote metadata only; not downloaded,,,,,,Repository update date does not prove each file was regenerated; card count is not a measured row count.,remote LFS metadata; verified locally for downloaded Parquet and matching CSV
adde023/steam-reviews,part.628.parquet,Hugging Face,https://huggingface.co/datasets/adde023/steam-reviews/blob/d0ec12b33dffb8109b683b2e07780e2fc6b97187/part.628.parquet,adde023,Steam User Reviews API via kieranpoc/steam-reviews on Kaggle,,,CC BY-NC 4.0 (dataset card),2026-10-05,,d0ec12b33dffb8109b683b2e07780e2fc6b97187,,2026-03-12T14:51:00.000Z,2102,"Hugging Face repository downloads in last month; repeated per file, do not sum",37664271,60ea639bde871de167afec27e59f2712eaabf56f70fd683dc7de3a93569b950e,parquet,,,,,remote metadata only; not downloaded,,,,,,Repository update date does not prove each file was regenerated; card count is not a measured row count.,remote LFS metadata; verified locally for downloaded Parquet and matching CSV
adde023/steam-reviews,part.629.parquet,Hugging Face,https://huggingface.co/datasets/adde023/steam-reviews/blob/d0ec12b33dffb8109b683b2e07780e2fc6b97187/part.629.parquet,adde023,Steam User Reviews API via kieranpoc/steam-reviews on Kaggle,,,CC BY-NC 4.0 (dataset card),2026-10-05,,d0ec12b33dffb8109b683b2e07780e2fc6b97187,,2026-03-12T14:51:00.000Z,2102,"Hugging Face repository downloads in last month; repeated per file, do not sum",37141658,996331c1834404bbb72e2b998f065a31604b7a02f2f7d2e75561ff18ce748fc7,parquet,,,,,remote metadata only; not downloaded,,,,,,Repository update date does not prove each file was regenerated; card count is not a measured row count.,remote LFS metadata; verified locally for downloaded Parquet and matching CSV
adde023/steam-reviews,part.63.parquet,Hugging Face,https://huggingface.co/datasets/adde023/steam-reviews/blob/d0ec12b33dffb8109b683b2e07780e2fc6b97187/part.63.parquet,adde023,Steam User Reviews API via kieranpoc/steam-reviews on Kaggle,,,CC BY-NC 4.0 (dataset card),2026-10-05,,d0ec12b33dffb8109b683b2e07780e2fc6b97187,,2026-03-12T14:51:00.000Z,2102,"Hugging Face repository downloads in last month; repeated per file, do not sum",33116693,00ef279ce1580856793f0c95e67e01ba854e325601b4046b436506ddba9e14e7,parquet,,,,,remote metadata only; not downloaded,,,,,,Repository update date does not prove each file was regenerated; card count is not a measured row count.,remote LFS metadata; verified locally for downloaded Parquet and matching CSV
adde023/steam-reviews,part.630.parquet,Hugging Face,https://huggingface.co/datasets/adde023/steam-reviews/blob/d0ec12b33dffb8109b683b2e07780e2fc6b97187/part.630.parquet,adde023,Steam User Reviews API via kieranpoc/steam-reviews on Kaggle,,,CC BY-NC 4.0 (dataset card),2026-10-05,,d0ec12b33dffb8109b683b2e07780e2fc6b97187,,2026-03-12T14:51:00.000Z,2102,"Hugging Face repository downloads in last month; repeated per file, do not sum",36846154,ec49c7d46e3ca648cd2743252192da2df4568031448e03b0c4ed859ae5e10162,parquet,,,,,remote metadata only; not downloaded,,,,,,Repository update date does not prove each file was regenerated; card count is not a measured row count.,remote LFS metadata; verified locally for downloaded Parquet and matching CSV
adde023/steam-reviews,part.631.parquet,Hugging Face,https://huggingface.co/datasets/adde023/steam-reviews/blob/d0ec12b33dffb8109b683b2e07780e2fc6b97187/part.631.parquet,adde023,Steam User Reviews API via kieranpoc/steam-reviews on Kaggle,,,CC BY-NC 4.0 (dataset card),2026-10-05,,d0ec12b33dffb8109b683b2e07780e2fc6b97187,,2026-03-12T14:51:00.000Z,2102,"Hugging Face repository downloads in last month; repeated per file, do not sum",36747559,e7857ef00466d8b203580c784c89f0b6d6d1febe73653addbab710c7a508b025,parquet,,,,,remote metadata only; not downloaded,,,,,,Repository update date does not prove each file was regenerated; card count is not a measured row count.,remote LFS metadata; verified locally for downloaded Parquet and matching CSV
adde023/steam-reviews,part.632.parquet,Hugging Face,https://huggingface.co/datasets/adde023/steam-reviews/blob/d0ec12b33dffb8109b683b2e07780e2fc6b97187/part.632.parquet,adde023,Steam User Reviews API via kieranpoc/steam-reviews on Kaggle,,,CC BY-NC 4.0 (dataset card),2026-10-05,,d0ec12b33dffb8109b683b2e07780e2fc6b97187,,2026-03-12T14:51:00.000Z,2102,"Hugging Face repository downloads in last month; repeated per file, do not sum",35941971,c7e251199e649bed3c9a947353964645dc3d3cd426c82065dcbc8e10a6ad33b7,parquet,,,,,remote metadata only; not downloaded,,,,,,Repository update date does not prove each file was regenerated; card count is not a measured row count.,remote LFS metadata; verified locally for downloaded Parquet and matching CSV
adde023/steam-reviews,part.633.parquet,Hugging Face,https://huggingface.co/datasets/adde023/steam-reviews/blob/d0ec12b33dffb8109b683b2e07780e2fc6b97187/part.633.parquet,adde023,Steam User Reviews API via kieranpoc/steam-reviews on Kaggle,,,CC BY-NC 4.0 (dataset card),2026-10-05,,d0ec12b33dffb8109b683b2e07780e2fc6b97187,,2026-03-12T14:51:00.000Z,2102,"Hugging Face repository downloads in last month; repeated per file, do not sum",36745601,f020389fad5598956a5bdca1063660e951c457c2ef20c45012a78f84b9b9fed3,parquet,,,,,remote metadata only; not downloaded,,,,,,Repository update date does not prove each file was regenerated; card count is not a measured row count.,remote LFS metadata; verified locally for downloaded Parquet and matching CSV
adde023/steam-reviews,part.634.parquet,Hugging Face,https://huggingface.co/datasets/adde023/steam-reviews/blob/d0ec12b33dffb8109b683b2e07780e2fc6b97187/part.634.parquet,adde023,Steam User Reviews API via kieranpoc/steam-reviews on Kaggle,,,CC BY-NC 4.0 (dataset card),2026-10-05,,d0ec12b33dffb8109b683b2e07780e2fc6b97187,,2026-03-12T14:51:00.000Z,2102,"Hugging Face repository downloads in last month; repeated per file, do not sum",37506370,c66df2ae8676fde884dd85c0116165ad38109070f02a02f8a7e14321e014c76a,parquet,,,,,remote metadata only; not downloaded,,,,,,Repository update date does not prove each file was regenerated; card count is not a measured row count.,remote LFS metadata; verified locally for downloaded Parquet and matching CSV
adde023/steam-reviews,part.635.parquet,Hugging Face,https://huggingface.co/datasets/adde023/steam-reviews/blob/d0ec12b33dffb8109b683b2e07780e2fc6b97187/part.635.parquet,adde023,Steam User Reviews API via kieranpoc/steam-reviews on Kaggle,,,CC BY-NC 4.0 (dataset card),2026-10-05,,d0ec12b33dffb8109b683b2e07780e2fc6b97187,,2026-03-12T14:51:00.000Z,2102,"Hugging Face repository downloads in last month; repeated per file, do not sum",37331362,3dd4797709da6f5379fc03b51b2f2552b2ee318be5d2bb0d84037db400e321c1,parquet,,,,,remote metadata only; not downloaded,,,,,,Repository update date does not prove each file was regenerated; card count is not a measured row count.,remote LFS metadata; verified locally for downloaded Parquet and matching CSV
adde023/steam-reviews,part.636.parquet,Hugging Face,https://huggingface.co/datasets/adde023/steam-reviews/blob/d0ec12b33dffb8109b683b2e07780e2fc6b97187/part.636.parquet,adde023,Steam User Reviews API via kieranpoc/steam-reviews on Kaggle,,,CC BY-NC 4.0 (dataset card),2026-10-05,,d0ec12b33dffb8109b683b2e07780e2fc6b97187,,2026-03-12T14:51:00.000Z,2102,"Hugging Face repository downloads in last month; repeated per file, do not sum",34218025,1e459df1f983398d35b05bad0f3d74afc63b177fa4c8d091a8c6a73bc58b7ae1,parquet,,,,,remote metadata only; not downloaded,,,,,,Repository update date does not prove each file was regenerated; card count is not a measured row count.,remote LFS metadata; verified locally for downloaded Parquet and matching CSV
adde023/steam-reviews,part.637.parquet,Hugging Face,https://huggingface.co/datasets/adde023/steam-reviews/blob/d0ec12b33dffb8109b683b2e07780e2fc6b97187/part.637.parquet,adde023,Steam User Reviews API via kieranpoc/steam-reviews on Kaggle,,,CC BY-NC 4.0 (dataset card),2026-10-05,,d0ec12b33dffb8109b683b2e07780e2fc6b97187,,2026-03-12T14:51:00.000Z,2102,"Hugging Face repository downloads in last month; repeated per file, do not sum",37894521,32aa6f971795ad28be50526d1607367d52460d57375d5acadaf205d79e3b2a1a,parquet,,,,,remote metadata only; not downloaded,,,,,,Repository update date does not prove each file was regenerated; card count is not a measured row count.,remote LFS metadata; verified locally for downloaded Parquet and matching CSV
adde023/steam-reviews,part.638.parquet,Hugging Face,https://huggingface.co/datasets/adde023/steam-reviews/blob/d0ec12b33dffb8109b683b2e07780e2fc6b97187/part.638.parquet,adde023,Steam User Reviews API via kieranpoc/steam-reviews on Kaggle,,,CC BY-NC 4.0 (dataset card),2026-10-05,,d0ec12b33dffb8109b683b2e07780e2fc6b97187,,2026-03-12T14:51:00.000Z,2102,"Hugging Face repository downloads in last month; repeated per file, do not sum",36422109,4a838a0b29ba26f7829392a64f2be66d303bdea14c0dc4d4bda8d469384f27e4,parquet,,,,,remote metadata only; not downloaded,,,,,,Repository update date does not prove each file was regenerated; card count is not a measured row count.,remote LFS metadata; verified locally for downloaded Parquet and matching CSV
adde023/steam-reviews,part.639.parquet,Hugging Face,https://huggingface.co/datasets/adde023/steam-reviews/blob/d0ec12b33dffb8109b683b2e07780e2fc6b97187/part.639.parquet,adde023,Steam User Reviews API via kieranpoc/steam-reviews on Kaggle,,,CC BY-NC 4.0 (dataset card),2026-10-05,,d0ec12b33dffb8109b683b2e07780e2fc6b97187,,2026-03-12T14:51:00.000Z,2102,"Hugging Face repository downloads in last month; repeated per file, do not sum",38141735,151ee882e3155a2f7ea9bddb72ed141f1967596efa9c446d77b83aa280c35b07,parquet,,,,,remote metadata only; not downloaded,,,,,,Repository update date does not prove each file was regenerated; card count is not a measured row count.,remote LFS metadata; verified locally for downloaded Parquet and matching CSV
adde023/steam-reviews,part.64.parquet,Hugging Face,https://huggingface.co/datasets/adde023/steam-reviews/blob/d0ec12b33dffb8109b683b2e07780e2fc6b97187/part.64.parquet,adde023,Steam User Reviews API via kieranpoc/steam-reviews on Kaggle,,,CC BY-NC 4.0 (dataset card),2026-10-05,,d0ec12b33dffb8109b683b2e07780e2fc6b97187,,2026-03-12T14:51:00.000Z,2102,"Hugging Face repository downloads in last month; repeated per file, do not sum",34493534,e72d8c3c6425952371ab30d8272c4694ee0bd4a2dad8c08f9947b5b3b284efc6,parquet,,,,,remote metadata only; not downloaded,,,,,,Repository update date does not prove each file was regenerated; card count is not a measured row count.,remote LFS metadata; verified locally for downloaded Parquet and matching CSV
adde023/steam-reviews,part.640.parquet,Hugging Face,https://huggingface.co/datasets/adde023/steam-reviews/blob/d0ec12b33dffb8109b683b2e07780e2fc6b97187/part.640.parquet,adde023,Steam User Reviews API via kieranpoc/steam-reviews on Kaggle,,,CC BY-NC 4.0 (dataset card),2026-10-05,,d0ec12b33dffb8109b683b2e07780e2fc6b97187,,2026-03-12T14:51:00.000Z,2102,"Hugging Face repository downloads in last month; repeated per file, do not sum",37433806,d88dd1cac678e2f15155e028910fa4b1c6babe3df4f8af66af27ca1edefdb447,parquet,,,,,remote metadata only; not downloaded,,,,,,Repository update date does not prove each file was regenerated; card count is not a measured row count.,remote LFS metadata; verified locally for downloaded Parquet and matching CSV
adde023/steam-reviews,part.641.parquet,Hugging Face,https://huggingface.co/datasets/adde023/steam-reviews/blob/d0ec12b33dffb8109b683b2e07780e2fc6b97187/part.641.parquet,adde023,Steam User Reviews API via kieranpoc/steam-reviews on Kaggle,,,CC BY-NC 4.0 (dataset card),2026-10-05,,d0ec12b33dffb8109b683b2e07780e2fc6b97187,,2026-03-12T14:51:00.000Z,2102,"Hugging Face repository downloads in last month; repeated per file, do not sum",36819876,c5844b4ae880ed50a4b9856ff9daba390bdb8744a04d32fc32037c7ffa0b09c9,parquet,,,,,remote metadata only; not downloaded,,,,,,Repository update date does not prove each file was regenerated; card count is not a measured row count.,remote LFS metadata; verified locally for downloaded Parquet and matching CSV
adde023/steam-reviews,part.642.parquet,Hugging Face,https://huggingface.co/datasets/adde023/steam-reviews/blob/d0ec12b33dffb8109b683b2e07780e2fc6b97187/part.642.parquet,adde023,Steam User Reviews API via kieranpoc/steam-reviews on Kaggle,,,CC BY-NC 4.0 (dataset card),2026-10-05,,d0ec12b33dffb8109b683b2e07780e2fc6b97187,,2026-03-12T14:51:00.000Z,2102,"Hugging Face repository downloads in last month; repeated per file, do not sum",38316022,7242059b1cc8d4e7b6f1b8c359a273a25d8d73cfe60eca27f759c87c99cc0808,parquet,,,,,remote metadata only; not downloaded,,,,,,Repository update date does not prove each file was regenerated; card count is not a measured row count.,remote LFS metadata; verified locally for downloaded Parquet and matching CSV
adde023/steam-reviews,part.643.parquet,Hugging Face,https://huggingface.co/datasets/adde023/steam-reviews/blob/d0ec12b33dffb8109b683b2e07780e2fc6b97187/part.643.parquet,adde023,Steam User Reviews API via kieranpoc/steam-reviews on Kaggle,,,CC BY-NC 4.0 (dataset card),2026-10-05,,d0ec12b33dffb8109b683b2e07780e2fc6b97187,,2026-03-12T14:51:00.000Z,2102,"Hugging Face repository downloads in last month; repeated per file, do not sum",36531879,de1d13d00086c310bbe6d1ed8b753a8a6477ff2c6f72bb3a3195cdb69ea04438,parquet,,,,,remote metadata only; not downloaded,,,,,,Repository update date does not prove each file was regenerated; card count is not a measured row count.,remote LFS metadata; verified locally for downloaded Parquet and matching CSV
adde023/steam-reviews,part.644.parquet,Hugging Face,https://huggingface.co/datasets/adde023/steam-reviews/blob/d0ec12b33dffb8109b683b2e07780e2fc6b97187/part.644.parquet,adde023,Steam User Reviews API via kieranpoc/steam-reviews on Kaggle,,,CC BY-NC 4.0 (dataset card),2026-10-05,,d0ec12b33dffb8109b683b2e07780e2fc6b97187,,2026-03-12T14:51:00.000Z,2102,"Hugging Face repository downloads in last month; repeated per file, do not sum",37716084,d5e3b7de78556c3cdecaefc3521b9e4c62285db60ffd31a698bd0fb1f375d6d9,parquet,,,,,remote metadata only; not downloaded,,,,,,Repository update date does not prove each file was regenerated; card count is not a measured row count.,remote LFS metadata; verified locally for downloaded Parquet and matching CSV
adde023/steam-reviews,part.645.parquet,Hugging Face,https://huggingface.co/datasets/adde023/steam-reviews/blob/d0ec12b33dffb8109b683b2e07780e2fc6b97187/part.645.parquet,adde023,Steam User Reviews API via kieranpoc/steam-reviews on Kaggle,,,CC BY-NC 4.0 (dataset card),2026-10-05,,d0ec12b33dffb8109b683b2e07780e2fc6b97187,,2026-03-12T14:51:00.000Z,2102,"Hugging Face repository downloads in last month; repeated per file, do not sum",36670701,bcc8ee5ef9517967fe52403333661a1987520a703d910f71eb46316ba5663dfa,parquet,,,,,remote metadata only; not downloaded,,,,,,Repository update date does not prove each file was regenerated; card count is not a measured row count.,remote LFS metadata; verified locally for downloaded Parquet and matching CSV
adde023/steam-reviews,part.646.parquet,Hugging Face,https://huggingface.co/datasets/adde023/steam-reviews/blob/d0ec12b33dffb8109b683b2e07780e2fc6b97187/part.646.parquet,adde023,Steam User Reviews API via kieranpoc/steam-reviews on Kaggle,,,CC BY-NC 4.0 (dataset card),2026-10-05,,d0ec12b33dffb8109b683b2e07780e2fc6b97187,,2026-03-12T14:51:00.000Z,2102,"Hugging Face repository downloads in last month; repeated per file, do not sum",29816250,fa1378ff9c2e85ded6eac13018972aeecab26287cdeadbc5b9dcf3b31dfe1875,parquet,,,,,remote metadata only; not downloaded,,,,,,Repository update date does not prove each file was regenerated; card count is not a measured row count.,remote LFS metadata; verified locally for downloaded Parquet and matching CSV
adde023/steam-reviews,part.647.parquet,Hugging Face,https://huggingface.co/datasets/adde023/steam-reviews/blob/d0ec12b33dffb8109b683b2e07780e2fc6b97187/part.647.parquet,adde023,Steam User Reviews API via kieranpoc/steam-reviews on Kaggle,,,CC BY-NC 4.0 (dataset card),2026-10-05,,d0ec12b33dffb8109b683b2e07780e2fc6b97187,,2026-03-12T14:51:00.000Z,2102,"Hugging Face repository downloads in last month; repeated per file, do not sum",29058058,e6b8e4364ba67df913ea838915bbcb4590a49fd59fe698ec97cb735c55aebf6f,parquet,,,,,remote metadata only; not downloaded,,,,,,Repository update date does not prove each file was regenerated; card count is not a measured row count.,remote LFS metadata; verified locally for downloaded Parquet and matching CSV
adde023/steam-reviews,part.648.parquet,Hugging Face,https://huggingface.co/datasets/adde023/steam-reviews/blob/d0ec12b33dffb8109b683b2e07780e2fc6b97187/part.648.parquet,adde023,Steam User Reviews API via kieranpoc/steam-reviews on Kaggle,,,CC BY-NC 4.0 (dataset card),2026-10-05,,d0ec12b33dffb8109b683b2e07780e2fc6b97187,,2026-03-12T14:51:00.000Z,2102,"Hugging Face repository downloads in last month; repeated per file, do not sum",33225448,085a51cd8aa724f6d5159f98197dfc1ccec05a66e8cabd4abd4ca497e425e3b1,parquet,,,,,remote metadata only; not downloaded,,,,,,Repository update date does not prove each file was regenerated; card count is not a measured row count.,remote LFS metadata; verified locally for downloaded Parquet and matching CSV
adde023/steam-reviews,part.649.parquet,Hugging Face,https://huggingface.co/datasets/adde023/steam-reviews/blob/d0ec12b33dffb8109b683b2e07780e2fc6b97187/part.649.parquet,adde023,Steam User Reviews API via kieranpoc/steam-reviews on Kaggle,,,CC BY-NC 4.0 (dataset card),2026-10-05,,d0ec12b33dffb8109b683b2e07780e2fc6b97187,,2026-03-12T14:51:00.000Z,2102,"Hugging Face repository downloads in last month; repeated per file, do not sum",38275300,30850ae3681e3d659d8ac588bd3b70315e8fecfc8d432e04a8d93e91db981a44,parquet,,,,,remote metadata only; not downloaded,,,,,,Repository update date does not prove each file was regenerated; card count is not a measured row count.,remote LFS metadata; verified locally for downloaded Parquet and matching CSV
adde023/steam-reviews,part.65.parquet,Hugging Face,https://huggingface.co/datasets/adde023/steam-reviews/blob/d0ec12b33dffb8109b683b2e07780e2fc6b97187/part.65.parquet,adde023,Steam User Reviews API via kieranpoc/steam-reviews on Kaggle,,,CC BY-NC 4.0 (dataset card),2026-10-05,,d0ec12b33dffb8109b683b2e07780e2fc6b97187,,2026-03-12T14:51:00.000Z,2102,"Hugging Face repository downloads in last month; repeated per file, do not sum",36570557,b46c707c3a13b5a2f0b42486cc094bdc1f26a04a30fca470092ec68e33b9e5ad,parquet,,,,,remote metadata only; not downloaded,,,,,,Repository update date does not prove each file was regenerated; card count is not a measured row count.,remote LFS metadata; verified locally for downloaded Parquet and matching CSV
adde023/steam-reviews,part.650.parquet,Hugging Face,https://huggingface.co/datasets/adde023/steam-reviews/blob/d0ec12b33dffb8109b683b2e07780e2fc6b97187/part.650.parquet,adde023,Steam User Reviews API via kieranpoc/steam-reviews on Kaggle,,,CC BY-NC 4.0 (dataset card),2026-10-05,,d0ec12b33dffb8109b683b2e07780e2fc6b97187,,2026-03-12T14:51:00.000Z,2102,"Hugging Face repository downloads in last month; repeated per file, do not sum",38199871,363a94508bc41a0675838eb301d673411f62191b86eeab761fb169a03df12410,parquet,,,,,remote metadata only; not downloaded,,,,,,Repository update date does not prove each file was regenerated; card count is not a measured row count.,remote LFS metadata; verified locally for downloaded Parquet and matching CSV
adde023/steam-reviews,part.651.parquet,Hugging Face,https://huggingface.co/datasets/adde023/steam-reviews/blob/d0ec12b33dffb8109b683b2e07780e2fc6b97187/part.651.parquet,adde023,Steam User Reviews API via kieranpoc/steam-reviews on Kaggle,,,CC BY-NC 4.0 (dataset card),2026-10-05,,d0ec12b33dffb8109b683b2e07780e2fc6b97187,,2026-03-12T14:51:00.000Z,2102,"Hugging Face repository downloads in last month; repeated per file, do not sum",36336158,c428e4cba473a46b3e59c5a053ad9a73c70fba6dab9612d5cd9ff94af450b768,parquet,,,,,remote metadata only; not downloaded,,,,,,Repository update date does not prove each file was regenerated; card count is not a measured row count.,remote LFS metadata; verified locally for downloaded Parquet and matching CSV
adde023/steam-reviews,part.652.parquet,Hugging Face,https://huggingface.co/datasets/adde023/steam-reviews/blob/d0ec12b33dffb8109b683b2e07780e2fc6b97187/part.652.parquet,adde023,Steam User Reviews API via kieranpoc/steam-reviews on Kaggle,,,CC BY-NC 4.0 (dataset card),2026-10-05,,d0ec12b33dffb8109b683b2e07780e2fc6b97187,,2026-03-12T14:51:00.000Z,2102,"Hugging Face repository downloads in last month; repeated per file, do not sum",29452697,d50dc17c4b8c675562e9d10fd4080ab395ac399e0304d278012099a16efd60db,parquet,,,,,remote metadata only; not downloaded,,,,,,Repository update date does not prove each file was regenerated; card count is not a measured row count.,remote LFS metadata; verified locally for downloaded Parquet and matching CSV
adde023/steam-reviews,part.653.parquet,Hugging Face,https://huggingface.co/datasets/adde023/steam-reviews/blob/d0ec12b33dffb8109b683b2e07780e2fc6b97187/part.653.parquet,adde023,Steam User Reviews API via kieranpoc/steam-reviews on Kaggle,,,CC BY-NC 4.0 (dataset card),2026-10-05,,d0ec12b33dffb8109b683b2e07780e2fc6b97187,,2026-03-12T14:51:00.000Z,2102,"Hugging Face repository downloads in last month; repeated per file, do not sum",37238318,1c738e75bdb400449a0600f94ba86e6a30694f317fc836b562069203fa653504,parquet,,,,,remote metadata only; not downloaded,,,,,,Repository update date does not prove each file was regenerated; card count is not a measured row count.,remote LFS metadata; verified locally for downloaded Parquet and matching CSV
adde023/steam-reviews,part.654.parquet,Hugging Face,https://huggingface.co/datasets/adde023/steam-reviews/blob/d0ec12b33dffb8109b683b2e07780e2fc6b97187/part.654.parquet,adde023,Steam User Reviews API via kieranpoc/steam-reviews on Kaggle,,,CC BY-NC 4.0 (dataset card),2026-10-05,,d0ec12b33dffb8109b683b2e07780e2fc6b97187,,2026-03-12T14:51:00.000Z,2102,"Hugging Face repository downloads in last month; repeated per file, do not sum",36211647,813ac6cbe0c9dd22416cccfb2000edf6625872957560c2bc7e683493690e0a9b,parquet,,,,,remote metadata only; not downloaded,,,,,,Repository update date does not prove each file was regenerated; card count is not a measured row count.,remote LFS metadata; verified locally for downloaded Parquet and matching CSV
adde023/steam-reviews,part.655.parquet,Hugging Face,https://huggingface.co/datasets/adde023/steam-reviews/blob/d0ec12b33dffb8109b683b2e07780e2fc6b97187/part.655.parquet,adde023,Steam User Reviews API via kieranpoc/steam-reviews on Kaggle,,,CC BY-NC 4.0 (dataset card),2026-10-05,,d0ec12b33dffb8109b683b2e07780e2fc6b97187,,2026-03-12T14:51:00.000Z,2102,"Hugging Face repository downloads in last month; repeated per file, do not sum",37115400,353ad1d30a4756476a9dd07e606247dfff4ebb1585dd146ef38fe4287d1682c4,parquet,,,,,remote metadata only; not downloaded,,,,,,Repository update date does not prove each file was regenerated; card count is not a measured row count.,remote LFS metadata; verified locally for downloaded Parquet and matching CSV
adde023/steam-reviews,part.656.parquet,Hugging Face,https://huggingface.co/datasets/adde023/steam-reviews/blob/d0ec12b33dffb8109b683b2e07780e2fc6b97187/part.656.parquet,adde023,Steam User Reviews API via kieranpoc/steam-reviews on Kaggle,,,CC BY-NC 4.0 (dataset card),2026-10-05,,d0ec12b33dffb8109b683b2e07780e2fc6b97187,,2026-03-12T14:51:00.000Z,2102,"Hugging Face repository downloads in last month; repeated per file, do not sum",33835549,47b898fa6000094379d9ae95c2768803624757f4a06e9e5360705d78d792fb8b,parquet,,,,,remote metadata only; not downloaded,,,,,,Repository update date does not prove each file was regenerated; card count is not a measured row count.,remote LFS metadata; verified locally for downloaded Parquet and matching CSV
adde023/steam-reviews,part.657.parquet,Hugging Face,https://huggingface.co/datasets/adde023/steam-reviews/blob/d0ec12b33dffb8109b683b2e07780e2fc6b97187/part.657.parquet,adde023,Steam User Reviews API via kieranpoc/steam-reviews on Kaggle,,,CC BY-NC 4.0 (dataset card),2026-10-05,,d0ec12b33dffb8109b683b2e07780e2fc6b97187,,2026-03-12T14:51:00.000Z,2102,"Hugging Face repository downloads in last month; repeated per file, do not sum",33424725,8cc6df53e3ec33444905c2d6dd744d359edcc2c5f62c9363720c444732da7405,parquet,,,,,remote metadata only; not downloaded,,,,,,Repository update date does not prove each file was regenerated; card count is not a measured row count.,remote LFS metadata; verified locally for downloaded Parquet and matching CSV
adde023/steam-reviews,part.658.parquet,Hugging Face,https://huggingface.co/datasets/adde023/steam-reviews/blob/d0ec12b33dffb8109b683b2e07780e2fc6b97187/part.658.parquet,adde023,Steam User Reviews API via kieranpoc/steam-reviews on Kaggle,,,CC BY-NC 4.0 (dataset card),2026-10-05,,d0ec12b33dffb8109b683b2e07780e2fc6b97187,,2026-03-12T14:51:00.000Z,2102,"Hugging Face repository downloads in last month; repeated per file, do not sum",34808186,4b344c0c89aea30442b3f01e49ae439cd417c41834bdb143fdf0f07f5d481004,parquet,,,,,remote metadata only; not downloaded,,,,,,Repository update date does not prove each file was regenerated; card count is not a measured row count.,remote LFS metadata; verified locally for downloaded Parquet and matching CSV
adde023/steam-reviews,part.659.parquet,Hugging Face,https://huggingface.co/datasets/adde023/steam-reviews/blob/d0ec12b33dffb8109b683b2e07780e2fc6b97187/part.659.parquet,adde023,Steam User Reviews API via kieranpoc/steam-reviews on Kaggle,,,CC BY-NC 4.0 (dataset card),2026-10-05,,d0ec12b33dffb8109b683b2e07780e2fc6b97187,,2026-03-12T14:51:00.000Z,2102,"Hugging Face repository downloads in last month; repeated per file, do not sum",35419918,4d2796b8ab6c18368078bbf7557e3c7cb00da73ab22cd7d810865e88e3dda5ff,parquet,,,,,remote metadata only; not downloaded,,,,,,Repository update date does not prove each file was regenerated; card count is not a measured row count.,remote LFS metadata; verified locally for downloaded Parquet and matching CSV
adde023/steam-reviews,part.66.parquet,Hugging Face,https://huggingface.co/datasets/adde023/steam-reviews/blob/d0ec12b33dffb8109b683b2e07780e2fc6b97187/part.66.parquet,adde023,Steam User Reviews API via kieranpoc/steam-reviews on Kaggle,,,CC BY-NC 4.0 (dataset card),2026-10-05,,d0ec12b33dffb8109b683b2e07780e2fc6b97187,,2026-03-12T14:51:00.000Z,2102,"Hugging Face repository downloads in last month; repeated per file, do not sum",36157361,5c94da2cec99a40dba9467b906b968d056e4ee2c5fbbe58838e7f99969f40582,parquet,,,,,remote metadata only; not downloaded,,,,,,Repository update date does not prove each file was regenerated; card count is not a measured row count.,remote LFS metadata; verified locally for downloaded Parquet and matching CSV
adde023/steam-reviews,part.660.parquet,Hugging Face,https://huggingface.co/datasets/adde023/steam-reviews/blob/d0ec12b33dffb8109b683b2e07780e2fc6b97187/part.660.parquet,adde023,Steam User Reviews API via kieranpoc/steam-reviews on Kaggle,,,CC BY-NC 4.0 (dataset card),2026-10-05,,d0ec12b33dffb8109b683b2e07780e2fc6b97187,,2026-03-12T14:51:00.000Z,2102,"Hugging Face repository downloads in last month; repeated per file, do not sum",37183562,158b4536b625a934760e6d08145284573b5d6ca04307ac84094edfb6cbc62d3e,parquet,,,,,remote metadata only; not downloaded,,,,,,Repository update date does not prove each file was regenerated; card count is not a measured row count.,remote LFS metadata; verified locally for downloaded Parquet and matching CSV
adde023/steam-reviews,part.661.parquet,Hugging Face,https://huggingface.co/datasets/adde023/steam-reviews/blob/d0ec12b33dffb8109b683b2e07780e2fc6b97187/part.661.parquet,adde023,Steam User Reviews API via kieranpoc/steam-reviews on Kaggle,,,CC BY-NC 4.0 (dataset card),2026-10-05,,d0ec12b33dffb8109b683b2e07780e2fc6b97187,,2026-03-12T14:51:00.000Z,2102,"Hugging Face repository downloads in last month; repeated per file, do not sum",35453146,5e1e471eaca554019e3b2ba3f5eda8a8526a0751a5a71707e878b9b3606de55f,parquet,,,,,remote metadata only; not downloaded,,,,,,Repository update date does not prove each file was regenerated; card count is not a measured row count.,remote LFS metadata; verified locally for downloaded Parquet and matching CSV
adde023/steam-reviews,part.662.parquet,Hugging Face,https://huggingface.co/datasets/adde023/steam-reviews/blob/d0ec12b33dffb8109b683b2e07780e2fc6b97187/part.662.parquet,adde023,Steam User Reviews API via kieranpoc/steam-reviews on Kaggle,,,CC BY-NC 4.0 (dataset card),2026-10-05,,d0ec12b33dffb8109b683b2e07780e2fc6b97187,,2026-03-12T14:51:00.000Z,2102,"Hugging Face repository downloads in last month; repeated per file, do not sum",37394357,d57e36eb2382985a637b89cc50765ddd91ab6b0d2615997a78f3d0f5c1072ace,parquet,,,,,remote metadata only; not downloaded,,,,,,Repository update date does not prove each file was regenerated; card count is not a measured row count.,remote LFS metadata; verified locally for downloaded Parquet and matching CSV
adde023/steam-reviews,part.67.parquet,Hugging Face,https://huggingface.co/datasets/adde023/steam-reviews/blob/d0ec12b33dffb8109b683b2e07780e2fc6b97187/part.67.parquet,adde023,Steam User Reviews API via kieranpoc/steam-reviews on Kaggle,,,CC BY-NC 4.0 (dataset card),2026-10-05,,d0ec12b33dffb8109b683b2e07780e2fc6b97187,,2026-03-12T14:51:00.000Z,2102,"Hugging Face repository downloads in last month; repeated per file, do not sum",37428243,cca67c9e6cca03c40f6c88d625c5564b54d1b7b4f39325591129f1b6e0c26c39,parquet,,,,,remote metadata only; not downloaded,,,,,,Repository update date does not prove each file was regenerated; card count is not a measured row count.,remote LFS metadata; verified locally for downloaded Parquet and matching CSV
adde023/steam-reviews,part.68.parquet,Hugging Face,https://huggingface.co/datasets/adde023/steam-reviews/blob/d0ec12b33dffb8109b683b2e07780e2fc6b97187/part.68.parquet,adde023,Steam User Reviews API via kieranpoc/steam-reviews on Kaggle,,,CC BY-NC 4.0 (dataset card),2026-10-05,,d0ec12b33dffb8109b683b2e07780e2fc6b97187,,2026-03-12T14:51:00.000Z,2102,"Hugging Face repository downloads in last month; repeated per file, do not sum",36519557,2987db076c9faa7441c527f2cf8f16101d30118901f1c3ec54f067ac87be7d9f,parquet,,,,,remote metadata only; not downloaded,,,,,,Repository update date does not prove each file was regenerated; card count is not a measured row count.,remote LFS metadata; verified locally for downloaded Parquet and matching CSV
adde023/steam-reviews,part.69.parquet,Hugging Face,https://huggingface.co/datasets/adde023/steam-reviews/blob/d0ec12b33dffb8109b683b2e07780e2fc6b97187/part.69.parquet,adde023,Steam User Reviews API via kieranpoc/steam-reviews on Kaggle,,,CC BY-NC 4.0 (dataset card),2026-10-05,,d0ec12b33dffb8109b683b2e07780e2fc6b97187,,2026-03-12T14:51:00.000Z,2102,"Hugging Face repository downloads in last month; repeated per file, do not sum",36940648,ab3d58ca5144e37876bcf8c9b6e6d5380f5b324813d6913176bce617ad56f1b0,parquet,,,,,remote metadata only; not downloaded,,,,,,Repository update date does not prove each file was regenerated; card count is not a measured row count.,remote LFS metadata; verified locally for downloaded Parquet and matching CSV
adde023/steam-reviews,part.7.parquet,Hugging Face,https://huggingface.co/datasets/adde023/steam-reviews/blob/d0ec12b33dffb8109b683b2e07780e2fc6b97187/part.7.parquet,adde023,Steam User Reviews API via kieranpoc/steam-reviews on Kaggle,,,CC BY-NC 4.0 (dataset card),2026-10-05,,d0ec12b33dffb8109b683b2e07780e2fc6b97187,,2026-03-12T14:51:00.000Z,2102,"Hugging Face repository downloads in last month; repeated per file, do not sum",36224529,6ace9753142cbacadfa81b14d5ff063fdbbd51fb4c6b6d3df2efe2df1baf506d,parquet,,,,,remote metadata only; not downloaded,,,,,,Repository update date does not prove each file was regenerated; card count is not a measured row count.,remote LFS metadata; verified locally for downloaded Parquet and matching CSV
adde023/steam-reviews,part.70.parquet,Hugging Face,https://huggingface.co/datasets/adde023/steam-reviews/blob/d0ec12b33dffb8109b683b2e07780e2fc6b97187/part.70.parquet,adde023,Steam User Reviews API via kieranpoc/steam-reviews on Kaggle,,,CC BY-NC 4.0 (dataset card),2026-10-05,,d0ec12b33dffb8109b683b2e07780e2fc6b97187,,2026-03-12T14:51:00.000Z,2102,"Hugging Face repository downloads in last month; repeated per file, do not sum",32778299,92baa6c7fe47ef4faf0ca5fd2c232159cee69b5292ce71e3bbcf75e6b2618936,parquet,,,,,remote metadata only; not downloaded,,,,,,Repository update date does not prove each file was regenerated; card count is not a measured row count.,remote LFS metadata; verified locally for downloaded Parquet and matching CSV
adde023/steam-reviews,part.71.parquet,Hugging Face,https://huggingface.co/datasets/adde023/steam-reviews/blob/d0ec12b33dffb8109b683b2e07780e2fc6b97187/part.71.parquet,adde023,Steam User Reviews API via kieranpoc/steam-reviews on Kaggle,,,CC BY-NC 4.0 (dataset card),2026-10-05,,d0ec12b33dffb8109b683b2e07780e2fc6b97187,,2026-03-12T14:51:00.000Z,2102,"Hugging Face repository downloads in last month; repeated per file, do not sum",35355695,6d0256712fe9c7cc5651ecdd355284666935fb088824ae3c9dc0b24347d4e28c,parquet,,,,,remote metadata only; not downloaded,,,,,,Repository update date does not prove each file was regenerated; card count is not a measured row count.,remote LFS metadata; verified locally for downloaded Parquet and matching CSV
adde023/steam-reviews,part.72.parquet,Hugging Face,https://huggingface.co/datasets/adde023/steam-reviews/blob/d0ec12b33dffb8109b683b2e07780e2fc6b97187/part.72.parquet,adde023,Steam User Reviews API via kieranpoc/steam-reviews on Kaggle,,,CC BY-NC 4.0 (dataset card),2026-10-05,,d0ec12b33dffb8109b683b2e07780e2fc6b97187,,2026-03-12T14:51:00.000Z,2102,"Hugging Face repository downloads in last month; repeated per file, do not sum",35771321,896c8a3aca474336467a222c5232168b457c806ea97953e6c549976db6953fc9,parquet,,,,,remote metadata only; not downloaded,,,,,,Repository update date does not prove each file was regenerated; card count is not a measured row count.,remote LFS metadata; verified locally for downloaded Parquet and matching CSV
adde023/steam-reviews,part.73.parquet,Hugging Face,https://huggingface.co/datasets/adde023/steam-reviews/blob/d0ec12b33dffb8109b683b2e07780e2fc6b97187/part.73.parquet,adde023,Steam User Reviews API via kieranpoc/steam-reviews on Kaggle,,,CC BY-NC 4.0 (dataset card),2026-10-05,,d0ec12b33dffb8109b683b2e07780e2fc6b97187,,2026-03-12T14:51:00.000Z,2102,"Hugging Face repository downloads in last month; repeated per file, do not sum",34807310,8fee09091ff166cc0116b961ea8b4151ff32cf6257e144ce0a38d89b6601ca80,parquet,,,,,remote metadata only; not downloaded,,,,,,Repository update date does not prove each file was regenerated; card count is not a measured row count.,remote LFS metadata; verified locally for downloaded Parquet and matching CSV
adde023/steam-reviews,part.74.parquet,Hugging Face,https://huggingface.co/datasets/adde023/steam-reviews/blob/d0ec12b33dffb8109b683b2e07780e2fc6b97187/part.74.parquet,adde023,Steam User Reviews API via kieranpoc/steam-reviews on Kaggle,,,CC BY-NC 4.0 (dataset card),2026-10-05,,d0ec12b33dffb8109b683b2e07780e2fc6b97187,,2026-03-12T14:51:00.000Z,2102,"Hugging Face repository downloads in last month; repeated per file, do not sum",35237302,56d9d2729030348e58f8e21a8d52c355b12aecf4fcf9099fe679843e3506e3b7,parquet,,,,,remote metadata only; not downloaded,,,,,,Repository update date does not prove each file was regenerated; card count is not a measured row count.,remote LFS metadata; verified locally for downloaded Parquet and matching CSV
adde023/steam-reviews,part.75.parquet,Hugging Face,https://huggingface.co/datasets/adde023/steam-reviews/blob/d0ec12b33dffb8109b683b2e07780e2fc6b97187/part.75.parquet,adde023,Steam User Reviews API via kieranpoc/steam-reviews on Kaggle,,,CC BY-NC 4.0 (dataset card),2026-10-05,,d0ec12b33dffb8109b683b2e07780e2fc6b97187,,2026-03-12T14:51:00.000Z,2102,"Hugging Face repository downloads in last month; repeated per file, do not sum",34222623,e7a8229c601e32de9cfaadadbceb7ee433b64c551cec3fb428270368ab634592,parquet,,,,,remote metadata only; not downloaded,,,,,,Repository update date does not prove each file was regenerated; card count is not a measured row count.,remote LFS metadata; verified locally for downloaded Parquet and matching CSV
adde023/steam-reviews,part.76.parquet,Hugging Face,https://huggingface.co/datasets/adde023/steam-reviews/blob/d0ec12b33dffb8109b683b2e07780e2fc6b97187/part.76.parquet,adde023,Steam User Reviews API via kieranpoc/steam-reviews on Kaggle,,,CC BY-NC 4.0 (dataset card),2026-10-05,,d0ec12b33dffb8109b683b2e07780e2fc6b97187,,2026-03-12T14:51:00.000Z,2102,"Hugging Face repository downloads in last month; repeated per file, do not sum",36705364,a7ca49df58afb399b7a2d60ce3e435c0e10cc0c1d92bd16b8f1329b3110eabec,parquet,,,,,remote metadata only; not downloaded,,,,,,Repository update date does not prove each file was regenerated; card count is not a measured row count.,remote LFS metadata; verified locally for downloaded Parquet and matching CSV
adde023/steam-reviews,part.77.parquet,Hugging Face,https://huggingface.co/datasets/adde023/steam-reviews/blob/d0ec12b33dffb8109b683b2e07780e2fc6b97187/part.77.parquet,adde023,Steam User Reviews API via kieranpoc/steam-reviews on Kaggle,,,CC BY-NC 4.0 (dataset card),2026-10-05,,d0ec12b33dffb8109b683b2e07780e2fc6b97187,,2026-03-12T14:51:00.000Z,2102,"Hugging Face repository downloads in last month; repeated per file, do not sum",35335597,2d5f894908b6275d81fa9af2ff0316bc4f68f546386527a376e96954c84d75cf,parquet,,,,,remote metadata only; not downloaded,,,,,,Repository update date does not prove each file was regenerated; card count is not a measured row count.,remote LFS metadata; verified locally for downloaded Parquet and matching CSV
adde023/steam-reviews,part.78.parquet,Hugging Face,https://huggingface.co/datasets/adde023/steam-reviews/blob/d0ec12b33dffb8109b683b2e07780e2fc6b97187/part.78.parquet,adde023,Steam User Reviews API via kieranpoc/steam-reviews on Kaggle,,,CC BY-NC 4.0 (dataset card),2026-10-05,,d0ec12b33dffb8109b683b2e07780e2fc6b97187,,2026-03-12T14:51:00.000Z,2102,"Hugging Face repository downloads in last month; repeated per file, do not sum",37008416,cbdf8279b055263689a16787c298883bbddff9ed2e5c37fc9fb3df3139ab5e27,parquet,,,,,remote metadata only; not downloaded,,,,,,Repository update date does not prove each file was regenerated; card count is not a measured row count.,remote LFS metadata; verified locally for downloaded Parquet and matching CSV
adde023/steam-reviews,part.79.parquet,Hugging Face,https://huggingface.co/datasets/adde023/steam-reviews/blob/d0ec12b33dffb8109b683b2e07780e2fc6b97187/part.79.parquet,adde023,Steam User Reviews API via kieranpoc/steam-reviews on Kaggle,,,CC BY-NC 4.0 (dataset card),2026-10-05,,d0ec12b33dffb8109b683b2e07780e2fc6b97187,,2026-03-12T14:51:00.000Z,2102,"Hugging Face repository downloads in last month; repeated per file, do not sum",32672674,d9780b1c0c89be575064c8c389586f69c191fe46a74e5f080cdd39c862da5ba2,parquet,,,,,remote metadata only; not downloaded,,,,,,Repository update date does not prove each file was regenerated; card count is not a measured row count.,remote LFS metadata; verified locally for downloaded Parquet and matching CSV
adde023/steam-reviews,part.8.parquet,Hugging Face,https://huggingface.co/datasets/adde023/steam-reviews/blob/d0ec12b33dffb8109b683b2e07780e2fc6b97187/part.8.parquet,adde023,Steam User Reviews API via kieranpoc/steam-reviews on Kaggle,,,CC BY-NC 4.0 (dataset card),2026-10-05,,d0ec12b33dffb8109b683b2e07780e2fc6b97187,,2026-03-12T14:51:00.000Z,2102,"Hugging Face repository downloads in last month; repeated per file, do not sum",35515311,2f987471c3024f64eacd21e9216a4916b8eb5faeb6297751b5769ab65095f39b,parquet,,,,,remote metadata only; not downloaded,,,,,,Repository update date does not prove each file was regenerated; card count is not a measured row count.,remote LFS metadata; verified locally for downloaded Parquet and matching CSV
adde023/steam-reviews,part.80.parquet,Hugging Face,https://huggingface.co/datasets/adde023/steam-reviews/blob/d0ec12b33dffb8109b683b2e07780e2fc6b97187/part.80.parquet,adde023,Steam User Reviews API via kieranpoc/steam-reviews on Kaggle,,,CC BY-NC 4.0 (dataset card),2026-10-05,,d0ec12b33dffb8109b683b2e07780e2fc6b97187,,2026-03-12T14:51:00.000Z,2102,"Hugging Face repository downloads in last month; repeated per file, do not sum",33950136,6ae4c57d37fd7013cc20243dfa7f61be96f394d138e992d500e26b47a393d441,parquet,,,,,remote metadata only; not downloaded,,,,,,Repository update date does not prove each file was regenerated; card count is not a measured row count.,remote LFS metadata; verified locally for downloaded Parquet and matching CSV
adde023/steam-reviews,part.81.parquet,Hugging Face,https://huggingface.co/datasets/adde023/steam-reviews/blob/d0ec12b33dffb8109b683b2e07780e2fc6b97187/part.81.parquet,adde023,Steam User Reviews API via kieranpoc/steam-reviews on Kaggle,,,CC BY-NC 4.0 (dataset card),2026-10-05,,d0ec12b33dffb8109b683b2e07780e2fc6b97187,,2026-03-12T14:51:00.000Z,2102,"Hugging Face repository downloads in last month; repeated per file, do not sum",33266974,36c7aa66805d7aa4914ae523c665a356cd60854ff6f0d465cb75552cea9da7a2,parquet,,,,,remote metadata only; not downloaded,,,,,,Repository update date does not prove each file was regenerated; card count is not a measured row count.,remote LFS metadata; verified locally for downloaded Parquet and matching CSV
adde023/steam-reviews,part.82.parquet,Hugging Face,https://huggingface.co/datasets/adde023/steam-reviews/blob/d0ec12b33dffb8109b683b2e07780e2fc6b97187/part.82.parquet,adde023,Steam User Reviews API via kieranpoc/steam-reviews on Kaggle,,,CC BY-NC 4.0 (dataset card),2026-10-05,,d0ec12b33dffb8109b683b2e07780e2fc6b97187,,2026-03-12T14:51:00.000Z,2102,"Hugging Face repository downloads in last month; repeated per file, do not sum",34670292,8a677e4edd42ec789a36758d41d6eef5f677d0756e058faf493f664c1306fec6,parquet,,,,,remote metadata only; not downloaded,,,,,,Repository update date does not prove each file was regenerated; card count is not a measured row count.,remote LFS metadata; verified locally for downloaded Parquet and matching CSV
adde023/steam-reviews,part.83.parquet,Hugging Face,https://huggingface.co/datasets/adde023/steam-reviews/blob/d0ec12b33dffb8109b683b2e07780e2fc6b97187/part.83.parquet,adde023,Steam User Reviews API via kieranpoc/steam-reviews on Kaggle,,,CC BY-NC 4.0 (dataset card),2026-10-05,,d0ec12b33dffb8109b683b2e07780e2fc6b97187,,2026-03-12T14:51:00.000Z,2102,"Hugging Face repository downloads in last month; repeated per file, do not sum",35462666,75c27ea65d57afb3e337ec57f8ddccb1439d17896f434cf1520f1d8c78fa5ef7,parquet,,,,,remote metadata only; not downloaded,,,,,,Repository update date does not prove each file was regenerated; card count is not a measured row count.,remote LFS metadata; verified locally for downloaded Parquet and matching CSV
adde023/steam-reviews,part.84.parquet,Hugging Face,https://huggingface.co/datasets/adde023/steam-reviews/blob/d0ec12b33dffb8109b683b2e07780e2fc6b97187/part.84.parquet,adde023,Steam User Reviews API via kieranpoc/steam-reviews on Kaggle,,,CC BY-NC 4.0 (dataset card),2026-10-05,,d0ec12b33dffb8109b683b2e07780e2fc6b97187,,2026-03-12T14:51:00.000Z,2102,"Hugging Face repository downloads in last month; repeated per file, do not sum",33906133,2cc1695ed5a8c67e8bd36ea6c47af99bd6569412dd4d44733c8748e1b34256e9,parquet,,,,,remote metadata only; not downloaded,,,,,,Repository update date does not prove each file was regenerated; card count is not a measured row count.,remote LFS metadata; verified locally for downloaded Parquet and matching CSV
adde023/steam-reviews,part.85.parquet,Hugging Face,https://huggingface.co/datasets/adde023/steam-reviews/blob/d0ec12b33dffb8109b683b2e07780e2fc6b97187/part.85.parquet,adde023,Steam User Reviews API via kieranpoc/steam-reviews on Kaggle,,,CC BY-NC 4.0 (dataset card),2026-10-05,,d0ec12b33dffb8109b683b2e07780e2fc6b97187,,2026-03-12T14:51:00.000Z,2102,"Hugging Face repository downloads in last month; repeated per file, do not sum",35262240,07d021739db5d901d4325f430a03a94b714755d964b66136007c189822f636a3,parquet,,,,,remote metadata only; not downloaded,,,,,,Repository update date does not prove each file was regenerated; card count is not a measured row count.,remote LFS metadata; verified locally for downloaded Parquet and matching CSV
adde023/steam-reviews,part.86.parquet,Hugging Face,https://huggingface.co/datasets/adde023/steam-reviews/blob/d0ec12b33dffb8109b683b2e07780e2fc6b97187/part.86.parquet,adde023,Steam User Reviews API via kieranpoc/steam-reviews on Kaggle,,,CC BY-NC 4.0 (dataset card),2026-10-05,,d0ec12b33dffb8109b683b2e07780e2fc6b97187,,2026-03-12T14:51:00.000Z,2102,"Hugging Face repository downloads in last month; repeated per file, do not sum",35182201,c2300985fb2322e79f048a61393b47796c36a0529028e8b958364b5869e532ae,parquet,,,,,remote metadata only; not downloaded,,,,,,Repository update date does not prove each file was regenerated; card count is not a measured row count.,remote LFS metadata; verified locally for downloaded Parquet and matching CSV
adde023/steam-reviews,part.87.parquet,Hugging Face,https://huggingface.co/datasets/adde023/steam-reviews/blob/d0ec12b33dffb8109b683b2e07780e2fc6b97187/part.87.parquet,adde023,Steam User Reviews API via kieranpoc/steam-reviews on Kaggle,,,CC BY-NC 4.0 (dataset card),2026-10-05,,d0ec12b33dffb8109b683b2e07780e2fc6b97187,,2026-03-12T14:51:00.000Z,2102,"Hugging Face repository downloads in last month; repeated per file, do not sum",35742490,b2b4f46faa969e85d47e70f8b4deaa0a48813b6bb99f79593f0ff168f641da28,parquet,,,,,remote metadata only; not downloaded,,,,,,Repository update date does not prove each file was regenerated; card count is not a measured row count.,remote LFS metadata; verified locally for downloaded Parquet and matching CSV
adde023/steam-reviews,part.88.parquet,Hugging Face,https://huggingface.co/datasets/adde023/steam-reviews/blob/d0ec12b33dffb8109b683b2e07780e2fc6b97187/part.88.parquet,adde023,Steam User Reviews API via kieranpoc/steam-reviews on Kaggle,,,CC BY-NC 4.0 (dataset card),2026-10-05,,d0ec12b33dffb8109b683b2e07780e2fc6b97187,,2026-03-12T14:51:00.000Z,2102,"Hugging Face repository downloads in last month; repeated per file, do not sum",36238524,8c8eb0af6a78b012970f23a27d0a2115288437ec24d070c0fc40089df39fd5e1,parquet,,,,,remote metadata only; not downloaded,,,,,,Repository update date does not prove each file was regenerated; card count is not a measured row count.,remote LFS metadata; verified locally for downloaded Parquet and matching CSV
adde023/steam-reviews,part.89.parquet,Hugging Face,https://huggingface.co/datasets/adde023/steam-reviews/blob/d0ec12b33dffb8109b683b2e07780e2fc6b97187/part.89.parquet,adde023,Steam User Reviews API via kieranpoc/steam-reviews on Kaggle,,,CC BY-NC 4.0 (dataset card),2026-10-05,,d0ec12b33dffb8109b683b2e07780e2fc6b97187,,2026-03-12T14:51:00.000Z,2102,"Hugging Face repository downloads in last month; repeated per file, do not sum",37568607,571d319f3bc454a4acdaa5c2364e3de34f5af569bc1d4a6750582569078ad280,parquet,,,,,remote metadata only; not downloaded,,,,,,Repository update date does not prove each file was regenerated; card count is not a measured row count.,remote LFS metadata; verified locally for downloaded Parquet and matching CSV
adde023/steam-reviews,part.9.parquet,Hugging Face,https://huggingface.co/datasets/adde023/steam-reviews/blob/d0ec12b33dffb8109b683b2e07780e2fc6b97187/part.9.parquet,adde023,Steam User Reviews API via kieranpoc/steam-reviews on Kaggle,,,CC BY-NC 4.0 (dataset card),2026-10-05,,d0ec12b33dffb8109b683b2e07780e2fc6b97187,,2026-03-12T14:51:00.000Z,2102,"Hugging Face repository downloads in last month; repeated per file, do not sum",35593192,6fce7cc79e8e527786b8e688e7dc6b6353d452d403dceadd9a33cbec5c9a53c4,parquet,,,,,remote metadata only; not downloaded,,,,,,Repository update date does not prove each file was regenerated; card count is not a measured row count.,remote LFS metadata; verified locally for downloaded Parquet and matching CSV
adde023/steam-reviews,part.90.parquet,Hugging Face,https://huggingface.co/datasets/adde023/steam-reviews/blob/d0ec12b33dffb8109b683b2e07780e2fc6b97187/part.90.parquet,adde023,Steam User Reviews API via kieranpoc/steam-reviews on Kaggle,,,CC BY-NC 4.0 (dataset card),2026-10-05,,d0ec12b33dffb8109b683b2e07780e2fc6b97187,,2026-03-12T14:51:00.000Z,2102,"Hugging Face repository downloads in last month; repeated per file, do not sum",37378902,0e3d518232d879b4c4089b97b4f9b16a0ce46235ae005e4ed1ef0743f7760f00,parquet,,,,,remote metadata only; not downloaded,,,,,,Repository update date does not prove each file was regenerated; card count is not a measured row count.,remote LFS metadata; verified locally for downloaded Parquet and matching CSV
adde023/steam-reviews,part.91.parquet,Hugging Face,https://huggingface.co/datasets/adde023/steam-reviews/blob/d0ec12b33dffb8109b683b2e07780e2fc6b97187/part.91.parquet,adde023,Steam User Reviews API via kieranpoc/steam-reviews on Kaggle,,,CC BY-NC 4.0 (dataset card),2026-10-05,,d0ec12b33dffb8109b683b2e07780e2fc6b97187,,2026-03-12T14:51:00.000Z,2102,"Hugging Face repository downloads in last month; repeated per file, do not sum",36911268,a2aee80afbae380508d9b537259c1eda19aef3bb556a02a073668831793f6c34,parquet,,,,,remote metadata only; not downloaded,,,,,,Repository update date does not prove each file was regenerated; card count is not a measured row count.,remote LFS metadata; verified locally for downloaded Parquet and matching CSV
adde023/steam-reviews,part.92.parquet,Hugging Face,https://huggingface.co/datasets/adde023/steam-reviews/blob/d0ec12b33dffb8109b683b2e07780e2fc6b97187/part.92.parquet,adde023,Steam User Reviews API via kieranpoc/steam-reviews on Kaggle,,,CC BY-NC 4.0 (dataset card),2026-10-05,,d0ec12b33dffb8109b683b2e07780e2fc6b97187,,2026-03-12T14:51:00.000Z,2102,"Hugging Face repository downloads in last month; repeated per file, do not sum",36194059,d7de4763154d9358cbef47346a94186fbe7d362c47357d9ca075358d37e2dd42,parquet,,,,,remote metadata only; not downloaded,,,,,,Repository update date does not prove each file was regenerated; card count is not a measured row count.,remote LFS metadata; verified locally for downloaded Parquet and matching CSV
adde023/steam-reviews,part.93.parquet,Hugging Face,https://huggingface.co/datasets/adde023/steam-reviews/blob/d0ec12b33dffb8109b683b2e07780e2fc6b97187/part.93.parquet,adde023,Steam User Reviews API via kieranpoc/steam-reviews on Kaggle,,,CC BY-NC 4.0 (dataset card),2026-10-05,,d0ec12b33dffb8109b683b2e07780e2fc6b97187,,2026-03-12T14:51:00.000Z,2102,"Hugging Face repository downloads in last month; repeated per file, do not sum",36589727,073516d11ded7f9f1aea4e8726c5f5d74dd424e5a913fe898f906c6e7501e1d2,parquet,,,,,remote metadata only; not downloaded,,,,,,Repository update date does not prove each file was regenerated; card count is not a measured row count.,remote LFS metadata; verified locally for downloaded Parquet and matching CSV
adde023/steam-reviews,part.94.parquet,Hugging Face,https://huggingface.co/datasets/adde023/steam-reviews/blob/d0ec12b33dffb8109b683b2e07780e2fc6b97187/part.94.parquet,adde023,Steam User Reviews API via kieranpoc/steam-reviews on Kaggle,,,CC BY-NC 4.0 (dataset card),2026-10-05,,d0ec12b33dffb8109b683b2e07780e2fc6b97187,,2026-03-12T14:51:00.000Z,2102,"Hugging Face repository downloads in last month; repeated per file, do not sum",34724050,4d73c0306b2ec4aa7097504a95993e533159a5c8fcfed49d2120fe559d4e626d,parquet,,,,,remote metadata only; not downloaded,,,,,,Repository update date does not prove each file was regenerated; card count is not a measured row count.,remote LFS metadata; verified locally for downloaded Parquet and matching CSV
adde023/steam-reviews,part.95.parquet,Hugging Face,https://huggingface.co/datasets/adde023/steam-reviews/blob/d0ec12b33dffb8109b683b2e07780e2fc6b97187/part.95.parquet,adde023,Steam User Reviews API via kieranpoc/steam-reviews on Kaggle,,,CC BY-NC 4.0 (dataset card),2026-10-05,,d0ec12b33dffb8109b683b2e07780e2fc6b97187,,2026-03-12T14:51:00.000Z,2102,"Hugging Face repository downloads in last month; repeated per file, do not sum",31400316,66e333986f7fdc342c824ff6cda306583eb39fa0507daf43d294c30265e0c602,parquet,,,,,remote metadata only; not downloaded,,,,,,Repository update date does not prove each file was regenerated; card count is not a measured row count.,remote LFS metadata; verified locally for downloaded Parquet and matching CSV
adde023/steam-reviews,part.96.parquet,Hugging Face,https://huggingface.co/datasets/adde023/steam-reviews/blob/d0ec12b33dffb8109b683b2e07780e2fc6b97187/part.96.parquet,adde023,Steam User Reviews API via kieranpoc/steam-reviews on Kaggle,,,CC BY-NC 4.0 (dataset card),2026-10-05,,d0ec12b33dffb8109b683b2e07780e2fc6b97187,,2026-03-12T14:51:00.000Z,2102,"Hugging Face repository downloads in last month; repeated per file, do not sum",37013480,01a594d4844bbe597674ff2fcc242cf045bb8a602f91098ad64d564e0e3c0a9e,parquet,,,,,remote metadata only; not downloaded,,,,,,Repository update date does not prove each file was regenerated; card count is not a measured row count.,remote LFS metadata; verified locally for downloaded Parquet and matching CSV
adde023/steam-reviews,part.97.parquet,Hugging Face,https://huggingface.co/datasets/adde023/steam-reviews/blob/d0ec12b33dffb8109b683b2e07780e2fc6b97187/part.97.parquet,adde023,Steam User Reviews API via kieranpoc/steam-reviews on Kaggle,,,CC BY-NC 4.0 (dataset card),2026-10-05,,d0ec12b33dffb8109b683b2e07780e2fc6b97187,,2026-03-12T14:51:00.000Z,2102,"Hugging Face repository downloads in last month; repeated per file, do not sum",35564391,f9d3d5e5f67213dd970125dc11e818007c28be8ab911b059165bdf5c54bf1fb1,parquet,,,,,remote metadata only; not downloaded,,,,,,Repository update date does not prove each file was regenerated; card count is not a measured row count.,remote LFS metadata; verified locally for downloaded Parquet and matching CSV
adde023/steam-reviews,part.98.parquet,Hugging Face,https://huggingface.co/datasets/adde023/steam-reviews/blob/d0ec12b33dffb8109b683b2e07780e2fc6b97187/part.98.parquet,adde023,Steam User Reviews API via kieranpoc/steam-reviews on Kaggle,,,CC BY-NC 4.0 (dataset card),2026-10-05,,d0ec12b33dffb8109b683b2e07780e2fc6b97187,,2026-03-12T14:51:00.000Z,2102,"Hugging Face repository downloads in last month; repeated per file, do not sum",34010440,1fcefab05aa1f9cf86f1963d0aa123fd213ec4afe9473ce97662175f27b899de,parquet,,,,,remote metadata only; not downloaded,,,,,,Repository update date does not prove each file was regenerated; card count is not a measured row count.,remote LFS metadata; verified locally for downloaded Parquet and matching CSV
adde023/steam-reviews,part.99.parquet,Hugging Face,https://huggingface.co/datasets/adde023/steam-reviews/blob/d0ec12b33dffb8109b683b2e07780e2fc6b97187/part.99.parquet,adde023,Steam User Reviews API via kieranpoc/steam-reviews on Kaggle,,,CC BY-NC 4.0 (dataset card),2026-10-05,,d0ec12b33dffb8109b683b2e07780e2fc6b97187,,2026-03-12T14:51:00.000Z,2102,"Hugging Face repository downloads in last month; repeated per file, do not sum",33150191,aa5b704bb516879576c705e10434d2ad9b7a20879c3e55fa5f461f9b17855eb5,parquet,,,,,remote metadata only; not downloaded,,,,,,Repository update date does not prove each file was regenerated; card count is not a measured row count.,remote LFS metadata; verified locally for downloaded Parquet and matching CSV
