missing_count,unique_nonmissing,empty_collection_count,finite_numeric_count,dataset,column,source_column,rows,stored_type,missing_fraction,invalid_count,invalid_rule,observed_type,duplicate_rows,duplicate_key_excess,date_minimum,date_maximum,future_relative_to_audit,before_1970,numeric_parse_invalid,negative_count,zero_count,minimum,maximum,quantiles,top_values
0,89618,0,89618,artem_games_march2025_cleaned,app_id,appid,89618,VARCHAR audit view,0.0,,not assessed,text_or_serialized_collection,0,0,,,,,,,,,,,
3,88898,0,45,artem_games_march2025_cleaned,name,name,89618,VARCHAR audit view,3.347541788479993e-05,,not assessed,text_or_serialized_collection,0,0,,,,,,,,,,,
0,4459,0,0,artem_games_march2025_cleaned,release_date,release_date,89618,VARCHAR audit view,0.0,0,nonmissing date not parsed by documented ISO/English month formats; month-only parsed to first day,date_text,0,0,1997-06-30 00:00:00,2025-03-10 00:00:00,0,0,,,,,,,
0,16,0,89618,artem_games_march2025_cleaned,required_age,required_age,89618,VARCHAR audit view,0.0,1,finite numeric >=0,numeric,0,0,,,,,0,1,88589,-1.0,21.0,"[0.0, 0.0, 0.0, 0.0, 13.0]","[{""value"": ""0"", ""count"": 88589}, {""value"": ""17"", ""count"": 618}, {""value"": ""13"", ""count"": 155}, {""value"": ""18"", ""count"": 152}, {""value"": ""16"", ""count"": 31}, {""value"": ""10"", ""count"": 27}, {""value"": ""12"", ""count"": 21}, {""value"": ""3"", ""count"": 7}, {""value"": ""7"", ""count"": 5}, {""value"": ""6"", ""count"": 4}, {""value"": ""15"", ""count"": 3}, {""value"": ""1"", ""count"": 2}]"
0,616,0,89618,artem_games_march2025_cleaned,price,price,89618,VARCHAR audit view,0.0,0,finite numeric >=0,numeric,0,0,,,,,0,0,14160,0.0,999.98,"[0.99, 4.99, 9.99, 15.989999999999998, 39.99000000000001]",
0,102,0,89618,artem_games_march2025_cleaned,dlc_count,dlc_count,89618,VARCHAR audit view,0.0,0,finite numeric >=0,numeric,0,0,,,,,0,0,75388,0.0,3427.0,"[0.0, 0.0, 0.0, 1.0, 7.0]",
198,89074,0,1,artem_games_march2025_cleaned,detailed_description,detailed_description,89618,VARCHAR audit view,0.002209377580396795,,not assessed,text_or_serialized_collection,0,0,,,,,,,,,,,
221,89039,0,1,artem_games_march2025_cleaned,about_the_game,about_the_game,89618,VARCHAR audit view,0.002466022450846928,,not assessed,text_or_serialized_collection,0,0,,,,,,,,,,,
121,88585,0,1,artem_games_march2025_cleaned,short_description,short_description,89618,VARCHAR audit view,0.0013501751880202638,,not assessed,text_or_serialized_collection,0,0,,,,,,,,,,,
79217,10291,0,0,artem_games_march2025_cleaned,reviews,reviews,89618,VARCHAR audit view,0.8839407261933987,10401,finite numeric >=0,numeric_with_parse_failures,0,0,,,,,10401,0,0,,,,
0,89587,0,0,artem_games_march2025_cleaned,header_image,header_image,89618,VARCHAR audit view,0.0,,not assessed,text_or_serialized_collection,0,0,,,,,,,,,,,
48504,33321,0,0,artem_games_march2025_cleaned,website,website,89618,VARCHAR audit view,0.5412305563614452,,not assessed,text_or_serialized_collection,0,0,,,,,,,,,,,
45518,29308,0,2,artem_games_march2025_cleaned,support_url,support_url,89618,VARCHAR audit view,0.507911357093441,,not assessed,text_or_serialized_collection,0,0,,,,,,,,,,,
10822,48173,0,34,artem_games_march2025_cleaned,support_email,support_email,89618,VARCHAR audit view,0.1207569907831016,,not assessed,text_or_serialized_collection,0,0,,,,,,,,,,,
0,2,0,0,artem_games_march2025_cleaned,windows,windows,89618,VARCHAR audit view,0.0,0,true/false/0/1 (case-insensitive),boolean_text,0,0,,,,,,,,,,,
0,2,0,0,artem_games_march2025_cleaned,mac,mac,89618,VARCHAR audit view,0.0,0,true/false/0/1 (case-insensitive),boolean_text,0,0,,,,,,,,,,,
0,2,0,0,artem_games_march2025_cleaned,linux,linux,89618,VARCHAR audit view,0.0,0,true/false/0/1 (case-insensitive),boolean_text,0,0,,,,,,,,,,,
0,69,0,89618,artem_games_march2025_cleaned,metacritic_score,metacritic_score,89618,VARCHAR audit view,0.0,0,finite numeric >=0 and <= 100,numeric,0,0,,,,,0,0,86071,0.0,97.0,"[0.0, 0.0, 0.0, 0.0, 80.0]",
86071,3507,0,0,artem_games_march2025_cleaned,metacritic_url,metacritic_url,89618,VARCHAR audit view,0.9604208975875382,,not assessed,text_or_serialized_collection,0,0,,,,,,,,,,,
0,433,0,89618,artem_games_march2025_cleaned,achievements,achievements,89618,VARCHAR audit view,0.0,0,finite numeric >=0,numeric,0,0,,,,,0,0,41090,0.0,9821.0,"[0.0, 5.0, 20.0, 40.0, 100.0]",
0,4640,0,89618,artem_games_march2025_cleaned,recommendations,recommendations,89618,VARCHAR audit view,0.0,0,finite numeric >=0,numeric,0,0,,,,,0,0,72881,0.0,4401572.0,"[0.0, 0.0, 0.0, 357.0, 13735.13000000002]",
72975,13946,0,0,artem_games_march2025_cleaned,notes,notes,89618,VARCHAR audit view,0.8142895400477582,,not assessed,text_or_serialized_collection,0,0,,,,,,,,,,,
0,14560,182,0,artem_games_march2025_cleaned,supported_languages,supported_languages,89618,VARCHAR audit view,0.0,,not assessed,text_or_serialized_collection,0,0,,,,,,,,,,,"[{""value"": ""['English']"", ""count"": 44652}, {""value"": ""['English', 'Russian']"", ""count"": 2267}, {""value"": ""['Simplified Chinese']"", ""count"": 1944}, {""value"": ""['English', 'Simplified Chinese']"", ""count"": 1847}, {""value"": ""['English', 'Japanese']"", ""count"": 1674}, {""value"": ""['English', 'French']"", ""count"": 766}, {""value"": ""['English', 'German']"", ""count"": 754}, {""value"": ""['Japanese']"", ""count"": 730}, {""value"": ""['English', 'Portuguese - Brazil']"", ""count"": 670}, {""value"": ""['English', 'French', 'Italian', 'German', 'Spanish - Spain']"", ""count"": 553}, {""value"": ""['English', 'Simplified Chinese', 'Traditional Chinese']"", ""count"": 510}, {""value"": ""['English', 'Spanish - Spain']"", ""count"": 487}]"
0,2882,49823,0,artem_games_march2025_cleaned,full_audio_languages,full_audio_languages,89618,VARCHAR audit view,0.0,,not assessed,text_or_serialized_collection,0,0,,,,,,,,,,,
0,75740,13819,0,artem_games_march2025_cleaned,packages,packages,89618,VARCHAR audit view,0.0,,not assessed,text_or_serialized_collection,0,0,,,,,,,,,,,
0,56478,221,0,artem_games_march2025_cleaned,developers,developers,89618,VARCHAR audit view,0.0,,not assessed,text_or_serialized_collection,0,0,,,,,,,,,,,"[{""value"": ""[]"", ""count"": 221}, {""value"": ""['EroticGamesClub']"", ""count"": 196}, {""value"": ""['Choice of Games']"", ""count"": 158}, {""value"": ""['Laush Dmitriy Sergeevich']"", ""count"": 138}, {""value"": ""['Boogygames Studios']"", ""count"": 133}, {""value"": ""['Creobit']"", ""count"": 116}, {""value"": ""['Hosted Games']"", ""count"": 106}, {""value"": ""['Gamesforgames']"", ""count"": 105}, {""value"": ""['KOEI TECMO GAMES CO., LTD.']"", ""count"": 105}, {""value"": ""['Sokpop Collective']"", ""count"": 95}, {""value"": ""['Archor Wright']"", ""count"": 87}, {""value"": ""['Blender Games']"", ""count"": 76}]"
0,49798,547,0,artem_games_march2025_cleaned,publishers,publishers,89618,VARCHAR audit view,0.0,,not assessed,text_or_serialized_collection,0,0,,,,,,,,,,,"[{""value"": ""[]"", ""count"": 547}, {""value"": ""['Big Fish Games']"", ""count"": 484}, {""value"": ""['8floor']"", ""count"": 237}, {""value"": ""['EroticGamesClub']"", ""count"": 196}, {""value"": ""['Conglomerate 5']"", ""count"": 186}, {""value"": ""['HH-Games']"", ""count"": 168}, {""value"": ""['Laush Studio']"", ""count"": 160}, {""value"": ""['Choice of Games']"", ""count"": 158}, {""value"": ""['Kagura Games']"", ""count"": 155}, {""value"": ""['Sekai Project']"", ""count"": 152}, {""value"": ""['Hede']"", ""count"": 146}, {""value"": ""['Strategy First']"", ""count"": 145}]"
0,7471,876,0,artem_games_march2025_cleaned,categories,categories,89618,VARCHAR audit view,0.0,,not assessed,text_or_serialized_collection,0,0,,,,,,,,,,,"[{""value"": ""['Single-player', 'Family Sharing']"", ""count"": 19088}, {""value"": ""['Single-player', 'Steam Achievements', 'Family Sharing']"", ""count"": 7928}, {""value"": ""['Single-player']"", ""count"": 3598}, {""value"": ""['Single-player', 'Steam Achievements', 'Steam Cloud', 'Family Sharing']"", ""count"": 3535}, {""value"": ""['Single-player', 'Steam Achievements', 'Full controller support', 'Steam Cloud', 'Family Sharing']"", ""count"": 2592}, {""value"": ""['Single-player', 'Full controller support', 'Family Sharing']"", ""count"": 2444}, {""value"": ""['Single-player', 'Steam Achievements', 'Full controller support', 'Family Sharing']"", ""count"": 2425}, {""value"": ""['Single-player', 'Partial Controller Support', 'Family Sharing']"", ""count"": 2295}, {""value"": ""['Single-player', 'Tracked Controller Support', 'VR Only', 'Family Sharing']"", ""count"": 1716}, {""value"": ""['Single-player', 'Steam Achievements', 'Partial Controller Support', 'Family Sharing']"", ""count"": 1448}, {""value"": ""['Single-player', 'Steam Cloud', 'Family Sharing']"", ""count"": 1422}, {""value"": ""['Single-player', 'Steam Achievements']"", ""count"": 1017}]"
0,2689,212,0,artem_games_march2025_cleaned,genres,genres,89618,VARCHAR audit view,0.0,,not assessed,text_or_serialized_collection,0,0,,,,,,,,,,,"[{""value"": ""['Casual', 'Indie']"", ""count"": 5099}, {""value"": ""['Action', 'Indie']"", ""count"": 4692}, {""value"": ""['Action', 'Adventure', 'Indie']"", ""count"": 4103}, {""value"": ""['Adventure', 'Indie']"", ""count"": 3432}, {""value"": ""['Adventure', 'Casual', 'Indie']"", ""count"": 2881}, {""value"": ""['Action', 'Casual', 'Indie']"", ""count"": 2764}, {""value"": ""['Casual']"", ""count"": 2591}, {""value"": ""['Indie']"", ""count"": 2473}, {""value"": ""['Action']"", ""count"": 2275}, {""value"": ""['Casual', 'Indie', 'Strategy']"", ""count"": 1728}, {""value"": ""['Adventure']"", ""count"": 1667}, {""value"": ""['Action', 'Adventure', 'Casual', 'Indie']"", ""count"": 1637}]"
0,89482,106,0,artem_games_march2025_cleaned,screenshots,screenshots,89618,VARCHAR audit view,0.0,,not assessed,text_or_serialized_collection,0,0,,,,,,,,,,,
0,87183,2411,0,artem_games_march2025_cleaned,movies,movies,89618,VARCHAR audit view,0.0,,not assessed,text_or_serialized_collection,0,0,,,,,,,,,,,
0,30,0,89618,artem_games_march2025_cleaned,user_score,user_score,89618,VARCHAR audit view,0.0,0,finite numeric >=0,numeric,0,0,,,,,0,0,89579,0.0,100.0,"[0.0, 0.0, 0.0, 0.0, 0.0]",
89579,3,0,39,artem_games_march2025_cleaned,score_rank,score_rank,89618,VARCHAR audit view,0.9995648195674977,0,finite numeric >=0,numeric,0,0,,,,,0,0,0,98.0,100.0,"[99.0, 99.0, 100.0, 100.0, 100.0]",
0,5087,0,89618,artem_games_march2025_cleaned,positive,positive,89618,VARCHAR audit view,0.0,0,finite numeric >=0,numeric,0,0,,,,,0,0,19425,0.0,7480813.0,"[1.0, 10.0, 58.0, 416.0, 16595.770000000033]",
0,2525,0,89618,artem_games_march2025_cleaned,negative,negative,89618,VARCHAR audit view,0.0,0,finite numeric >=0,numeric,0,0,,,,,0,0,30396,0.0,1135108.0,"[0.0, 2.0, 17.0, 100.0, 2701.640000000014]",
0,15,0,0,artem_games_march2025_cleaned,estimated_owners,estimated_owners,89618,VARCHAR audit view,0.0,,not assessed,text_or_serialized_collection,0,0,,,,,,,,,,,"[{""value"": ""0 - 20000"", ""count"": 59320}, {""value"": ""20000 - 50000"", ""count"": 9683}, {""value"": ""0 - 0"", ""count"": 8418}, {""value"": ""50000 - 100000"", ""count"": 4552}, {""value"": ""100000 - 200000"", ""count"": 3005}, {""value"": ""200000 - 500000"", ""count"": 2469}, {""value"": ""500000 - 1000000"", ""count"": 1038}, {""value"": ""1000000 - 2000000"", ""count"": 574}, {""value"": ""2000000 - 5000000"", ""count"": 373}, {""value"": ""5000000 - 10000000"", ""count"": 108}, {""value"": ""10000000 - 20000000"", ""count"": 42}, {""value"": ""20000000 - 50000000"", ""count"": 24}]"
0,1851,0,89618,artem_games_march2025_cleaned,average_playtime_forever,average_playtime_forever,89618,VARCHAR audit view,0.0,0,finite numeric >=0,numeric,0,0,,,,,0,0,81608,0.0,1462997.0,"[0.0, 0.0, 0.0, 0.0, 1308.6600000000035]",
0,417,0,89618,artem_games_march2025_cleaned,average_playtime_2weeks,average_playtime_2weeks,89618,VARCHAR audit view,0.0,0,finite numeric >=0,numeric,0,0,,,,,0,0,88901,0.0,18568.0,"[0.0, 0.0, 0.0, 0.0, 0.0]",
0,1639,0,89618,artem_games_march2025_cleaned,median_playtime_forever,median_playtime_forever,89618,VARCHAR audit view,0.0,0,finite numeric >=0,numeric,0,0,,,,,0,0,81608,0.0,1462997.0,"[0.0, 0.0, 0.0, 0.0, 998.0]",
0,420,0,89618,artem_games_march2025_cleaned,median_playtime_2weeks,median_playtime_2weeks,89618,VARCHAR audit view,0.0,0,finite numeric >=0,numeric,0,0,,,,,0,0,88901,0.0,18568.0,"[0.0, 0.0, 0.0, 0.0, 0.0]",
0,86,0,89618,artem_games_march2025_cleaned,discount,discount,89618,VARCHAR audit view,0.0,0,finite numeric >=0 and <= 100,numeric,0,0,,,,,0,0,82164,0.0,100.0,"[0.0, 0.0, 0.0, 0.0, 85.0]",
0,1180,0,89618,artem_games_march2025_cleaned,peak_ccu,peak_ccu,89618,VARCHAR audit view,0.0,0,finite numeric >=0,numeric,0,0,,,,,0,0,70698,0.0,1212356.0,"[0.0, 0.0, 0.0, 3.0, 445.83000000000175]",
0,70420,16872,0,artem_games_march2025_cleaned,tags,tags,89618,VARCHAR audit view,0.0,,not assessed,text_or_serialized_collection,0,0,,,,,,,,,,,"[{""value"": ""[]"", ""count"": 16872}, {""value"": ""{'Indie': 21, 'Casual': 21}"", ""count"": 109}, {""value"": ""{'Adventure': 21, 'Casual': 21, 'Hidden Object': 6}"", ""count"": 97}, {""value"": ""{'Action': 21, 'Indie': 21}"", ""count"": 94}, {""value"": ""{'Action': 21, 'Indie': 21, 'Casual': 21}"", ""count"": 92}, {""value"": ""{'Indie': 21}"", ""count"": 53}, {""value"": ""{'Adventure': 21, 'Casual': 21, 'Hidden Object': 5}"", ""count"": 38}, {""value"": ""{'Action': 22, 'Indie': 22}"", ""count"": 34}, {""value"": ""{'Action': 21, 'Adventure': 21, 'Indie': 21}"", ""count"": 33}, {""value"": ""{'Casual': 31, 'Adventure': 11, 'Indie': 11, 'Puzzle': 11, 'Singleplayer': 11}"", ""count"": 30}, {""value"": ""{'Adventure': 21, 'Indie': 21, 'Casual': 21}"", ""count"": 26}, {""value"": ""{'Action': 31, 'Indie': 31}"", ""count"": 25}]"
0,102,0,89618,artem_games_march2025_cleaned,pct_pos_total,pct_pos_total,89618,VARCHAR audit view,0.0,36419,finite numeric >=0 and <= 100,numeric,0,0,,,,,0,36419,18,-1.0,100.0,"[-1.0, 60.0, 84.0, 93.0, 100.0]",
0,5346,0,89618,artem_games_march2025_cleaned,num_reviews_total,num_reviews_total,89618,VARCHAR audit view,0.0,36419,finite numeric >=0,numeric,0,0,,,,,0,36419,0,-1.0,8632939.0,"[-1.0, 15.0, 81.0, 510.0, 18086.650000000096]",
0,95,0,89618,artem_games_march2025_cleaned,pct_pos_recent,pct_pos_recent,89618,VARCHAR audit view,0.0,82931,finite numeric >=0 and <= 100,numeric,0,0,,,,,0,82931,2,-1.0,100.0,"[-1.0, -1.0, -1.0, -1.0, 96.0]",
0,830,0,89618,artem_games_march2025_cleaned,num_reviews_recent,num_reviews_recent,89618,VARCHAR audit view,0.0,82931,finite numeric >=0,numeric,0,0,,,,,0,82931,0,-1.0,96473.0,"[-1.0, -1.0, -1.0, -1.0, 217.83000000000175]",
0,94948,0,94948,artem_games_march2025_full,app_id,appid,94948,VARCHAR audit view,0.0,,not assessed,text_or_serialized_collection,0,0,,,,,,,,,,,
5,94190,0,45,artem_games_march2025_full,name,name,94948,VARCHAR audit view,5.266040358933311e-05,,not assessed,text_or_serialized_collection,0,0,,,,,,,,,,,
0,4464,0,0,artem_games_march2025_full,release_date,release_date,94948,VARCHAR audit view,0.0,0,nonmissing date not parsed by documented ISO/English month formats; month-only parsed to first day,date_text,0,0,1997-06-30 00:00:00,2025-03-10 00:00:00,0,0,,,,,,,
0,16,0,94948,artem_games_march2025_full,required_age,required_age,94948,VARCHAR audit view,0.0,1,finite numeric >=0,numeric,0,0,,,,,0,1,93891,-1.0,21.0,"[0.0, 0.0, 0.0, 0.0, 13.0]","[{""value"": ""0"", ""count"": 93891}, {""value"": ""17"", ""count"": 645}, {""value"": ""13"", ""count"": 156}, {""value"": ""18"", ""count"": 152}, {""value"": ""16"", ""count"": 31}, {""value"": ""10"", ""count"": 27}, {""value"": ""12"", ""count"": 21}, {""value"": ""3"", ""count"": 7}, {""value"": ""7"", ""count"": 5}, {""value"": ""6"", ""count"": 4}, {""value"": ""15"", ""count"": 3}, {""value"": ""1"", ""count"": 2}]"
0,616,0,94948,artem_games_march2025_full,price,price,94948,VARCHAR audit view,0.0,0,finite numeric >=0,numeric,0,0,,,,,0,0,19420,0.0,999.98,"[0.99, 3.99, 9.99, 14.989999999999998, 39.99]",
0,102,0,94948,artem_games_march2025_full,dlc_count,dlc_count,94948,VARCHAR audit view,0.0,0,finite numeric >=0,numeric,0,0,,,,,0,0,80695,0.0,3427.0,"[0.0, 0.0, 0.0, 1.0, 7.0]",
5427,89148,0,1,artem_games_march2025_full,detailed_description,detailed_description,94948,VARCHAR audit view,0.05715760205586216,,not assessed,text_or_serialized_collection,0,0,,,,,,,,,,,
5450,89112,0,1,artem_games_march2025_full,about_the_game,about_the_game,94948,VARCHAR audit view,0.05739983991237309,,not assessed,text_or_serialized_collection,0,0,,,,,,,,,,,
5350,88656,0,1,artem_games_march2025_full,short_description,short_description,94948,VARCHAR audit view,0.05634663184058643,,not assessed,text_or_serialized_collection,0,0,,,,,,,,,,,
84520,10303,0,0,artem_games_march2025_full,reviews,reviews,94948,VARCHAR audit view,0.8901714622740868,10428,finite numeric >=0,numeric_with_parse_failures,0,0,,,,,10428,0,0,,,,
0,94892,0,0,artem_games_march2025_full,header_image,header_image,94948,VARCHAR audit view,0.0,,not assessed,text_or_serialized_collection,0,0,,,,,,,,,,,
53754,33360,0,0,artem_games_march2025_full,website,website,94948,VARCHAR audit view,0.5661414669082024,,not assessed,text_or_serialized_collection,0,0,,,,,,,,,,,
50773,29334,0,2,artem_games_march2025_full,support_url,support_url,94948,VARCHAR audit view,0.534745334288242,,not assessed,text_or_serialized_collection,0,0,,,,,,,,,,,
16102,48192,0,34,artem_games_march2025_full,support_email,support_email,94948,VARCHAR audit view,0.16958756371908834,,not assessed,text_or_serialized_collection,0,0,,,,,,,,,,,
0,2,0,0,artem_games_march2025_full,windows,windows,94948,VARCHAR audit view,0.0,0,true/false/0/1 (case-insensitive),boolean_text,0,0,,,,,,,,,,,
0,2,0,0,artem_games_march2025_full,mac,mac,94948,VARCHAR audit view,0.0,0,true/false/0/1 (case-insensitive),boolean_text,0,0,,,,,,,,,,,
0,2,0,0,artem_games_march2025_full,linux,linux,94948,VARCHAR audit view,0.0,0,true/false/0/1 (case-insensitive),boolean_text,0,0,,,,,,,,,,,
0,69,0,94948,artem_games_march2025_full,metacritic_score,metacritic_score,94948,VARCHAR audit view,0.0,0,finite numeric >=0 and <= 100,numeric,0,0,,,,,0,0,91372,0.0,97.0,"[0.0, 0.0, 0.0, 0.0, 80.0]",
91372,3518,0,0,artem_games_march2025_full,metacritic_url,metacritic_url,94948,VARCHAR audit view,0.9623372793529089,,not assessed,text_or_serialized_collection,0,0,,,,,,,,,,,
0,433,0,94948,artem_games_march2025_full,achievements,achievements,94948,VARCHAR audit view,0.0,0,finite numeric >=0,numeric,0,0,,,,,0,0,45997,0.0,9821.0,"[0.0, 2.0, 19.0, 39.0, 100.0]",
0,4672,0,94948,artem_games_march2025_full,recommendations,recommendations,94948,VARCHAR audit view,0.0,0,finite numeric >=0,numeric,0,0,,,,,0,0,78156,0.0,4401572.0,"[0.0, 0.0, 0.0, 324.0, 13412.0]",
78296,13952,0,0,artem_games_march2025_full,notes,notes,94948,VARCHAR audit view,0.824619791886085,,not assessed,text_or_serialized_collection,0,0,,,,,,,,,,,
0,14572,5412,0,artem_games_march2025_full,supported_languages,supported_languages,94948,VARCHAR audit view,0.0,,not assessed,text_or_serialized_collection,0,0,,,,,,,,,,,"[{""value"": ""['English']"", ""count"": 44688}, {""value"": ""[]"", ""count"": 5412}, {""value"": ""['English', 'Russian']"", ""count"": 2269}, {""value"": ""['Simplified Chinese']"", ""count"": 1944}, {""value"": ""['English', 'Simplified Chinese']"", ""count"": 1850}, {""value"": ""['English', 'Japanese']"", ""count"": 1674}, {""value"": ""['English', 'French']"", ""count"": 766}, {""value"": ""['English', 'German']"", ""count"": 754}, {""value"": ""['Japanese']"", ""count"": 730}, {""value"": ""['English', 'Portuguese - Brazil']"", ""count"": 670}, {""value"": ""['English', 'French', 'Italian', 'German', 'Spanish - Spain']"", ""count"": 554}, {""value"": ""['English', 'Simplified Chinese', 'Traditional Chinese']"", ""count"": 510}]"
0,2885,55090,0,artem_games_march2025_full,full_audio_languages,full_audio_languages,94948,VARCHAR audit view,0.0,,not assessed,text_or_serialized_collection,0,0,,,,,,,,,,,
0,75804,19077,0,artem_games_march2025_full,packages,packages,94948,VARCHAR audit view,0.0,,not assessed,text_or_serialized_collection,0,0,,,,,,,,,,,
0,56503,5451,0,artem_games_march2025_full,developers,developers,94948,VARCHAR audit view,0.0,,not assessed,text_or_serialized_collection,0,0,,,,,,,,,,,"[{""value"": ""[]"", ""count"": 5451}, {""value"": ""['EroticGamesClub']"", ""count"": 196}, {""value"": ""['Choice of Games']"", ""count"": 158}, {""value"": ""['Laush Dmitriy Sergeevich']"", ""count"": 138}, {""value"": ""['Boogygames Studios']"", ""count"": 133}, {""value"": ""['Creobit']"", ""count"": 116}, {""value"": ""['Hosted Games']"", ""count"": 106}, {""value"": ""['Gamesforgames']"", ""count"": 105}, {""value"": ""['KOEI TECMO GAMES CO., LTD.']"", ""count"": 105}, {""value"": ""['Sokpop Collective']"", ""count"": 95}, {""value"": ""['Archor Wright']"", ""count"": 87}, {""value"": ""['Blender Games']"", ""count"": 76}]"
0,49820,5780,0,artem_games_march2025_full,publishers,publishers,94948,VARCHAR audit view,0.0,,not assessed,text_or_serialized_collection,0,0,,,,,,,,,,,"[{""value"": ""[]"", ""count"": 5780}, {""value"": ""['Big Fish Games']"", ""count"": 484}, {""value"": ""['8floor']"", ""count"": 237}, {""value"": ""['EroticGamesClub']"", ""count"": 196}, {""value"": ""['Conglomerate 5']"", ""count"": 187}, {""value"": ""['HH-Games']"", ""count"": 168}, {""value"": ""['Laush Studio']"", ""count"": 160}, {""value"": ""['Choice of Games']"", ""count"": 158}, {""value"": ""['Kagura Games']"", ""count"": 155}, {""value"": ""['Sekai Project']"", ""count"": 152}, {""value"": ""['Hede']"", ""count"": 146}, {""value"": ""['Strategy First']"", ""count"": 145}]"
0,7476,5907,0,artem_games_march2025_full,categories,categories,94948,VARCHAR audit view,0.0,,not assessed,text_or_serialized_collection,0,0,,,,,,,,,,,"[{""value"": ""['Single-player', 'Family Sharing']"", ""count"": 19094}, {""value"": ""['Single-player', 'Steam Achievements', 'Family Sharing']"", ""count"": 7933}, {""value"": ""[]"", ""count"": 5907}, {""value"": ""['Single-player']"", ""count"": 3601}, {""value"": ""['Single-player', 'Steam Achievements', 'Steam Cloud', 'Family Sharing']"", ""count"": 3536}, {""value"": ""['Single-player', 'Steam Achievements', 'Full controller support', 'Steam Cloud', 'Family Sharing']"", ""count"": 2594}, {""value"": ""['Single-player', 'Full controller support', 'Family Sharing']"", ""count"": 2445}, {""value"": ""['Single-player', 'Steam Achievements', 'Full controller support', 'Family Sharing']"", ""count"": 2426}, {""value"": ""['Single-player', 'Partial Controller Support', 'Family Sharing']"", ""count"": 2298}, {""value"": ""['Single-player', 'Tracked Controller Support', 'VR Only', 'Family Sharing']"", ""count"": 1716}, {""value"": ""['Single-player', 'Steam Achievements', 'Partial Controller Support', 'Family Sharing']"", ""count"": 1449}, {""value"": ""['Single-player', 'Steam Cloud', 'Family Sharing']"", ""count"": 1424}]"
0,2690,5441,0,artem_games_march2025_full,genres,genres,94948,VARCHAR audit view,0.0,,not assessed,text_or_serialized_collection,0,0,,,,,,,,,,,"[{""value"": ""[]"", ""count"": 5441}, {""value"": ""['Casual', 'Indie']"", ""count"": 5100}, {""value"": ""['Action', 'Indie']"", ""count"": 4695}, {""value"": ""['Action', 'Adventure', 'Indie']"", ""count"": 4107}, {""value"": ""['Adventure', 'Indie']"", ""count"": 3436}, {""value"": ""['Adventure', 'Casual', 'Indie']"", ""count"": 2883}, {""value"": ""['Action', 'Casual', 'Indie']"", ""count"": 2766}, {""value"": ""['Casual']"", ""count"": 2591}, {""value"": ""['Indie']"", ""count"": 2475}, {""value"": ""['Action']"", ""count"": 2283}, {""value"": ""['Casual', 'Indie', 'Strategy']"", ""count"": 1729}, {""value"": ""['Adventure']"", ""count"": 1670}]"
0,91440,3453,0,artem_games_march2025_full,screenshots,screenshots,94948,VARCHAR audit view,0.0,,not assessed,text_or_serialized_collection,0,0,,,,,,,,,,,
0,87235,7665,0,artem_games_march2025_full,movies,movies,94948,VARCHAR audit view,0.0,,not assessed,text_or_serialized_collection,0,0,,,,,,,,,,,
0,30,0,94948,artem_games_march2025_full,user_score,user_score,94948,VARCHAR audit view,0.0,0,finite numeric >=0,numeric,0,0,,,,,0,0,94909,0.0,100.0,"[0.0, 0.0, 0.0, 0.0, 0.0]",
94909,3,0,39,artem_games_march2025_full,score_rank,score_rank,94948,VARCHAR audit view,0.9995892488520032,0,finite numeric >=0,numeric,0,0,,,,,0,0,0,98.0,100.0,"[99.0, 99.0, 100.0, 100.0, 100.0]",
0,5116,0,94948,artem_games_march2025_full,positive,positive,94948,VARCHAR audit view,0.0,0,finite numeric >=0,numeric,0,0,,,,,0,0,24670,0.0,7480813.0,"[0.0, 8.0, 51.0, 372.3000000000029, 15713.77999999997]",
0,2549,0,94948,artem_games_march2025_full,negative,negative,94948,VARCHAR audit view,0.0,0,finite numeric >=0,numeric,0,0,,,,,0,0,35645,0.0,1135108.0,"[0.0, 2.0, 15.0, 92.0, 2618.529999999999]",
0,15,0,0,artem_games_march2025_full,estimated_owners,estimated_owners,94948,VARCHAR audit view,0.0,,not assessed,text_or_serialized_collection,0,0,,,,,,,,,,,"[{""value"": ""0 - 20000"", ""count"": 59379}, {""value"": ""0 - 0"", ""count"": 13656}, {""value"": ""20000 - 50000"", ""count"": 9692}, {""value"": ""50000 - 100000"", ""count"": 4558}, {""value"": ""100000 - 200000"", ""count"": 3009}, {""value"": ""200000 - 500000"", ""count"": 2474}, {""value"": ""500000 - 1000000"", ""count"": 1042}, {""value"": ""1000000 - 2000000"", ""count"": 576}, {""value"": ""2000000 - 5000000"", ""count"": 376}, {""value"": ""5000000 - 10000000"", ""count"": 108}, {""value"": ""10000000 - 20000000"", ""count"": 42}, {""value"": ""20000000 - 50000000"", ""count"": 24}]"
0,1853,0,94948,artem_games_march2025_full,average_playtime_forever,average_playtime_forever,94948,VARCHAR audit view,0.0,0,finite numeric >=0,numeric,0,0,,,,,0,0,86929,0.0,1462997.0,"[0.0, 0.0, 0.0, 0.0, 1242.0599999999977]",
0,418,0,94948,artem_games_march2025_full,average_playtime_2weeks,average_playtime_2weeks,94948,VARCHAR audit view,0.0,0,finite numeric >=0,numeric,0,0,,,,,0,0,94229,0.0,18568.0,"[0.0, 0.0, 0.0, 0.0, 0.0]",
0,1641,0,94948,artem_games_march2025_full,median_playtime_forever,median_playtime_forever,94948,VARCHAR audit view,0.0,0,finite numeric >=0,numeric,0,0,,,,,0,0,86929,0.0,1462997.0,"[0.0, 0.0, 0.0, 0.0, 951.0599999999977]",
0,421,0,94948,artem_games_march2025_full,median_playtime_2weeks,median_playtime_2weeks,94948,VARCHAR audit view,0.0,0,finite numeric >=0,numeric,0,0,,,,,0,0,94229,0.0,18568.0,"[0.0, 0.0, 0.0, 0.0, 0.0]",
0,86,0,94948,artem_games_march2025_full,discount,discount,94948,VARCHAR audit view,0.0,0,finite numeric >=0 and <= 100,numeric,0,0,,,,,0,0,87489,0.0,100.0,"[0.0, 0.0, 0.0, 0.0, 85.0]",
0,1181,0,94948,artem_games_march2025_full,peak_ccu,peak_ccu,94948,VARCHAR audit view,0.0,0,finite numeric >=0,numeric,0,0,,,,,0,0,76008,0.0,1212356.0,"[0.0, 0.0, 0.0, 3.0, 410.52999999999884]",
0,70499,22117,0,artem_games_march2025_full,tags,tags,94948,VARCHAR audit view,0.0,,not assessed,text_or_serialized_collection,0,0,,,,,,,,,,,"[{""value"": ""[]"", ""count"": 22117}, {""value"": ""{'Indie': 21, 'Casual': 21}"", ""count"": 109}, {""value"": ""{'Adventure': 21, 'Casual': 21, 'Hidden Object': 6}"", ""count"": 97}, {""value"": ""{'Action': 21, 'Indie': 21}"", ""count"": 94}, {""value"": ""{'Action': 21, 'Indie': 21, 'Casual': 21}"", ""count"": 92}, {""value"": ""{'Indie': 21}"", ""count"": 53}, {""value"": ""{'Adventure': 21, 'Casual': 21, 'Hidden Object': 5}"", ""count"": 38}, {""value"": ""{'Action': 22, 'Indie': 22}"", ""count"": 34}, {""value"": ""{'Action': 21, 'Adventure': 21, 'Indie': 21}"", ""count"": 33}, {""value"": ""{'Casual': 31, 'Adventure': 11, 'Indie': 11, 'Puzzle': 11, 'Singleplayer': 11}"", ""count"": 30}, {""value"": ""{'Adventure': 21, 'Indie': 21, 'Casual': 21}"", ""count"": 26}, {""value"": ""{'Action': 31, 'Indie': 31}"", ""count"": 25}]"
0,102,0,94948,artem_games_march2025_full,pct_pos_total,pct_pos_total,94948,VARCHAR audit view,0.0,39575,finite numeric >=0 and <= 100,numeric,0,0,,,,,0,39575,18,-1.0,100.0,"[-1.0, 58.0, 84.0, 93.0, 100.0]",
0,5481,0,94948,artem_games_march2025_full,num_reviews_total,num_reviews_total,94948,VARCHAR audit view,0.0,39575,finite numeric >=0,numeric,0,0,,,,,0,39575,0,-1.0,8632939.0,"[-1.0, 15.0, 80.0, 543.0, 25297.709999999875]",
0,95,0,94948,artem_games_march2025_full,pct_pos_recent,pct_pos_recent,94948,VARCHAR audit view,0.0,87727,finite numeric >=0 and <= 100,numeric,0,0,,,,,0,87727,2,-1.0,100.0,"[-1.0, -1.0, -1.0, -1.0, 96.0]",
0,875,0,94948,artem_games_march2025_full,num_reviews_recent,num_reviews_recent,94948,VARCHAR audit view,0.0,87727,finite numeric >=0,numeric,0,0,,,,,0,87727,0,-1.0,96473.0,"[-1.0, -1.0, -1.0, -1.0, 244.0]",
0,83646,0,83646,artem_games_may2024_cleaned,app_id,AppID,83646,VARCHAR audit view,0.0,,not assessed,text_or_serialized_collection,0,0,,,,,,,,,,,
6,83006,0,42,artem_games_may2024_cleaned,name,name,83646,VARCHAR audit view,7.17308657915501e-05,,not assessed,text_or_serialized_collection,0,0,,,,,,,,,,,
0,4498,0,0,artem_games_may2024_cleaned,release_date,release_date,83646,VARCHAR audit view,0.0,0,nonmissing date not parsed by documented ISO/English month formats; month-only parsed to first day,date_text,0,0,1997-06-30 00:00:00,2024-05-26 00:00:00,0,0,,,,,,,
0,16,0,83646,artem_games_may2024_cleaned,required_age,required_age,83646,VARCHAR audit view,0.0,0,finite numeric >=0,numeric,0,0,,,,,0,0,82218,0.0,21.0,"[0.0, 0.0, 0.0, 0.0, 17.0]","[{""value"": ""0"", ""count"": 82218}, {""value"": ""17"", ""count"": 786}, {""value"": ""18"", ""count"": 289}, {""value"": ""13"", ""count"": 191}, {""value"": ""16"", ""count"": 63}, {""value"": ""10"", ""count"": 30}, {""value"": ""12"", ""count"": 30}, {""value"": ""15"", ""count"": 8}, {""value"": ""3"", ""count"": 7}, {""value"": ""7"", ""count"": 7}, {""value"": ""14"", ""count"": 4}, {""value"": ""21"", ""count"": 4}]"
0,560,0,83646,artem_games_may2024_cleaned,price,price,83646,VARCHAR audit view,0.0,0,finite numeric >=0,numeric,0,0,,,,,0,0,12774,0.0,999.98,"[0.99, 4.99, 9.99, 17.99, 44.99]",
0,101,0,83646,artem_games_may2024_cleaned,dlc_count,dlc_count,83646,VARCHAR audit view,0.0,0,finite numeric >=0,numeric,0,0,,,,,0,0,70171,0.0,3165.0,"[0.0, 0.0, 0.0, 1.0, 7.55000000000291]",
167,83126,0,0,artem_games_may2024_cleaned,detailed_description,detailed_description,83646,VARCHAR audit view,0.0019965090978648114,,not assessed,text_or_serialized_collection,0,0,,,,,,,,,,,
189,83075,0,0,artem_games_may2024_cleaned,about_the_game,about_the_game,83646,VARCHAR audit view,0.0022595222724338285,,not assessed,text_or_serialized_collection,0,0,,,,,,,,,,,
110,82597,0,0,artem_games_may2024_cleaned,short_description,short_description,83646,VARCHAR audit view,0.0013150658728450853,,not assessed,text_or_serialized_collection,0,0,,,,,,,,,,,
73363,10199,0,0,artem_games_may2024_cleaned,reviews,reviews,83646,VARCHAR audit view,0.8770652511775817,10283,finite numeric >=0,numeric_with_parse_failures,0,0,,,,,10283,0,0,,,,
0,83612,0,0,artem_games_may2024_cleaned,header_image,header_image,83646,VARCHAR audit view,0.0,,not assessed,text_or_serialized_collection,0,0,,,,,,,,,,,
43886,32478,0,0,artem_games_may2024_cleaned,website,website,83646,VARCHAR audit view,0.5246634626879947,,not assessed,text_or_serialized_collection,0,0,,,,,,,,,,,
41570,27646,0,1,artem_games_may2024_cleaned,support_url,support_url,83646,VARCHAR audit view,0.4969753484924563,,not assessed,text_or_serialized_collection,0,0,,,,,,,,,,,
10580,43521,0,6,artem_games_may2024_cleaned,support_email,support_email,83646,VARCHAR audit view,0.1264854266791,,not assessed,text_or_serialized_collection,0,0,,,,,,,,,,,
0,2,0,0,artem_games_may2024_cleaned,windows,windows,83646,VARCHAR audit view,0.0,0,true/false/0/1 (case-insensitive),boolean_text,0,0,,,,,,,,,,,
0,2,0,0,artem_games_may2024_cleaned,mac,mac,83646,VARCHAR audit view,0.0,0,true/false/0/1 (case-insensitive),boolean_text,0,0,,,,,,,,,,,
0,2,0,0,artem_games_may2024_cleaned,linux,linux,83646,VARCHAR audit view,0.0,0,true/false/0/1 (case-insensitive),boolean_text,0,0,,,,,,,,,,,
0,72,0,83646,artem_games_may2024_cleaned,metacritic_score,metacritic_score,83646,VARCHAR audit view,0.0,0,finite numeric >=0 and <= 100,numeric,0,0,,,,,0,0,79706,0.0,97.0,"[0.0, 0.0, 0.0, 0.0, 81.0]",
79706,3878,0,0,artem_games_may2024_cleaned,metacritic_url,metacritic_url,83646,VARCHAR audit view,0.9528967314635488,,not assessed,text_or_serialized_collection,0,0,,,,,,,,,,,
0,422,0,83646,artem_games_may2024_cleaned,achievements,achievements,83646,VARCHAR audit view,0.0,0,finite numeric >=0,numeric,0,0,,,,,0,0,39442,0.0,9821.0,"[0.0, 4.0, 20.0, 40.0, 101.0]",
0,4577,0,83646,artem_games_may2024_cleaned,recommendations,recommendations,83646,VARCHAR audit view,0.0,0,finite numeric >=0,numeric,0,0,,,,,0,0,67449,0.0,4111974.0,"[0.0, 0.0, 0.0, 388.0, 14131.900000000227]",
69437,11683,0,0,artem_games_may2024_cleaned,notes,notes,83646,VARCHAR audit view,0.8301293546613108,,not assessed,text_or_serialized_collection,0,0,,,,,,,,,,,
0,12792,175,0,artem_games_may2024_cleaned,supported_languages,supported_languages,83646,VARCHAR audit view,0.0,,not assessed,text_or_serialized_collection,0,0,,,,,,,,,,,"[{""value"": ""['English']"", ""count"": 42847}, {""value"": ""['English', 'Russian']"", ""count"": 2258}, {""value"": ""['Simplified Chinese']"", ""count"": 1873}, {""value"": ""['English', 'Simplified Chinese']"", ""count"": 1710}, {""value"": ""['English', 'Japanese']"", ""count"": 1486}, {""value"": ""['English', 'German']"", ""count"": 769}, {""value"": ""['English', 'French']"", ""count"": 706}, {""value"": ""['English', 'Portuguese - Brazil']"", ""count"": 671}, {""value"": ""['Japanese']"", ""count"": 622}, {""value"": ""['English', 'French', 'Italian', 'German', 'Spanish - Spain']"", ""count"": 581}, {""value"": ""['English', 'Simplified Chinese', 'Traditional Chinese']"", ""count"": 472}, {""value"": ""['Simplified Chinese', 'English']"", ""count"": 461}]"
0,2556,46788,0,artem_games_may2024_cleaned,full_audio_languages,full_audio_languages,83646,VARCHAR audit view,0.0,,not assessed,text_or_serialized_collection,0,0,,,,,,,,,,,
0,71126,12433,0,artem_games_may2024_cleaned,packages,packages,83646,VARCHAR audit view,0.0,,not assessed,text_or_serialized_collection,0,0,,,,,,,,,,,
0,51516,246,0,artem_games_may2024_cleaned,developers,developers,83646,VARCHAR audit view,0.0,,not assessed,text_or_serialized_collection,0,0,,,,,,,,,,,"[{""value"": ""[]"", ""count"": 246}, {""value"": ""['Choice of Games']"", ""count"": 159}, {""value"": ""['Laush Dmitriy Sergeevich']"", ""count"": 149}, {""value"": ""['EroticGamesClub']"", ""count"": 141}, {""value"": ""['Creobit']"", ""count"": 137}, {""value"": ""['Boogygames Studios']"", ""count"": 120}, {""value"": ""['Hosted Games']"", ""count"": 106}, {""value"": ""['KOEI TECMO GAMES CO., LTD.']"", ""count"": 102}, {""value"": ""['Sokpop Collective']"", ""count"": 102}, {""value"": ""['Elephant Games']"", ""count"": 87}, {""value"": ""['Rosa Special Studio']"", ""count"": 75}, {""value"": ""['IR Studio']"", ""count"": 73}]"
0,44832,0,0,artem_games_may2024_cleaned,publishers,publishers,83646,VARCHAR audit view,0.0,,not assessed,text_or_serialized_collection,0,0,,,,,,,,,,,"[{""value"": ""['']"", ""count"": 524}, {""value"": ""['Big Fish Games']"", ""count"": 502}, {""value"": ""['8floor']"", ""count"": 268}, {""value"": ""['Conglomerate 5']"", ""count"": 221}, {""value"": ""['HH-Games']"", ""count"": 189}, {""value"": ""['Laush Studio']"", ""count"": 171}, {""value"": ""['Strategy First']"", ""count"": 167}, {""value"": ""['Choice of Games']"", ""count"": 159}, {""value"": ""['Sekai Project']"", ""count"": 154}, {""value"": ""['EroticGamesClub']"", ""count"": 141}, {""value"": ""['Kagura Games']"", ""count"": 140}, {""value"": ""['THQ Nordic']"", ""count"": 136}]"
0,7183,866,0,artem_games_may2024_cleaned,categories,categories,83646,VARCHAR audit view,0.0,,not assessed,text_or_serialized_collection,0,0,,,,,,,,,,,"[{""value"": ""['Single-player', 'Family Sharing']"", ""count"": 18247}, {""value"": ""['Single-player', 'Steam Achievements', 'Family Sharing']"", ""count"": 7212}, {""value"": ""['Single-player']"", ""count"": 3135}, {""value"": ""['Single-player', 'Steam Achievements', 'Steam Cloud', 'Family Sharing']"", ""count"": 3004}, {""value"": ""['Single-player', 'Partial Controller Support', 'Family Sharing']"", ""count"": 2324}, {""value"": ""['Single-player', 'Steam Achievements', 'Full controller support', 'Steam Cloud', 'Family Sharing']"", ""count"": 2138}, {""value"": ""['Single-player', 'Steam Achievements', 'Full controller support', 'Family Sharing']"", ""count"": 2126}, {""value"": ""['Single-player', 'Full controller support', 'Family Sharing']"", ""count"": 2118}, {""value"": ""['Single-player', 'Tracked Controller Support', 'VR Only', 'Family Sharing']"", ""count"": 1803}, {""value"": ""['Single-player', 'Steam Achievements', 'Partial Controller Support', 'Family Sharing']"", ""count"": 1406}, {""value"": ""['Single-player', 'Steam Cloud', 'Family Sharing']"", ""count"": 1332}, {""value"": ""['Single-player', 'Steam Achievements', 'Steam Trading Cards', 'Family Sharing']"", ""count"": 955}]"
0,2601,190,0,artem_games_may2024_cleaned,genres,genres,83646,VARCHAR audit view,0.0,,not assessed,text_or_serialized_collection,0,0,,,,,,,,,,,"[{""value"": ""['Casual', 'Indie']"", ""count"": 4688}, {""value"": ""['Action', 'Indie']"", ""count"": 4584}, {""value"": ""['Action', 'Adventure', 'Indie']"", ""count"": 3906}, {""value"": ""['Adventure', 'Indie']"", ""count"": 3244}, {""value"": ""['Adventure', 'Casual', 'Indie']"", ""count"": 2701}, {""value"": ""['Action', 'Casual', 'Indie']"", ""count"": 2659}, {""value"": ""['Casual']"", ""count"": 2545}, {""value"": ""['Indie']"", ""count"": 2314}, {""value"": ""['Action']"", ""count"": 2305}, {""value"": ""['Adventure']"", ""count"": 1629}, {""value"": ""['Casual', 'Indie', 'Strategy']"", ""count"": 1580}, {""value"": ""['Action', 'Adventure', 'Casual', 'Indie']"", ""count"": 1523}]"
0,83519,94,0,artem_games_may2024_cleaned,screenshots,screenshots,83646,VARCHAR audit view,0.0,,not assessed,text_or_serialized_collection,0,0,,,,,,,,,,,
0,80683,2930,0,artem_games_may2024_cleaned,movies,movies,83646,VARCHAR audit view,0.0,,not assessed,text_or_serialized_collection,0,0,,,,,,,,,,,
0,31,0,83646,artem_games_may2024_cleaned,user_score,user_score,83646,VARCHAR audit view,0.0,0,finite numeric >=0,numeric,0,0,,,,,0,0,83605,0.0,100.0,"[0.0, 0.0, 0.0, 0.0, 0.0]",
83605,3,0,41,artem_games_may2024_cleaned,score_rank,score_rank,83646,VARCHAR audit view,0.9995098390837578,0,finite numeric >=0,numeric,0,0,,,,,0,0,0,98.0,100.0,"[99.0, 99.0, 100.0, 100.0, 100.0]",
0,5058,0,83646,artem_games_may2024_cleaned,positive,positive,83646,VARCHAR audit view,0.0,0,finite numeric >=0,numeric,0,0,,,,,0,0,16124,0.0,7024836.0,"[1.0, 11.0, 64.0, 463.0, 16941.65000000001]",
0,2502,0,83646,artem_games_may2024_cleaned,negative,negative,83646,VARCHAR audit view,0.0,0,finite numeric >=0,numeric,0,0,,,,,0,0,26038,0.0,1029779.0,"[0.0, 3.0, 19.0, 111.0, 2735.6500000000087]",
0,15,0,0,artem_games_may2024_cleaned,estimated_owners,estimated_owners,83646,VARCHAR audit view,0.0,,not assessed,text_or_serialized_collection,0,0,,,,,,,,,,,"[{""value"": ""0 - 20000"", ""count"": 55010}, {""value"": ""20000 - 50000"", ""count"": 9670}, {""value"": ""0 - 0"", ""count"": 6573}, {""value"": ""50000 - 100000"", ""count"": 4609}, {""value"": ""100000 - 200000"", ""count"": 3037}, {""value"": ""200000 - 500000"", ""count"": 2471}, {""value"": ""500000 - 1000000"", ""count"": 1077}, {""value"": ""1000000 - 2000000"", ""count"": 620}, {""value"": ""2000000 - 5000000"", ""count"": 379}, {""value"": ""5000000 - 10000000"", ""count"": 122}, {""value"": ""10000000 - 20000000"", ""count"": 43}, {""value"": ""20000000 - 50000000"", ""count"": 23}]"
0,1877,0,83646,artem_games_may2024_cleaned,average_playtime_forever,average_playtime_forever,83646,VARCHAR audit view,0.0,0,finite numeric >=0,numeric,0,0,,,,,0,0,73883,0.0,95816.0,"[0.0, 0.0, 0.0, 31.0, 1369.550000000003]",
0,457,0,83646,artem_games_may2024_cleaned,average_playtime_2weeks,average_playtime_2weeks,83646,VARCHAR audit view,0.0,0,finite numeric >=0,numeric,0,0,,,,,0,0,82741,0.0,6836.0,"[0.0, 0.0, 0.0, 0.0, 4.0]",
0,1636,0,83646,artem_games_may2024_cleaned,median_playtime_forever,median_playtime_forever,83646,VARCHAR audit view,0.0,0,finite numeric >=0,numeric,0,0,,,,,0,0,73883,0.0,110101.0,"[0.0, 0.0, 0.0, 29.0, 1046.1000000000058]",
0,454,0,83646,artem_games_may2024_cleaned,median_playtime_2weeks,median_playtime_2weeks,83646,VARCHAR audit view,0.0,0,finite numeric >=0,numeric,0,0,,,,,0,0,82741,0.0,9874.0,"[0.0, 0.0, 0.0, 0.0, 4.0]",
0,1165,0,83646,artem_games_may2024_cleaned,peak_ccu,peak_ccu,83646,VARCHAR audit view,0.0,0,finite numeric >=0,numeric,0,0,,,,,0,0,64966,0.0,1362469.0,"[0.0, 0.0, 0.0, 4.0, 473.75000000001455]",
0,67207,13852,0,artem_games_may2024_cleaned,tags,tags,83646,VARCHAR audit view,0.0,,not assessed,text_or_serialized_collection,0,0,,,,,,,,,,,"[{""value"": ""[]"", ""count"": 13852}, {""value"": ""{'Indie': 21, 'Casual': 21}"", ""count"": 121}, {""value"": ""{'Adventure': 21, 'Casual': 21, 'Hidden Object': 6}"", ""count"": 106}, {""value"": ""{'Action': 21, 'Indie': 21}"", ""count"": 105}, {""value"": ""{'Action': 21, 'Indie': 21, 'Casual': 21}"", ""count"": 102}, {""value"": ""{'Indie': 21}"", ""count"": 58}, {""value"": ""{'Casual': 31, 'Adventure': 11, 'Indie': 11, 'Puzzle': 11, 'Singleplayer': 11}"", ""count"": 44}, {""value"": ""{'Adventure': 21, 'Casual': 21, 'Hidden Object': 5}"", ""count"": 40}, {""value"": ""{'Action': 21, 'Adventure': 21, 'Indie': 21}"", ""count"": 35}, {""value"": ""{'Action': 22, 'Indie': 22}"", ""count"": 34}, {""value"": ""{'Action': 21, 'Indie': 21, 'Adventure': 20}"", ""count"": 32}, {""value"": ""{'Action': 31, 'Indie': 31}"", ""count"": 31}]"
0,100,0,83646,artem_games_may2024_cleaned,pct_pos_total,pct_pos_total,83646,VARCHAR audit view,0.0,33318,finite numeric >=0 and <= 100,numeric,0,0,,,,,0,33318,16,-1.0,100.0,"[-1.0, 60.0, 84.0, 93.0, 100.0]",
0,5253,0,83646,artem_games_may2024_cleaned,num_reviews_total,num_reviews_total,83646,VARCHAR audit view,0.0,33318,finite numeric >=0,numeric,0,0,,,,,0,33318,0,-1.0,8071426.0,"[-1.0, 16.0, 87.0, 562.0, 18707.65000000001]",
0,94,0,83646,artem_games_may2024_cleaned,pct_pos_recent,pct_pos_recent,83646,VARCHAR audit view,0.0,77034,finite numeric >=0 and <= 100,numeric,0,0,,,,,0,77034,2,-1.0,100.0,"[-1.0, -1.0, -1.0, -1.0, 97.0]",
0,793,0,83646,artem_games_may2024_cleaned,num_reviews_recent,num_reviews_recent,83646,VARCHAR audit view,0.0,77034,finite numeric >=0,numeric,0,0,,,,,0,77034,0,-1.0,321958.0,"[-1.0, -1.0, -1.0, -1.0, 226.0]",
0,87806,0,87806,artem_games_may2024_full,app_id,AppID,87806,VARCHAR audit view,0.0,,not assessed,text_or_serialized_collection,0,0,,,,,,,,,,,
6,87114,0,42,artem_games_may2024_full,name,name,87806,VARCHAR audit view,6.833246019634194e-05,,not assessed,text_or_serialized_collection,0,0,,,,,,,,,,,
0,4504,0,0,artem_games_may2024_full,release_date,release_date,87806,VARCHAR audit view,0.0,0,nonmissing date not parsed by documented ISO/English month formats; month-only parsed to first day,date_text,0,0,1997-06-30 00:00:00,2024-05-26 00:00:00,0,0,,,,,,,
0,16,0,87806,artem_games_may2024_full,required_age,required_age,87806,VARCHAR audit view,0.0,0,finite numeric >=0,numeric,0,0,,,,,0,0,86343,0.0,21.0,"[0.0, 0.0, 0.0, 0.0, 17.0]","[{""value"": ""0"", ""count"": 86343}, {""value"": ""17"", ""count"": 817}, {""value"": ""18"", ""count"": 291}, {""value"": ""13"", ""count"": 193}, {""value"": ""16"", ""count"": 63}, {""value"": ""10"", ""count"": 30}, {""value"": ""12"", ""count"": 30}, {""value"": ""15"", ""count"": 8}, {""value"": ""3"", ""count"": 7}, {""value"": ""7"", ""count"": 7}, {""value"": ""14"", ""count"": 4}, {""value"": ""21"", ""count"": 4}]"
0,560,0,87806,artem_games_may2024_full,price,price,87806,VARCHAR audit view,0.0,0,finite numeric >=0,numeric,0,0,,,,,0,0,16795,0.0,999.98,"[0.99, 4.19, 9.99, 15.99, 44.99]",
0,103,0,87806,artem_games_may2024_full,dlc_count,dlc_count,87806,VARCHAR audit view,0.0,0,finite numeric >=0,numeric,0,0,,,,,0,0,74295,0.0,3165.0,"[0.0, 0.0, 0.0, 1.0, 7.0]",
4151,83257,0,0,artem_games_may2024_full,detailed_description,detailed_description,87806,VARCHAR audit view,0.04727467371250256,,not assessed,text_or_serialized_collection,0,0,,,,,,,,,,,
4173,83205,0,0,artem_games_may2024_full,about_the_game,about_the_game,87806,VARCHAR audit view,0.04752522606655581,,not assessed,text_or_serialized_collection,0,0,,,,,,,,,,,
4094,82725,0,0,artem_games_may2024_full,short_description,short_description,87806,VARCHAR audit view,0.046625515340637316,,not assessed,text_or_serialized_collection,0,0,,,,,,,,,,,
77492,10211,0,0,artem_games_may2024_full,reviews,reviews,87806,VARCHAR audit view,0.8825365009224883,10314,finite numeric >=0,numeric_with_parse_failures,0,0,,,,,10314,0,0,,,,
0,87739,0,0,artem_games_may2024_full,header_image,header_image,87806,VARCHAR audit view,0.0,,not assessed,text_or_serialized_collection,0,0,,,,,,,,,,,
47900,32518,0,0,artem_games_may2024_full,website,website,87806,VARCHAR audit view,0.5455208072341298,,not assessed,text_or_serialized_collection,0,0,,,,,,,,,,,
45587,27672,0,1,artem_games_may2024_full,support_url,support_url,87806,VARCHAR audit view,0.5191786438284399,,not assessed,text_or_serialized_collection,0,0,,,,,,,,,,,
14684,43539,0,6,artem_games_may2024_full,support_email,support_email,87806,VARCHAR audit view,0.16723230758718083,,not assessed,text_or_serialized_collection,0,0,,,,,,,,,,,
0,2,0,0,artem_games_may2024_full,windows,windows,87806,VARCHAR audit view,0.0,0,true/false/0/1 (case-insensitive),boolean_text,0,0,,,,,,,,,,,
0,2,0,0,artem_games_may2024_full,mac,mac,87806,VARCHAR audit view,0.0,0,true/false/0/1 (case-insensitive),boolean_text,0,0,,,,,,,,,,,
0,2,0,0,artem_games_may2024_full,linux,linux,87806,VARCHAR audit view,0.0,0,true/false/0/1 (case-insensitive),boolean_text,0,0,,,,,,,,,,,
0,72,0,87806,artem_games_may2024_full,metacritic_score,metacritic_score,87806,VARCHAR audit view,0.0,0,finite numeric >=0 and <= 100,numeric,0,0,,,,,0,0,83825,0.0,97.0,"[0.0, 0.0, 0.0, 0.0, 81.0]",
83825,3888,0,0,artem_games_may2024_full,metacritic_url,metacritic_url,87806,VARCHAR audit view,0.9546614126597271,,not assessed,text_or_serialized_collection,0,0,,,,,,,,,,,
0,423,0,87806,artem_games_may2024_full,achievements,achievements,87806,VARCHAR audit view,0.0,0,finite numeric >=0,numeric,0,0,,,,,0,0,43274,0.0,9821.0,"[0.0, 1.0, 19.0, 39.0, 100.0]",
0,4619,0,87806,artem_games_may2024_full,recommendations,recommendations,87806,VARCHAR audit view,0.0,0,finite numeric >=0,numeric,0,0,,,,,0,0,71531,0.0,4111974.0,"[0.0, 0.0, 0.0, 360.0, 14037.64999999998]",
73589,11687,0,0,artem_games_may2024_full,notes,notes,87806,VARCHAR audit view,0.8380862355647678,,not assessed,text_or_serialized_collection,0,0,,,,,,,,,,,
0,12803,4158,0,artem_games_may2024_full,supported_languages,supported_languages,87806,VARCHAR audit view,0.0,,not assessed,text_or_serialized_collection,0,0,,,,,,,,,,,"[{""value"": ""['English']"", ""count"": 42940}, {""value"": ""[]"", ""count"": 4158}, {""value"": ""['English', 'Russian']"", ""count"": 2260}, {""value"": ""['Simplified Chinese']"", ""count"": 1873}, {""value"": ""['English', 'Simplified Chinese']"", ""count"": 1713}, {""value"": ""['English', 'Japanese']"", ""count"": 1486}, {""value"": ""['English', 'German']"", ""count"": 770}, {""value"": ""['English', 'French']"", ""count"": 707}, {""value"": ""['English', 'Portuguese - Brazil']"", ""count"": 671}, {""value"": ""['Japanese']"", ""count"": 622}, {""value"": ""['English', 'French', 'Italian', 'German', 'Spanish - Spain']"", ""count"": 582}, {""value"": ""['English', 'Simplified Chinese', 'Traditional Chinese']"", ""count"": 472}]"
0,2557,50875,0,artem_games_may2024_full,full_audio_languages,full_audio_languages,87806,VARCHAR audit view,0.0,,not assessed,text_or_serialized_collection,0,0,,,,,,,,,,,
0,71245,16451,0,artem_games_may2024_full,packages,packages,87806,VARCHAR audit view,0.0,,not assessed,text_or_serialized_collection,0,0,,,,,,,,,,,
0,51542,4238,0,artem_games_may2024_full,developers,developers,87806,VARCHAR audit view,0.0,,not assessed,text_or_serialized_collection,0,0,,,,,,,,,,,"[{""value"": ""[]"", ""count"": 4238}, {""value"": ""['Choice of Games']"", ""count"": 159}, {""value"": ""['Laush Dmitriy Sergeevich']"", ""count"": 149}, {""value"": ""['EroticGamesClub']"", ""count"": 141}, {""value"": ""['Creobit']"", ""count"": 137}, {""value"": ""['Boogygames Studios']"", ""count"": 120}, {""value"": ""['Hosted Games']"", ""count"": 106}, {""value"": ""['KOEI TECMO GAMES CO., LTD.']"", ""count"": 102}, {""value"": ""['Sokpop Collective']"", ""count"": 102}, {""value"": ""['Elephant Games']"", ""count"": 88}, {""value"": ""['Rosa Special Studio']"", ""count"": 75}, {""value"": ""['IR Studio']"", ""count"": 73}]"
0,44854,0,0,artem_games_may2024_full,publishers,publishers,87806,VARCHAR audit view,0.0,,not assessed,text_or_serialized_collection,0,0,,,,,,,,,,,"[{""value"": ""['']"", ""count"": 4512}, {""value"": ""['Big Fish Games']"", ""count"": 502}, {""value"": ""['8floor']"", ""count"": 268}, {""value"": ""['Conglomerate 5']"", ""count"": 222}, {""value"": ""['HH-Games']"", ""count"": 189}, {""value"": ""['SEGA']"", ""count"": 179}, {""value"": ""['Laush Studio']"", ""count"": 171}, {""value"": ""['Strategy First']"", ""count"": 167}, {""value"": ""['Choice of Games']"", ""count"": 159}, {""value"": ""['Sekai Project']"", ""count"": 154}, {""value"": ""['EroticGamesClub']"", ""count"": 141}, {""value"": ""['Kagura Games']"", ""count"": 140}]"
0,7190,4672,0,artem_games_may2024_full,categories,categories,87806,VARCHAR audit view,0.0,,not assessed,text_or_serialized_collection,0,0,,,,,,,,,,,"[{""value"": ""['Single-player', 'Family Sharing']"", ""count"": 18267}, {""value"": ""['Single-player', 'Steam Achievements', 'Family Sharing']"", ""count"": 7217}, {""value"": ""[]"", ""count"": 4672}, {""value"": ""['Single-player']"", ""count"": 3137}, {""value"": ""['Single-player', 'Steam Achievements', 'Steam Cloud', 'Family Sharing']"", ""count"": 3005}, {""value"": ""['Single-player', 'Partial Controller Support', 'Family Sharing']"", ""count"": 2345}, {""value"": ""['Single-player', 'Steam Achievements', 'Full controller support', 'Steam Cloud', 'Family Sharing']"", ""count"": 2140}, {""value"": ""['Single-player', 'Steam Achievements', 'Full controller support', 'Family Sharing']"", ""count"": 2127}, {""value"": ""['Single-player', 'Full controller support', 'Family Sharing']"", ""count"": 2119}, {""value"": ""['Single-player', 'Tracked Controller Support', 'VR Only', 'Family Sharing']"", ""count"": 1803}, {""value"": ""['Single-player', 'Steam Achievements', 'Partial Controller Support', 'Family Sharing']"", ""count"": 1407}, {""value"": ""['Single-player', 'Steam Cloud', 'Family Sharing']"", ""count"": 1333}]"
0,2602,4190,0,artem_games_may2024_full,genres,genres,87806,VARCHAR audit view,0.0,,not assessed,text_or_serialized_collection,0,0,,,,,,,,,,,"[{""value"": ""['Casual', 'Indie']"", ""count"": 4691}, {""value"": ""['Action', 'Indie']"", ""count"": 4588}, {""value"": ""[]"", ""count"": 4190}, {""value"": ""['Action', 'Adventure', 'Indie']"", ""count"": 3912}, {""value"": ""['Adventure', 'Indie']"", ""count"": 3248}, {""value"": ""['Adventure', 'Casual', 'Indie']"", ""count"": 2703}, {""value"": ""['Action', 'Casual', 'Indie']"", ""count"": 2661}, {""value"": ""['Casual']"", ""count"": 2546}, {""value"": ""['Action']"", ""count"": 2338}, {""value"": ""['Indie']"", ""count"": 2316}, {""value"": ""['Adventure']"", ""count"": 1636}, {""value"": ""['Casual', 'Indie', 'Strategy']"", ""count"": 1581}]"
0,85382,2358,0,artem_games_may2024_full,screenshots,screenshots,87806,VARCHAR audit view,0.0,,not assessed,text_or_serialized_collection,0,0,,,,,,,,,,,
0,80745,6993,0,artem_games_may2024_full,movies,movies,87806,VARCHAR audit view,0.0,,not assessed,text_or_serialized_collection,0,0,,,,,,,,,,,
0,31,0,87806,artem_games_may2024_full,user_score,user_score,87806,VARCHAR audit view,0.0,0,finite numeric >=0,numeric,0,0,,,,,0,0,87765,0.0,100.0,"[0.0, 0.0, 0.0, 0.0, 0.0]",
87765,3,0,41,artem_games_may2024_full,score_rank,score_rank,87806,VARCHAR audit view,0.9995330615219916,0,finite numeric >=0,numeric,0,0,,,,,0,0,0,98.0,100.0,"[99.0, 99.0, 100.0, 100.0, 100.0]",
0,5097,0,87806,artem_games_may2024_full,positive,positive,87806,VARCHAR audit view,0.0,0,finite numeric >=0,numeric,0,0,,,,,0,0,20135,0.0,7024836.0,"[1.0, 10.0, 58.0, 425.0, 16336.949999999997]",
0,2537,0,87806,artem_games_may2024_full,negative,negative,87806,VARCHAR audit view,0.0,0,finite numeric >=0,numeric,0,0,,,,,0,0,30072,0.0,1029779.0,"[0.0, 2.0, 17.0, 103.0, 2697.949999999997]",
0,15,0,0,artem_games_may2024_full,estimated_owners,estimated_owners,87806,VARCHAR audit view,0.0,,not assessed,text_or_serialized_collection,0,0,,,,,,,,,,,"[{""value"": ""0 - 20000"", ""count"": 55116}, {""value"": ""0 - 0"", ""count"": 10575}, {""value"": ""20000 - 50000"", ""count"": 9692}, {""value"": ""50000 - 100000"", ""count"": 4619}, {""value"": ""100000 - 200000"", ""count"": 3040}, {""value"": ""200000 - 500000"", ""count"": 2477}, {""value"": ""500000 - 1000000"", ""count"": 1082}, {""value"": ""1000000 - 2000000"", ""count"": 623}, {""value"": ""2000000 - 5000000"", ""count"": 381}, {""value"": ""5000000 - 10000000"", ""count"": 123}, {""value"": ""10000000 - 20000000"", ""count"": 43}, {""value"": ""20000000 - 50000000"", ""count"": 23}]"
0,1879,0,87806,artem_games_may2024_full,average_playtime_forever,average_playtime_forever,87806,VARCHAR audit view,0.0,0,finite numeric >=0,numeric,0,0,,,,,0,0,78026,0.0,95816.0,"[0.0, 0.0, 0.0, 16.0, 1311.8499999999913]",
0,457,0,87806,artem_games_may2024_full,average_playtime_2weeks,average_playtime_2weeks,87806,VARCHAR audit view,0.0,0,finite numeric >=0,numeric,0,0,,,,,0,0,86896,0.0,6836.0,"[0.0, 0.0, 0.0, 0.0, 1.0]",
0,1636,0,87806,artem_games_may2024_full,median_playtime_forever,median_playtime_forever,87806,VARCHAR audit view,0.0,0,finite numeric >=0,numeric,0,0,,,,,0,0,78026,0.0,110101.0,"[0.0, 0.0, 0.0, 16.0, 996.0]",
0,456,0,87806,artem_games_may2024_full,median_playtime_2weeks,median_playtime_2weeks,87806,VARCHAR audit view,0.0,0,finite numeric >=0,numeric,0,0,,,,,0,0,86896,0.0,9874.0,"[0.0, 0.0, 0.0, 0.0, 1.0]",
0,1167,0,87806,artem_games_may2024_full,peak_ccu,peak_ccu,87806,VARCHAR audit view,0.0,0,finite numeric >=0,numeric,0,0,,,,,0,0,69105,0.0,1362469.0,"[0.0, 0.0, 0.0, 4.0, 436.0]",
0,67345,17863,0,artem_games_may2024_full,tags,tags,87806,VARCHAR audit view,0.0,,not assessed,text_or_serialized_collection,0,0,,,,,,,,,,,"[{""value"": ""[]"", ""count"": 17863}, {""value"": ""{'Indie': 21, 'Casual': 21}"", ""count"": 121}, {""value"": ""{'Adventure': 21, 'Casual': 21, 'Hidden Object': 6}"", ""count"": 106}, {""value"": ""{'Action': 21, 'Indie': 21}"", ""count"": 105}, {""value"": ""{'Action': 21, 'Indie': 21, 'Casual': 21}"", ""count"": 102}, {""value"": ""{'Indie': 21}"", ""count"": 58}, {""value"": ""{'Casual': 31, 'Adventure': 11, 'Indie': 11, 'Puzzle': 11, 'Singleplayer': 11}"", ""count"": 44}, {""value"": ""{'Adventure': 21, 'Casual': 21, 'Hidden Object': 5}"", ""count"": 40}, {""value"": ""{'Action': 21, 'Adventure': 21, 'Indie': 21}"", ""count"": 35}, {""value"": ""{'Action': 22, 'Indie': 22}"", ""count"": 34}, {""value"": ""{'Action': 21, 'Indie': 21, 'Adventure': 20}"", ""count"": 32}, {""value"": ""{'Action': 31, 'Indie': 31}"", ""count"": 31}]"
0,100,0,87806,artem_games_may2024_full,pct_pos_total,pct_pos_total,87806,VARCHAR audit view,0.0,35726,finite numeric >=0 and <= 100,numeric,0,0,,,,,0,35726,16,-1.0,100.0,"[-1.0, 60.0, 84.0, 93.0, 100.0]",
0,5412,0,87806,artem_games_may2024_full,num_reviews_total,num_reviews_total,87806,VARCHAR audit view,0.0,35726,finite numeric >=0,numeric,0,0,,,,,0,35726,0,-1.0,8071426.0,"[-1.0, 16.0, 86.0, 588.0, 22683.899999999878]",
0,95,0,87806,artem_games_may2024_full,pct_pos_recent,pct_pos_recent,87806,VARCHAR audit view,0.0,80704,finite numeric >=0 and <= 100,numeric,0,0,,,,,0,80704,3,-1.0,100.0,"[-1.0, -1.0, -1.0, -1.0, 97.0]",
0,837,0,87806,artem_games_may2024_full,num_reviews_recent,num_reviews_recent,87806,VARCHAR audit view,0.0,80704,finite numeric >=0,numeric,0,0,,,,,0,80704,0,-1.0,323515.0,"[-1.0, -1.0, -1.0, -1.0, 245.0]",
0,124146,0,124146,fronkon_hf,app_id,appID,124146,VARCHAR audit view,0.0,,not assessed,text_or_serialized_collection,0,0,,,,,,,,,,,
4,122972,0,51,fronkon_hf,name,name,124146,VARCHAR audit view,3.222012791390782e-05,,not assessed,text_or_serialized_collection,0,0,,,,,,,,,,,
0,5113,0,0,fronkon_hf,release_date,release_date,124146,VARCHAR audit view,0.0,0,nonmissing date not parsed by documented ISO/English month formats; month-only parsed to first day,date_text,0,0,1997-06-30 00:00:00,2026-09-08 00:00:00,0,0,,,,,,,
0,14,0,0,fronkon_hf,estimated_owners,estimated_owners,124146,VARCHAR audit view,0.0,,not assessed,text_or_serialized_collection,0,0,,,,,,,,,,,"[{""value"": ""0 - 20000"", ""count"": 75545}, {""value"": ""0 - 0"", ""count"": 23033}, {""value"": ""20000 - 50000"", ""count"": 11397}, {""value"": ""50000 - 100000"", ""count"": 5355}, {""value"": ""100000 - 200000"", ""count"": 3454}, {""value"": ""200000 - 500000"", ""count"": 2854}, {""value"": ""500000 - 1000000"", ""count"": 1154}, {""value"": ""1000000 - 2000000"", ""count"": 729}, {""value"": ""2000000 - 5000000"", ""count"": 405}, {""value"": ""5000000 - 10000000"", ""count"": 125}, {""value"": ""10000000 - 20000000"", ""count"": 51}, {""value"": ""20000000 - 50000000"", ""count"": 31}]"
0,1110,0,124146,fronkon_hf,peak_ccu,peak_ccu,124146,VARCHAR audit view,0.0,0,finite numeric >=0,numeric,0,0,,,,,0,0,104468,0.0,1013936.0,"[0.0, 0.0, 0.0, 2.0, 220.0]",
0,15,0,124146,fronkon_hf,required_age,required_age,124146,VARCHAR audit view,0.0,0,finite numeric >=0,numeric,0,0,,,,,0,0,122869,0.0,21.0,"[0.0, 0.0, 0.0, 0.0, 10.0]","[{""value"": ""0"", ""count"": 122869}, {""value"": ""17"", ""count"": 829}, {""value"": ""13"", ""count"": 176}, {""value"": ""18"", ""count"": 166}, {""value"": ""16"", ""count"": 32}, {""value"": ""10"", ""count"": 27}, {""value"": ""12"", ""count"": 23}, {""value"": ""3"", ""count"": 6}, {""value"": ""7"", ""count"": 5}, {""value"": ""6"", ""count"": 4}, {""value"": ""15"", ""count"": 3}, {""value"": ""1"", ""count"": 2}]"
0,944,0,124146,fronkon_hf,price,price,124146,VARCHAR audit view,0.0,0,finite numeric >=0,numeric,0,0,,,,,0,0,26412,0.0,999.98,"[0.55, 2.39, 5.39, 9.99, 29.99]",
0,117,0,124146,fronkon_hf,dlc_count,dlc_count,124146,VARCHAR audit view,0.0,0,finite numeric >=0,numeric,0,0,,,,,0,0,106257,0.0,3703.0,"[0.0, 0.0, 0.0, 1.0, 7.0]",
8429,115135,0,1,fronkon_hf,detailed_description,detailed_description,124146,VARCHAR audit view,0.06789586454658225,,not assessed,text_or_serialized_collection,0,0,,,,,,,,,,,
8316,114558,0,1,fronkon_hf,short_description,short_description,124146,VARCHAR audit view,0.06698564593301436,,not assessed,text_or_serialized_collection,0,0,,,,,,,,,,,
0,19369,8387,0,fronkon_hf,supported_languages,supported_languages,124146,VARCHAR audit view,0.0,,not assessed,text_or_serialized_collection,0,0,,,,,,,,,,,"[{""value"": ""[English]"", ""count"": 55961}, {""value"": ""[]"", ""count"": 8387}, {""value"": ""[English, Russian]"", ""count"": 2757}, {""value"": ""[Simplified Chinese]"", ""count"": 2570}, {""value"": ""[English, Simplified Chinese]"", ""count"": 2319}, {""value"": ""[English, Japanese]"", ""count"": 2202}, {""value"": ""[Japanese]"", ""count"": 997}, {""value"": ""[English, French]"", ""count"": 996}, {""value"": ""[English, German]"", ""count"": 912}, {""value"": ""[English, Portuguese - Brazil]"", ""count"": 877}, {""value"": ""[Simplified Chinese, English]"", ""count"": 648}, {""value"": ""[English, French, Italian, German, Spanish - Spain]"", ""count"": 647}]"
0,3751,73628,0,fronkon_hf,full_audio_languages,full_audio_languages,124146,VARCHAR audit view,0.0,,not assessed,text_or_serialized_collection,0,0,,,,,,,,,,,
112022,11934,0,0,fronkon_hf,reviews,reviews,124146,VARCHAR audit view,0.9023407922929454,12124,finite numeric >=0,numeric_with_parse_failures,0,0,,,,,12124,0,0,,,,
81,123955,0,0,fronkon_hf,header_image,header_image,124146,VARCHAR audit view,0.0006524575902566333,,not assessed,text_or_serialized_collection,0,0,,,,,,,,,,,
74081,40004,0,0,fronkon_hf,website,website,124146,VARCHAR audit view,0.5967248239975512,,not assessed,text_or_serialized_collection,0,0,,,,,,,,,,,
69470,35771,0,2,fronkon_hf,support_url,support_url,124146,VARCHAR audit view,0.559583071544794,,not assessed,text_or_serialized_collection,0,0,,,,,,,,,,,
22431,61370,0,10,fronkon_hf,support_email,support_email,124146,VARCHAR audit view,0.18068242230921658,,not assessed,text_or_serialized_collection,0,0,,,,,,,,,,,
0,2,0,0,fronkon_hf,windows,windows,124146,VARCHAR audit view,0.0,0,true/false/0/1 (case-insensitive),boolean_text,0,0,,,,,,,,,,,
0,2,0,0,fronkon_hf,mac,mac,124146,VARCHAR audit view,0.0,0,true/false/0/1 (case-insensitive),boolean_text,0,0,,,,,,,,,,,
0,2,0,0,fronkon_hf,linux,linux,124146,VARCHAR audit view,0.0,0,true/false/0/1 (case-insensitive),boolean_text,0,0,,,,,,,,,,,
0,73,0,124146,fronkon_hf,metacritic_score,metacritic_score,124146,VARCHAR audit view,0.0,0,finite numeric >=0 and <= 100,numeric,0,0,,,,,0,0,119889,0.0,97.0,"[0.0, 0.0, 0.0, 0.0, 80.0]",
119889,4161,0,0,fronkon_hf,metacritic_url,metacritic_url,124146,VARCHAR audit view,0.9657097288676236,,not assessed,text_or_serialized_collection,0,0,,,,,,,,,,,
0,31,0,124146,fronkon_hf,user_score,user_score,124146,VARCHAR audit view,0.0,0,finite numeric >=0,numeric,0,0,,,,,0,0,124106,0.0,100.0,"[0.0, 0.0, 0.0, 0.0, 0.0]",
0,5541,0,124146,fronkon_hf,positive,positive,124146,VARCHAR audit view,0.0,0,finite numeric >=0,numeric,0,0,,,,,0,0,43805,0.0,7642084.0,"[0.0, 5.0, 36.0, 283.0, 13042.0]",
0,2725,0,124146,fronkon_hf,negative,negative,124146,VARCHAR audit view,0.0,0,finite numeric >=0,numeric,0,0,,,,,0,0,56728,0.0,1173003.0,"[0.0, 1.0, 10.0, 70.0, 2110.4000000000233]",
124106,3,0,40,fronkon_hf,score_rank,score_rank,124146,VARCHAR audit view,0.9996777987208609,0,finite numeric >=0,numeric,0,0,,,,,0,0,0,98.0,100.0,"[99.0, 99.0, 100.0, 100.0, 100.0]",
0,448,0,124146,fronkon_hf,achievements,achievements,124146,VARCHAR audit view,0.0,0,finite numeric >=0,numeric,0,0,,,,,0,0,60283,0.0,9821.0,"[0.0, 2.0, 19.0, 38.0, 100.0]",
0,5334,0,124146,fronkon_hf,recommendations,recommendations,124146,VARCHAR audit view,0.0,0,finite numeric >=0,numeric,0,0,,,,,0,0,103209,0.0,4830455.0,"[0.0, 0.0, 0.0, 296.0, 12223.000000000058]",
101279,19099,0,0,fronkon_hf,notes,notes,124146,VARCHAR audit view,0.8158055837481675,,not assessed,text_or_serialized_collection,0,0,,,,,,,,,,,
0,3037,0,124146,fronkon_hf,average_playtime_forever,average_playtime_forever,124146,VARCHAR audit view,0.0,0,finite numeric >=0,numeric,0,0,,,,,0,0,98017,0.0,3429544.0,"[0.0, 0.0, 0.0, 231.0, 2258.550000000003]",
0,993,0,124146,fronkon_hf,average_playtime_2weeks,average_playtime_2weeks,124146,VARCHAR audit view,0.0,0,finite numeric >=0,numeric,0,0,,,,,0,0,120239,0.0,20088.0,"[0.0, 0.0, 0.0, 0.0, 262.5500000000029]",
0,2511,0,124146,fronkon_hf,median_playtime_forever,median_playtime_forever,124146,VARCHAR audit view,0.0,0,finite numeric >=0,numeric,0,0,,,,,0,0,98017,0.0,3429544.0,"[0.0, 0.0, 0.0, 215.0, 1578.0]",
0,993,0,124146,fronkon_hf,median_playtime_2weeks,median_playtime_2weeks,124146,VARCHAR audit view,0.0,0,finite numeric >=0,numeric,0,0,,,,,0,0,120239,0.0,20088.0,"[0.0, 0.0, 0.0, 0.0, 254.0]",
0,71782,8437,0,fronkon_hf,developers,developers,124146,VARCHAR audit view,0.0,,not assessed,text_or_serialized_collection,0,0,,,,,,,,,,,"[{""value"": ""[]"", ""count"": 8437}, {""value"": ""[EroticGamesClub]"", ""count"": 232}, {""value"": ""[Choice of Games]"", ""count"": 179}, {""value"": ""[Boogygames Studios]"", ""count"": 157}, {""value"": ""[Laush Dmitriy Sergeevich]"", ""count"": 150}, {""value"": ""[Bully Revenge Studios]"", ""count"": 146}, {""value"": ""[Creobit]"", ""count"": 137}, {""value"": ""[Gamesforgames]"", ""count"": 124}, {""value"": ""[Cyber Keks]"", ""count"": 121}, {""value"": ""[Hosted Games]"", ""count"": 119}, {""value"": ""['KOEI TECMO GAMES CO., LTD.']"", ""count"": 113}, {""value"": ""[Do Games Limited]"", ""count"": 101}]"
0,63600,8833,0,fronkon_hf,publishers,publishers,124146,VARCHAR audit view,0.0,,not assessed,text_or_serialized_collection,0,0,,,,,,,,,,,"[{""value"": ""[]"", ""count"": 8833}, {""value"": ""[BFG Entertainment]"", ""count"": 554}, {""value"": ""[8floor]"", ""count"": 268}, {""value"": ""[EroticGamesClub]"", ""count"": 232}, {""value"": ""[Strategy First]"", ""count"": 206}, {""value"": ""[Conglomerate 5]"", ""count"": 197}, {""value"": ""[Kagura Games]"", ""count"": 193}, {""value"": ""[Hede]"", ""count"": 186}, {""value"": ""[HH-Games]"", ""count"": 184}, {""value"": ""[Choice of Games]"", ""count"": 179}, {""value"": ""[Laush Studio]"", ""count"": 172}, {""value"": ""[Sekai Project]"", ""count"": 166}]"
0,13662,8960,0,fronkon_hf,categories,categories,124146,VARCHAR audit view,0.0,,not assessed,text_or_serialized_collection,0,0,,,,,,,,,,,"[{""value"": ""[Single-player, Family Sharing]"", ""count"": 23610}, {""value"": ""[Single-player, Steam Achievements, Family Sharing]"", ""count"": 9996}, {""value"": ""[]"", ""count"": 8960}, {""value"": ""[Single-player]"", ""count"": 4509}, {""value"": ""[Single-player, Steam Achievements, Steam Cloud, Family Sharing]"", ""count"": 4247}, {""value"": ""[Single-player, Steam Achievements, Full controller support, Steam Cloud, Family Sharing]"", ""count"": 3180}, {""value"": ""[Single-player, Steam Achievements, Full controller support, Family Sharing]"", ""count"": 3033}, {""value"": ""[Single-player, Full controller support, Family Sharing]"", ""count"": 2957}, {""value"": ""[Single-player, Partial Controller Support, Family Sharing]"", ""count"": 2645}, {""value"": ""[Single-player, Tracked Controller Support, VR Only, Family Sharing]"", ""count"": 1845}, {""value"": ""[Single-player, Steam Cloud, Family Sharing]"", ""count"": 1838}, {""value"": ""[Single-player, Steam Achievements, Partial Controller Support, Family Sharing]"", ""count"": 1684}]"
0,2909,8419,0,fronkon_hf,genres,genres,124146,VARCHAR audit view,0.0,,not assessed,text_or_serialized_collection,0,0,,,,,,,,,,,"[{""value"": ""[]"", ""count"": 8419}, {""value"": ""[Casual, Indie]"", ""count"": 6800}, {""value"": ""[Action, Indie]"", ""count"": 5731}, {""value"": ""[Action, Adventure, Indie]"", ""count"": 5216}, {""value"": ""[Adventure, Indie]"", ""count"": 4368}, {""value"": ""[Adventure, Casual, Indie]"", ""count"": 3655}, {""value"": ""[Action, Casual, Indie]"", ""count"": 3451}, {""value"": ""[Casual]"", ""count"": 3391}, {""value"": ""[Indie]"", ""count"": 3129}, {""value"": ""[Action]"", ""count"": 2984}, {""value"": ""[Casual, Indie, Strategy]"", ""count"": 2290}, {""value"": ""[Casual, Indie, Simulation]"", ""count"": 2227}]"
0,1,124146,0,fronkon_hf,tags,tags,124146,VARCHAR audit view,0.0,,not assessed,text_or_serialized_collection,0,0,,,,,,,,,,,"[{""value"": ""[]"", ""count"": 124146}]"
0,118014,6023,0,fronkon_hf,screenshots,screenshots,124146,VARCHAR audit view,0.0,,not assessed,text_or_serialized_collection,0,0,,,,,,,,,,,
0,1,124146,0,fronkon_hf,movies,movies,124146,VARCHAR audit view,0.0,,not assessed,text_or_serialized_collection,0,0,,,,,,,,,,,
0,97996,26018,0,fronkon_hf,packages,packages,124146,VARCHAR audit view,0.0,,not assessed,text_or_serialized_collection,0,0,,,,,,,,,,,
0,141335,0,141335,fronkon_json,app_id,app_id,141335,VARCHAR audit view,0.0,,not assessed,text_or_serialized_collection,0,0,,,,,,,,,,,
8516,132161,0,1,fronkon_json,about_the_game,about_the_game,141335,VARCHAR audit view,0.06025400643860332,,not assessed,text_or_serialized_collection,0,0,,,,,,,,,,,
0,450,0,141335,fronkon_json,achievements,achievements,141335,VARCHAR audit view,0.0,0,finite numeric >=0,numeric,0,0,,,,,0,0,67535,0.0,9821.0,"[0.0, 3.0, 19.0, 38.0, 100.0]",
0,1000,0,141335,fronkon_json,average_playtime_2weeks,average_playtime_2weeks,141335,VARCHAR audit view,0.0,0,finite numeric >=0,numeric,0,0,,,,,0,0,137299,0.0,20088.0,"[0.0, 0.0, 0.0, 0.0, 230.0]",
0,3037,0,141335,fronkon_json,average_playtime_forever,average_playtime_forever,141335,VARCHAR audit view,0.0,0,finite numeric >=0,numeric,0,0,,,,,0,0,115064,0.0,3429544.0,"[0.0, 0.0, 0.0, 198.0, 2028.6600000000035]",
0,18821,8977,0,fronkon_json,categories,categories,141335,VARCHAR audit view,0.0,,not assessed,text_or_serialized_collection,0,0,,,,,,,,,,,"[{""value"": ""[\""Single-player\"",\""Family Sharing\""]"", ""count"": 25896}, {""value"": ""[\""Single-player\"",\""Steam Achievements\"",\""Family Sharing\""]"", ""count"": 11056}, {""value"": ""[]"", ""count"": 8977}, {""value"": ""[\""Single-player\"",\""Steam Achievements\"",\""Steam Cloud\"",\""Family Sharing\""]"", ""count"": 4782}, {""value"": ""[\""Single-player\""]"", ""count"": 4735}, {""value"": ""[\""Single-player\"",\""Steam Achievements\"",\""Full controller support\"",\""Steam Cloud\"",\""Family Sharing\""]"", ""count"": 3352}, {""value"": ""[\""Single-player\"",\""Steam Achievements\"",\""Full controller support\"",\""Family Sharing\""]"", ""count"": 3276}, {""value"": ""[\""Single-player\"",\""Full controller support\"",\""Family Sharing\""]"", ""count"": 3170}, {""value"": ""[\""Single-player\"",\""Partial Controller Support\"",\""Family Sharing\""]"", ""count"": 2755}, {""value"": ""[\""Single-player\"",\""Steam Cloud\"",\""Family Sharing\""]"", ""count"": 2093}, {""value"": ""[\""Single-player\"",\""Tracked Controller Support\"",\""VR Only\"",\""Family Sharing\""]"", ""count"": 1856}, {""value"": ""[\""Single-player\"",\""Steam Achievements\"",\""Partial Controller Support\"",\""Family Sharing\""]"", ""count"": 1740}]"
8484,132207,0,1,fronkon_json,detailed_description,detailed_description,141335,VARCHAR audit view,0.06002759401422153,,not assessed,text_or_serialized_collection,0,0,,,,,,,,,,,
0,83136,8453,0,fronkon_json,developers,developers,141335,VARCHAR audit view,0.0,,not assessed,text_or_serialized_collection,0,0,,,,,,,,,,,"[{""value"": ""[]"", ""count"": 8453}, {""value"": ""[\""EroticGamesClub\""]"", ""count"": 239}, {""value"": ""[\""Choice of Games\""]"", ""count"": 183}, {""value"": ""[\""Bully Revenge Studios\""]"", ""count"": 164}, {""value"": ""[\""Boogygames Studios\""]"", ""count"": 157}, {""value"": ""[\""Laush Dmitriy Sergeevich\""]"", ""count"": 151}, {""value"": ""[\""Cyber Keks\""]"", ""count"": 148}, {""value"": ""[\""Gamesforgames\""]"", ""count"": 142}, {""value"": ""[\""Creobit\""]"", ""count"": 137}, {""value"": ""[\""King Kong\""]"", ""count"": 129}, {""value"": ""[\""Hosted Games\""]"", ""count"": 123}, {""value"": ""[\""KOEI TECMO GAMES CO., LTD.\""]"", ""count"": 117}]"
0,88,0,141335,fronkon_json,discount,discount,141335,VARCHAR audit view,0.0,0,finite numeric >=0 and <= 100,numeric,0,0,,,,,0,0,99510,0.0,100.0,"[0.0, 0.0, 30.0, 70.0, 90.0]",
0,118,0,141335,fronkon_json,dlc_count,dlc_count,141335,VARCHAR audit view,0.0,0,finite numeric >=0,numeric,0,0,,,,,0,0,121204,0.0,3703.0,"[0.0, 0.0, 0.0, 1.0, 6.0]",
0,14,0,0,fronkon_json,estimated_owners,estimated_owners,141335,VARCHAR audit view,0.0,,not assessed,text_or_serialized_collection,0,0,,,,,,,,,,,"[{""value"": ""0 - 20000"", ""count"": 77308}, {""value"": ""0 - 0"", ""count"": 38445}, {""value"": ""20000 - 50000"", ""count"": 11400}, {""value"": ""50000 - 100000"", ""count"": 5359}, {""value"": ""100000 - 200000"", ""count"": 3457}, {""value"": ""200000 - 500000"", ""count"": 2857}, {""value"": ""500000 - 1000000"", ""count"": 1155}, {""value"": ""1000000 - 2000000"", ""count"": 729}, {""value"": ""2000000 - 5000000"", ""count"": 405}, {""value"": ""5000000 - 10000000"", ""count"": 125}, {""value"": ""10000000 - 20000000"", ""count"": 51}, {""value"": ""20000000 - 50000000"", ""count"": 31}]"
0,4210,84276,0,fronkon_json,full_audio_languages,full_audio_languages,141335,VARCHAR audit view,0.0,,not assessed,text_or_serialized_collection,0,0,,,,,,,,,,,
0,3011,8435,0,fronkon_json,genres,genres,141335,VARCHAR audit view,0.0,,not assessed,text_or_serialized_collection,0,0,,,,,,,,,,,"[{""value"": ""[]"", ""count"": 8435}, {""value"": ""[\""Casual\"",\""Indie\""]"", ""count"": 8070}, {""value"": ""[\""Action\"",\""Indie\""]"", ""count"": 6347}, {""value"": ""[\""Action\"",\""Adventure\"",\""Indie\""]"", ""count"": 5722}, {""value"": ""[\""Adventure\"",\""Indie\""]"", ""count"": 4877}, {""value"": ""[\""Adventure\"",\""Casual\"",\""Indie\""]"", ""count"": 4086}, {""value"": ""[\""Casual\""]"", ""count"": 3959}, {""value"": ""[\""Action\"",\""Casual\"",\""Indie\""]"", ""count"": 3922}, {""value"": ""[\""Indie\""]"", ""count"": 3531}, {""value"": ""[\""Action\""]"", ""count"": 3363}, {""value"": ""[\""Casual\"",\""Indie\"",\""Simulation\""]"", ""count"": 2826}, {""value"": ""[\""Casual\"",\""Indie\"",\""Strategy\""]"", ""count"": 2786}]"
86,141139,0,0,fronkon_json,header_image,header_image,141335,VARCHAR audit view,0.0006084833905260551,,not assessed,text_or_serialized_collection,0,0,,,,,,,,,,,
0,2,0,0,fronkon_json,linux,linux,141335,VARCHAR audit view,0.0,0,true/false/0/1 (case-insensitive),boolean_text,0,0,,,,,,,,,,,
0,2,0,0,fronkon_json,mac,mac,141335,VARCHAR audit view,0.0,0,true/false/0/1 (case-insensitive),boolean_text,0,0,,,,,,,,,,,
0,1007,0,141335,fronkon_json,median_playtime_2weeks,median_playtime_2weeks,141335,VARCHAR audit view,0.0,0,finite numeric >=0,numeric,0,0,,,,,0,0,137299,0.0,20088.0,"[0.0, 0.0, 0.0, 0.0, 228.0]",
0,2513,0,141335,fronkon_json,median_playtime_forever,median_playtime_forever,141335,VARCHAR audit view,0.0,0,finite numeric >=0,numeric,0,0,,,,,0,0,115064,0.0,3429544.0,"[0.0, 0.0, 0.0, 185.0, 1424.6600000000035]",
0,73,0,141335,fronkon_json,metacritic_score,metacritic_score,141335,VARCHAR audit view,0.0,0,finite numeric >=0 and <= 100,numeric,0,0,,,,,0,0,137059,0.0,97.0,"[0.0, 0.0, 0.0, 0.0, 79.0]",
137059,4180,0,0,fronkon_json,metacritic_url,metacritic_url,141335,VARCHAR audit view,0.9697456397919836,,not assessed,text_or_serialized_collection,0,0,,,,,,,,,,,
0,1,141335,0,fronkon_json,movies,movies,141335,VARCHAR audit view,0.0,,not assessed,text_or_serialized_collection,0,0,,,,,,,,,,,
5,139909,0,59,fronkon_json,name,name,141335,VARCHAR audit view,3.537694130965437e-05,,not assessed,text_or_serialized_collection,0,0,,,,,,,,,,,
0,2726,0,141335,fronkon_json,negative,negative,141335,VARCHAR audit view,0.0,0,finite numeric >=0,numeric,0,0,,,,,0,0,73887,0.0,1173003.0,"[0.0, 0.0, 7.0, 55.0, 1811.320000000007]",
114474,22516,0,0,fronkon_json,notes,notes,141335,VARCHAR audit view,0.8099479958962748,,not assessed,text_or_serialized_collection,0,0,,,,,,,,,,,
0,113071,28131,0,fronkon_json,packages,packages,141335,VARCHAR audit view,0.0,,not assessed,text_or_serialized_collection,0,0,,,,,,,,,,,
0,1110,0,141335,fronkon_json,peak_ccu,peak_ccu,141335,VARCHAR audit view,0.0,0,finite numeric >=0,numeric,0,0,,,,,0,0,121646,0.0,1013936.0,"[0.0, 0.0, 0.0, 1.0, 179.0]",
0,5542,0,141335,fronkon_json,positive,positive,141335,VARCHAR audit view,0.0,0,finite numeric >=0,numeric,0,0,,,,,0,0,60964,0.0,7642084.0,"[0.0, 2.0, 26.0, 217.0, 11055.260000000038]",
0,1094,0,141335,fronkon_json,price,price,141335,VARCHAR audit view,0.0,0,finite numeric >=0,numeric,0,0,,,,,0,0,28528,0.0,999.99,"[0.69, 2.69, 5.99, 10.49, 29.990000000000002]",
0,74257,8852,0,fronkon_json,publishers,publishers,141335,VARCHAR audit view,0.0,,not assessed,text_or_serialized_collection,0,0,,,,,,,,,,,"[{""value"": ""[]"", ""count"": 8852}, {""value"": ""[\""BFG Entertainment\""]"", ""count"": 554}, {""value"": ""[\""8floor\""]"", ""count"": 268}, {""value"": ""[\""EroticGamesClub\""]"", ""count"": 239}, {""value"": ""[\""Kagura Games\""]"", ""count"": 213}, {""value"": ""[\""Strategy First\""]"", ""count"": 213}, {""value"": ""[\""Conglomerate 5\""]"", ""count"": 197}, {""value"": ""[\""HH-Games\""]"", ""count"": 196}, {""value"": ""[\""Hede\""]"", ""count"": 188}, {""value"": ""[\""Choice of Games\""]"", ""count"": 183}, {""value"": ""[\""Laush Studio\""]"", ""count"": 173}, {""value"": ""[\""Sekai Project\""]"", ""count"": 169}]"
0,5379,0,141335,fronkon_json,recommendations,recommendations,141335,VARCHAR audit view,0.0,0,finite numeric >=0,numeric,0,0,,,,,0,0,119610,0.0,4830455.0,"[0.0, 0.0, 0.0, 240.0, 10547.620000000024]",
0,5332,0,0,fronkon_json,release_date,release_date,141335,VARCHAR audit view,0.0,0,nonmissing date not parsed by documented ISO/English month formats; month-only parsed to first day,date_text,0,0,1997-06-30 00:00:00,2026-12-01 00:00:00,1,0,,,,,,,
0,16,0,141335,fronkon_json,required_age,required_age,141335,VARCHAR audit view,0.0,0,finite numeric >=0,numeric,0,0,,,,,0,0,140004,0.0,21.0,"[0.0, 0.0, 0.0, 0.0, 0.0]","[{""value"": ""0"", ""count"": 140004}, {""value"": ""17"", ""count"": 863}, {""value"": ""13"", ""count"": 185}, {""value"": ""18"", ""count"": 173}, {""value"": ""16"", ""count"": 33}, {""value"": ""10"", ""count"": 28}, {""value"": ""12"", ""count"": 23}, {""value"": ""3"", ""count"": 6}, {""value"": ""7"", ""count"": 5}, {""value"": ""6"", ""count"": 4}, {""value"": ""15"", ""count"": 3}, {""value"": ""21"", ""count"": 3}]"
128748,12379,0,0,fronkon_json,reviews,reviews,141335,VARCHAR audit view,0.9109420879470761,12587,finite numeric >=0,numeric_with_parse_failures,0,0,,,,,12587,0,0,,,,
141295,3,0,40,fronkon_json,score_rank,score_rank,141335,VARCHAR audit view,0.9997169844695227,0,finite numeric >=0,numeric,0,0,,,,,0,0,0,98.0,100.0,"[99.0, 99.0, 100.0, 100.0, 100.0]",
0,135189,6037,0,fronkon_json,screenshots,screenshots,141335,VARCHAR audit view,0.0,,not assessed,text_or_serialized_collection,0,0,,,,,,,,,,,
8333,131563,0,1,fronkon_json,short_description,short_description,141335,VARCHAR audit view,0.05895921038666997,,not assessed,text_or_serialized_collection,0,0,,,,,,,,,,,
24273,71435,0,10,fronkon_json,support_email,support_email,141335,VARCHAR audit view,0.1717408992818481,,not assessed,text_or_serialized_collection,0,0,,,,,,,,,,,
80594,40003,0,2,fronkon_json,support_url,support_url,141335,VARCHAR audit view,0.5702338415820568,,not assessed,text_or_serialized_collection,0,0,,,,,,,,,,,
0,22751,8400,0,fronkon_json,supported_languages,supported_languages,141335,VARCHAR audit view,0.0,,not assessed,text_or_serialized_collection,0,0,,,,,,,,,,,"[{""value"": ""[\""English\""]"", ""count"": 62814}, {""value"": ""[]"", ""count"": 8400}, {""value"": ""[\""Simplified Chinese\""]"", ""count"": 3033}, {""value"": ""[\""English\"",\""Russian\""]"", ""count"": 3004}, {""value"": ""[\""English\"",\""Simplified Chinese\""]"", ""count"": 2689}, {""value"": ""[\""English\"",\""Japanese\""]"", ""count"": 2565}, {""value"": ""[\""Japanese\""]"", ""count"": 1194}, {""value"": ""[\""English\"",\""French\""]"", ""count"": 1148}, {""value"": ""[\""English\"",\""German\""]"", ""count"": 1027}, {""value"": ""[\""English\"",\""Portuguese - Brazil\""]"", ""count"": 972}, {""value"": ""[\""English\"",\""Spanish - Spain\""]"", ""count"": 742}, {""value"": ""[\""English\"",\""Simplified Chinese\"",\""Traditional Chinese\""]"", ""count"": 733}]"
0,80852,57956,0,fronkon_json,tags,tags,141335,VARCHAR audit view,0.0,,not assessed,text_or_serialized_collection,0,0,,,,,,,,,,,"[{""value"": ""[]"", ""count"": 57956}, {""value"": ""{\""Indie\"":21,\""Casual\"":21}"", ""count"": 117}, {""value"": ""{\""Adventure\"":21,\""Casual\"":21,\""Hidden Object\"":6}"", ""count"": 100}, {""value"": ""{\""Action\"":21,\""Indie\"":21,\""Casual\"":21}"", ""count"": 99}, {""value"": ""{\""Action\"":21,\""Indie\"":21}"", ""count"": 97}, {""value"": ""{\""Indie\"":21}"", ""count"": 56}, {""value"": ""{\""Casual\"":31,\""Adventure\"":11,\""Indie\"":11,\""Puzzle\"":11,\""Singleplayer\"":11}"", ""count"": 42}, {""value"": ""{\""Adventure\"":21,\""Casual\"":21,\""Hidden Object\"":5}"", ""count"": 39}, {""value"": ""{\""Action\"":21,\""Adventure\"":21,\""Indie\"":21}"", ""count"": 33}, {""value"": ""{\""Action\"":22,\""Indie\"":22}"", ""count"": 33}, {""value"": ""{\""Action\"":21,\""Indie\"":21,\""Adventure\"":20}"", ""count"": 29}, {""value"": ""{\""Action\"":31,\""Indie\"":31}"", ""count"": 29}]"
0,31,0,141335,fronkon_json,user_score,user_score,141335,VARCHAR audit view,0.0,0,finite numeric >=0,numeric,0,0,,,,,0,0,141295,0.0,100.0,"[0.0, 0.0, 0.0, 0.0, 0.0]",
86615,43708,0,0,fronkon_json,website,website,141335,VARCHAR audit view,0.6128347543071426,,not assessed,text_or_serialized_collection,0,0,,,,,,,,,,,
0,2,0,0,fronkon_json,windows,windows,141335,VARCHAR audit view,0.0,0,true/false/0/1 (case-insensitive),boolean_text,0,0,,,,,,,,,,,
0,125855,0,125855,fronkon_local,app_id,AppID,125855,VARCHAR audit view,0.0,,not assessed,text_or_serialized_collection,0,0,,,,,,,,,,,
4,124643,0,52,fronkon_local,name,Name,125855,VARCHAR audit view,3.1782606968336576e-05,,not assessed,text_or_serialized_collection,0,0,,,,,,,,,,,
0,5141,0,0,fronkon_local,release_date,Release date,125855,VARCHAR audit view,0.0,0,nonmissing date not parsed by documented ISO/English month formats; month-only parsed to first day,date_text,0,0,1997-06-30 00:00:00,2026-12-01 00:00:00,1,0,,,,,,,
0,14,0,0,fronkon_local,estimated_owners,Estimated owners,125855,VARCHAR audit view,0.0,,not assessed,text_or_serialized_collection,0,0,,,,,,,,,,,"[{""value"": ""0 - 20000"", ""count"": 75705}, {""value"": ""0 - 0"", ""count"": 24579}, {""value"": ""20000 - 50000"", ""count"": 11397}, {""value"": ""50000 - 100000"", ""count"": 5355}, {""value"": ""100000 - 200000"", ""count"": 3454}, {""value"": ""200000 - 500000"", ""count"": 2856}, {""value"": ""500000 - 1000000"", ""count"": 1155}, {""value"": ""1000000 - 2000000"", ""count"": 729}, {""value"": ""2000000 - 5000000"", ""count"": 405}, {""value"": ""5000000 - 10000000"", ""count"": 125}, {""value"": ""10000000 - 20000000"", ""count"": 51}, {""value"": ""20000000 - 50000000"", ""count"": 31}]"
0,1110,0,125855,fronkon_local,peak_ccu,Peak CCU,125855,VARCHAR audit view,0.0,0,finite numeric >=0,numeric,0,0,,,,,0,0,106175,0.0,1013936.0,"[0.0, 0.0, 0.0, 2.0, 215.45999999999185]",
0,15,0,125855,fronkon_local,required_age,Required age,125855,VARCHAR audit view,0.0,0,finite numeric >=0,numeric,0,0,,,,,0,0,124567,0.0,21.0,"[0.0, 0.0, 0.0, 0.0, 10.0]","[{""value"": ""0"", ""count"": 124567}, {""value"": ""17"", ""count"": 837}, {""value"": ""13"", ""count"": 177}, {""value"": ""18"", ""count"": 168}, {""value"": ""16"", ""count"": 32}, {""value"": ""10"", ""count"": 27}, {""value"": ""12"", ""count"": 23}, {""value"": ""3"", ""count"": 6}, {""value"": ""7"", ""count"": 5}, {""value"": ""6"", ""count"": 4}, {""value"": ""15"", ""count"": 3}, {""value"": ""1"", ""count"": 2}]"
0,953,0,125855,fronkon_local,price,Price,125855,VARCHAR audit view,0.0,0,finite numeric >=0,numeric,0,0,,,,,0,0,26661,0.0,999.98,"[0.59, 2.39, 5.545, 9.99, 29.989999999999995]",
0,88,0,125855,fronkon_local,discount,Discount,125855,VARCHAR audit view,0.0,0,finite numeric >=0 and <= 100,numeric,0,0,,,,,0,0,85045,0.0,100.0,"[0.0, 0.0, 37.0, 70.0, 90.0]",
0,117,0,125855,fronkon_local,dlc_count,DLC count,125855,VARCHAR audit view,0.0,0,finite numeric >=0,numeric,0,0,,,,,0,0,107823,0.0,3703.0,"[0.0, 0.0, 0.0, 1.0, 7.0]",
8463,116775,0,1,fronkon_local,about_the_game,About the game,125855,VARCHAR audit view,0.06724405069325812,,not assessed,text_or_serialized_collection,0,0,,,,,,,,,,,
0,19614,8391,0,fronkon_local,supported_languages,Supported languages,125855,VARCHAR audit view,0.0,,not assessed,text_or_serialized_collection,0,0,,,,,,,,,,,"[{""value"": ""['English']"", ""count"": 56690}, {""value"": ""[]"", ""count"": 8391}, {""value"": ""['English', 'Russian']"", ""count"": 2789}, {""value"": ""['Simplified Chinese']"", ""count"": 2622}, {""value"": ""['English', 'Simplified Chinese']"", ""count"": 2364}, {""value"": ""['English', 'Japanese']"", ""count"": 2243}, {""value"": ""['Japanese']"", ""count"": 1032}, {""value"": ""['English', 'French']"", ""count"": 1010}, {""value"": ""['English', 'German']"", ""count"": 922}, {""value"": ""['English', 'Portuguese - Brazil']"", ""count"": 885}, {""value"": ""['Simplified Chinese', 'English']"", ""count"": 661}, {""value"": ""['English', 'French', 'Italian', 'German', 'Spanish - Spain']"", ""count"": 654}]"
0,3785,74622,0,fronkon_local,full_audio_languages,Full audio languages,125855,VARCHAR audit view,0.0,,not assessed,text_or_serialized_collection,0,0,,,,,,,,,,,
113674,11987,0,0,fronkon_local,reviews,Reviews,125855,VARCHAR audit view,0.903214016129673,12181,finite numeric >=0,numeric_with_parse_failures,0,0,,,,,12181,0,0,,,,
81,125664,0,0,fronkon_local,header_image,Header image,125855,VARCHAR audit view,0.0006435977911088157,,not assessed,text_or_serialized_collection,0,0,,,,,,,,,,,
75335,40353,0,0,fronkon_local,website,Website,125855,VARCHAR audit view,0.598585673989909,,not assessed,text_or_serialized_collection,0,0,,,,,,,,,,,
70567,36161,0,2,fronkon_local,support_url,Support url,125855,VARCHAR audit view,0.5607008064836518,,not assessed,text_or_serialized_collection,0,0,,,,,,,,,,,
22632,62320,0,10,fronkon_local,support_email,Support email,125855,VARCHAR audit view,0.17982599022684836,,not assessed,text_or_serialized_collection,0,0,,,,,,,,,,,
0,2,0,0,fronkon_local,windows,Windows,125855,VARCHAR audit view,0.0,0,true/false/0/1 (case-insensitive),boolean_text,0,0,,,,,,,,,,,
0,2,0,0,fronkon_local,mac,Mac,125855,VARCHAR audit view,0.0,0,true/false/0/1 (case-insensitive),boolean_text,0,0,,,,,,,,,,,
0,2,0,0,fronkon_local,linux,Linux,125855,VARCHAR audit view,0.0,0,true/false/0/1 (case-insensitive),boolean_text,0,0,,,,,,,,,,,
0,73,0,125855,fronkon_local,metacritic_score,Metacritic score,125855,VARCHAR audit view,0.0,0,finite numeric >=0 and <= 100,numeric,0,0,,,,,0,0,121597,0.0,97.0,"[0.0, 0.0, 0.0, 0.0, 80.0]",
121597,4162,0,0,fronkon_local,metacritic_url,Metacritic url,125855,VARCHAR audit view,0.9661674148822057,,not assessed,text_or_serialized_collection,0,0,,,,,,,,,,,
0,31,0,125855,fronkon_local,user_score,User score,125855,VARCHAR audit view,0.0,0,finite numeric >=0,numeric,0,0,,,,,0,0,125815,0.0,100.0,"[0.0, 0.0, 0.0, 0.0, 0.0]",
0,5541,0,125855,fronkon_local,positive,Positive,125855,VARCHAR audit view,0.0,0,finite numeric >=0,numeric,0,0,,,,,0,0,45509,0.0,7642084.0,"[0.0, 4.0, 35.0, 276.0, 12869.519999999902]",
0,2726,0,125855,fronkon_local,negative,Negative,125855,VARCHAR audit view,0.0,0,finite numeric >=0,numeric,0,0,,,,,0,0,58432,0.0,1173003.0,"[0.0, 1.0, 10.0, 68.0, 2068.0]",
125815,3,0,40,fronkon_local,score_rank,Score rank,125855,VARCHAR audit view,0.9996821739303167,0,finite numeric >=0,numeric,0,0,,,,,0,0,0,98.0,100.0,"[99.0, 99.0, 100.0, 100.0, 100.0]",
0,449,0,125855,fronkon_local,achievements,Achievements,125855,VARCHAR audit view,0.0,0,finite numeric >=0,numeric,0,0,,,,,0,0,61132,0.0,9821.0,"[0.0, 2.0, 19.0, 38.0, 100.0]",
0,5340,0,125855,fronkon_local,recommendations,Recommendations,125855,VARCHAR audit view,0.0,0,finite numeric >=0,numeric,0,0,,,,,0,0,104841,0.0,4830455.0,"[0.0, 0.0, 0.0, 290.0, 12066.679999999935]",
102545,19332,0,0,fronkon_local,notes,Notes,125855,VARCHAR audit view,0.8147868578920185,,not assessed,text_or_serialized_collection,0,0,,,,,,,,,,,
0,3037,0,125855,fronkon_local,average_playtime_forever,Average playtime forever,125855,VARCHAR audit view,0.0,0,finite numeric >=0,numeric,0,0,,,,,0,0,99682,0.0,3429544.0,"[0.0, 0.0, 0.0, 227.0, 2221.0]",
0,995,0,125855,fronkon_local,average_playtime_2weeks,Average playtime two weeks,125855,VARCHAR audit view,0.0,0,finite numeric >=0,numeric,0,0,,,,,0,0,121907,0.0,20088.0,"[0.0, 0.0, 0.0, 0.0, 261.0]",
0,2512,0,125855,fronkon_local,median_playtime_forever,Median playtime forever,125855,VARCHAR audit view,0.0,0,finite numeric >=0,numeric,0,0,,,,,0,0,99682,0.0,3429544.0,"[0.0, 0.0, 0.0, 213.0, 1562.4599999999919]",
0,999,0,125855,fronkon_local,median_playtime_2weeks,Median playtime two weeks,125855,VARCHAR audit view,0.0,0,finite numeric >=0,numeric,0,0,,,,,0,0,121907,0.0,20088.0,"[0.0, 0.0, 0.0, 0.0, 253.0]",
8452,72859,0,21,fronkon_local,developers,Developers,125855,VARCHAR audit view,0.06715664852409518,,not assessed,text_or_serialized_collection,0,0,,,,,,,,,,,"[{""value"": ""EroticGamesClub"", ""count"": 232}, {""value"": ""Choice of Games"", ""count"": 180}, {""value"": ""Boogygames Studios"", ""count"": 157}, {""value"": ""Laush Dmitriy Sergeevich"", ""count"": 150}, {""value"": ""Bully Revenge Studios"", ""count"": 149}, {""value"": ""Creobit"", ""count"": 137}, {""value"": ""Cyber Keks"", ""count"": 125}, {""value"": ""Gamesforgames"", ""count"": 124}, {""value"": ""Hosted Games"", ""count"": 119}, {""value"": ""KOEI TECMO GAMES CO., LTD."", ""count"": 114}, {""value"": ""Do Games Limited"", ""count"": 102}, {""value"": ""King Kong"", ""count"": 101}]"
8928,64607,0,17,fronkon_local,publishers,Publishers,125855,VARCHAR audit view,0.07093877875332724,,not assessed,text_or_serialized_collection,0,0,,,,,,,,,,,"[{""value"": ""BFG Entertainment"", ""count"": 554}, {""value"": ""8floor"", ""count"": 268}, {""value"": ""EroticGamesClub"", ""count"": 232}, {""value"": ""Strategy First"", ""count"": 209}, {""value"": ""Conglomerate 5"", ""count"": 197}, {""value"": ""Kagura Games"", ""count"": 196}, {""value"": ""Hede"", ""count"": 188}, {""value"": ""HH-Games"", ""count"": 186}, {""value"": ""Choice of Games"", ""count"": 180}, {""value"": ""Laush Studio"", ""count"": 172}, {""value"": ""Sekai Project"", ""count"": 166}, {""value"": ""Boogygames Studios"", ""count"": 157}]"
8966,14058,0,0,fronkon_local,categories,Categories,125855,VARCHAR audit view,0.07124071351952643,,not assessed,text_or_serialized_collection,0,0,,,,,,,,,,,"[{""value"": ""Single-player,Family Sharing"", ""count"": 23878}, {""value"": ""Single-player,Steam Achievements,Family Sharing"", ""count"": 10091}, {""value"": ""Single-player"", ""count"": 4553}, {""value"": ""Single-player,Steam Achievements,Steam Cloud,Family Sharing"", ""count"": 4291}, {""value"": ""Single-player,Steam Achievements,Full controller support,Steam Cloud,Family Sharing"", ""count"": 3200}, {""value"": ""Single-player,Steam Achievements,Full controller support,Family Sharing"", ""count"": 3058}, {""value"": ""Single-player,Full controller support,Family Sharing"", ""count"": 2992}, {""value"": ""Single-player,Partial Controller Support,Family Sharing"", ""count"": 2661}, {""value"": ""Single-player,Steam Cloud,Family Sharing"", ""count"": 1867}, {""value"": ""Single-player,Tracked Controller Support,VR Only,Family Sharing"", ""count"": 1846}, {""value"": ""Single-player,Steam Achievements,Partial Controller Support,Family Sharing"", ""count"": 1693}, {""value"": ""Single-player,Steam Achievements"", ""count"": 1281}]"
8423,2922,0,0,fronkon_local,genres,Genres,125855,VARCHAR audit view,0.06692622462357475,,not assessed,text_or_serialized_collection,0,0,,,,,,,,,,,"[{""value"": ""Casual,Indie"", ""count"": 6912}, {""value"": ""Action,Indie"", ""count"": 5802}, {""value"": ""Action,Adventure,Indie"", ""count"": 5259}, {""value"": ""Adventure,Indie"", ""count"": 4422}, {""value"": ""Adventure,Casual,Indie"", ""count"": 3691}, {""value"": ""Action,Casual,Indie"", ""count"": 3484}, {""value"": ""Casual"", ""count"": 3448}, {""value"": ""Indie"", ""count"": 3175}, {""value"": ""Action"", ""count"": 3037}, {""value"": ""Casual,Indie,Strategy"", ""count"": 2327}, {""value"": ""Casual,Indie,Simulation"", ""count"": 2277}, {""value"": ""Adventure"", ""count"": 2190}]"
42502,77184,0,0,fronkon_local,tags,Tags,125855,VARCHAR audit view,0.3377060903420603,,not assessed,text_or_serialized_collection,0,0,,,,,,,,,,,"[{""value"": ""Adventure,Casual,Hidden Object"", ""count"": 273}, {""value"": ""Action,Indie"", ""count"": 249}, {""value"": ""Indie,Casual"", ""count"": 236}, {""value"": ""Action,Indie,Casual"", ""count"": 207}, {""value"": ""Indie"", ""count"": 110}, {""value"": ""Action,Indie,Adventure"", ""count"": 97}, {""value"": ""Action,Adventure,Indie"", ""count"": 80}, {""value"": ""Casual"", ""count"": 66}, {""value"": ""Casual,Indie"", ""count"": 64}, {""value"": ""Utilities"", ""count"": 64}, {""value"": ""Adventure,Indie,Casual"", ""count"": 59}, {""value"": ""Indie,Casual,Puzzle"", ""count"": 57}]"
6027,119718,0,0,fronkon_local,screenshots,Screenshots,125855,VARCHAR audit view,0.04788844304954114,,not assessed,text_or_serialized_collection,0,0,,,,,,,,,,,
125855,0,0,0,fronkon_local,movies,Movies,125855,VARCHAR audit view,1.0,,not assessed,empty,0,0,,,,,,,,,,,
7,2177942,0,300,google_all,app_name,App Name,2312944,VARCHAR audit view,3.0264459494047412e-06,,not assessed,text_or_serialized_collection,0,0,,,,,,,,,,,
0,2312944,0,0,google_all,app_id,App Id,2312944,VARCHAR audit view,0.0,,not assessed,text_or_serialized_collection,0,0,,,,,,,,,,,
0,48,0,0,google_all,category,Category,2312944,VARCHAR audit view,0.0,,not assessed,text_or_serialized_collection,0,0,,,,,,,,,,,"[{""value"": ""Education"", ""count"": 241090}, {""value"": ""Music & Audio"", ""count"": 154906}, {""value"": ""Tools"", ""count"": 143988}, {""value"": ""Business"", ""count"": 143771}, {""value"": ""Entertainment"", ""count"": 138276}, {""value"": ""Lifestyle"", ""count"": 118331}, {""value"": ""Books & Reference"", ""count"": 116728}, {""value"": ""Personalization"", ""count"": 89210}, {""value"": ""Health & Fitness"", ""count"": 83510}, {""value"": ""Productivity"", ""count"": 79698}, {""value"": ""Shopping"", ""count"": 75256}, {""value"": ""Food & Drink"", ""count"": 73927}]"
22883,42,0,2290061,google_all,rating,Rating,2312944,VARCHAR audit view,0.0098934518086041,0,finite numeric >=0 and <= 5,numeric,0,0,,,,,0,0,1059762,0.0,5.0,"[0.0, 2.9, 4.3, 4.7, 5.0]","[{""value"": ""0.0"", ""count"": 1059762}, {""value"": ""5.0"", ""count"": 100122}, {""value"": ""4.2"", ""count"": 87993}, {""value"": ""4.4"", ""count"": 86304}, {""value"": ""4.3"", ""count"": 83276}, {""value"": ""4.6"", ""count"": 78302}, {""value"": ""4.5"", ""count"": 76753}, {""value"": ""4.1"", ""count"": 69723}, {""value"": ""4.0"", ""count"": 67342}, {""value"": ""4.7"", ""count"": 62205}, {""value"": ""4.8"", ""count"": 61109}, {""value"": ""3.9"", ""count"": 55684}]"
22883,38482,0,2290061,google_all,rating_count,Rating Count,2312944,VARCHAR audit view,0.0098934518086041,0,finite numeric >=0,numeric,0,0,,,,,0,0,1059762,0.0,138557570.0,"[0.0, 6.0, 42.0, 337.0, 21505.0]",
107,22,0,0,google_all,installs,Installs,2312944,VARCHAR audit view,4.626138808375819e-05,,not assessed,text_or_serialized_collection,0,0,,,,,,,,,,,"[{""value"": ""100+"", ""count"": 443368}, {""value"": ""1,000+"", ""count"": 398199}, {""value"": ""10+"", ""count"": 300156}, {""value"": ""10,000+"", ""count"": 256723}, {""value"": ""500+"", ""count"": 189077}, {""value"": ""50+"", ""count"": 170465}, {""value"": ""5,000+"", ""count"": 143593}, {""value"": ""100,000+"", ""count"": 110257}, {""value"": ""50,000+"", ""count"": 75359}, {""value"": ""5+"", ""count"": 73772}, {""value"": ""1+"", ""count"": 65345}, {""value"": ""1,000,000+"", ""count"": 33650}]"
107,22,0,2312837,google_all,minimum_installs,Minimum Installs,2312944,VARCHAR audit view,4.626138808375819e-05,0,finite numeric >=0,numeric,0,0,,,,,0,0,11566,0.0,10000000000.0,"[50.0, 500.0, 5000.0, 50000.0, 1000000.0]",
0,251563,0,2312944,google_all,maximum_installs,Maximum Installs,2312944,VARCHAR audit view,0.0,0,finite numeric >=0,numeric,0,0,,,,,0,0,11589,0.0,12057627016.0,"[84.0, 695.0, 7354.0, 63988.0, 2764716.759999972]",
0,2,0,0,google_all,free,Free,2312944,VARCHAR audit view,0.0,0,true/false/0/1 (case-insensitive),boolean_text,0,0,,,,,,,,,,,"[{""value"": ""True"", ""count"": 2267876}, {""value"": ""False"", ""count"": 45068}]"
0,1063,0,2312944,google_all,price,Price,2312944,VARCHAR audit view,0.0,0,finite numeric >=0,numeric,0,0,,,,,0,0,2268011,0.0,400.0,"[0.0, 0.0, 0.0, 0.0, 1.99]",
135,15,0,0,google_all,currency,Currency,2312944,VARCHAR audit view,5.836717188137715e-05,,not assessed,text_or_serialized_collection,0,0,,,,,,,,,,,"[{""value"": ""USD"", ""count"": 2311548}, {""value"": ""XXX"", ""count"": 1236}, {""value"": ""EUR"", ""count"": 6}, {""value"": ""INR"", ""count"": 5}, {""value"": ""GBP"", ""count"": 3}, {""value"": ""CAD"", ""count"": 2}, {""value"": ""AUD"", ""count"": 1}, {""value"": ""BRL"", ""count"": 1}, {""value"": ""KRW"", ""count"": 1}, {""value"": ""PKR"", ""count"": 1}, {""value"": ""RUB"", ""count"": 1}, {""value"": ""SGD"", ""count"": 1}]"
196,1657,0,0,google_all,size,Size,2312944,VARCHAR audit view,8.474048658333275e-05,,not assessed,text_or_serialized_collection,0,0,,,,,,,,,,,
6530,154,0,13,google_all,minimum_android,Minimum Android,2312944,VARCHAR audit view,0.0028232417213732803,,not assessed,text_or_serialized_collection,0,0,,,,,,,,,,,
33,758371,0,340,google_all,developer_id,Developer Id,2312944,VARCHAR audit view,1.4267530904336638e-05,,not assessed,text_or_serialized_collection,0,0,,,,,,,,,,,
760835,810440,0,0,google_all,developer_website,Developer Website,2312944,VARCHAR audit view,0.32894657198790805,,not assessed,text_or_serialized_collection,0,0,,,,,,,,,,,
31,950456,0,0,google_all,developer_email,Developer Email,2312944,VARCHAR audit view,1.340283206164957e-05,,not assessed,text_or_serialized_collection,0,0,,,,,,,,,,,
71053,4158,0,0,google_all,released,Released,2312944,VARCHAR audit view,0.030719723434722155,0,nonmissing date not parsed by documented ISO/English month formats; month-only parsed to first day,date_text,0,0,2010-01-28 00:00:00,2021-06-16 00:00:00,0,0,,,,,,,
0,3918,0,0,google_all,last_updated,Last Updated,2312944,VARCHAR audit view,0.0,0,nonmissing date not parsed by documented ISO/English month formats; month-only parsed to first day,date_text,0,0,2009-02-09 00:00:00,2021-06-16 00:00:00,0,0,,,,,,,
0,6,0,0,google_all,content_rating,Content Rating,2312944,VARCHAR audit view,0.0,,not assessed,text_or_serialized_collection,0,0,,,,,,,,,,,"[{""value"": ""Everyone"", ""count"": 2022089}, {""value"": ""Teen"", ""count"": 196375}, {""value"": ""Mature 17+"", ""count"": 60289}, {""value"": ""Everyone 10+"", ""count"": 33901}, {""value"": ""Unrated"", ""count"": 154}, {""value"": ""Adults only 18+"", ""count"": 136}]"
420953,977743,0,0,google_all,privacy_policy,Privacy Policy,2312944,VARCHAR audit view,0.18199878596282487,,not assessed,text_or_serialized_collection,0,0,,,,,,,,,,,
0,2,0,0,google_all,ad_supported,Ad Supported,2312944,VARCHAR audit view,0.0,0,true/false/0/1 (case-insensitive),boolean_text,0,0,,,,,,,,,,,"[{""value"": ""False"", ""count"": 1162170}, {""value"": ""True"", ""count"": 1150774}]"
0,2,0,0,google_all,in_app_purchases,In App Purchases,2312944,VARCHAR audit view,0.0,0,true/false/0/1 (case-insensitive),boolean_text,0,0,,,,,,,,,,,"[{""value"": ""False"", ""count"": 2117635}, {""value"": ""True"", ""count"": 195309}]"
0,2,0,0,google_all,editors_choice,Editors Choice,2312944,VARCHAR audit view,0.0,0,true/false/0/1 (case-insensitive),boolean_text,0,0,,,,,,,,,,,
0,67374,0,0,google_all,scraped_time,Scraped Time,2312944,VARCHAR audit view,0.0,0,nonmissing date not parsed by documented ISO/English month formats; month-only parsed to first day,date_text,0,0,2021-06-15 20:19:35,2021-06-16 15:10:42,0,0,,,,,,,
2,308863,0,206,google_games,app_name,app_name,328513,VARCHAR audit view,6.088039133915553e-06,,not assessed,text_or_serialized_collection,0,0,,,,,,,,,,,
0,328513,0,0,google_games,app_id,app_id,328513,VARCHAR audit view,0.0,,not assessed,text_or_serialized_collection,0,0,,,,,,,,,,,
0,16,0,0,google_games,category,category,328513,VARCHAR audit view,0.0,,not assessed,text_or_serialized_collection,0,0,,,,,,,,,,,"[{""value"": ""Arcade"", ""count"": 53792}, {""value"": ""Puzzle"", ""count"": 51168}, {""value"": ""Casual"", ""count"": 50813}, {""value"": ""Action"", ""count"": 27555}, {""value"": ""Simulation"", ""count"": 23282}, {""value"": ""Adventure"", ""count"": 23203}, {""value"": ""Educational"", ""count"": 21308}, {""value"": ""Trivia"", ""count"": 11795}, {""value"": ""Board"", ""count"": 10588}, {""value"": ""Racing"", ""count"": 10362}, {""value"": ""Role Playing"", ""count"": 10034}, {""value"": ""Word"", ""count"": 8630}]"
6930,42,0,321583,google_games,rating,rating,328513,VARCHAR audit view,0.02109505559901739,0,finite numeric >=0 and <= 5,numeric,0,0,,,,,0,0,110027,0.0,5.0,"[0.0, 3.7, 4.3, 4.7, 5.0]","[{""value"": ""0.0"", ""count"": 110027}, {""value"": ""5.0"", ""count"": 16635}, {""value"": ""4.2"", ""count"": 16031}, {""value"": ""4.3"", ""count"": 14800}, {""value"": ""4.1"", ""count"": 14185}, {""value"": ""4.0"", ""count"": 14136}, {""value"": ""4.4"", ""count"": 14061}, {""value"": ""3.9"", ""count"": 12327}, {""value"": ""3.8"", ""count"": 11806}, {""value"": ""4.5"", ""count"": 11484}, {""value"": ""4.6"", ""count"": 10809}, {""value"": ""3.7"", ""count"": 9393}]"
6930,22200,0,321583,google_games,rating_count,rating_count,328513,VARCHAR audit view,0.02109505559901739,0,finite numeric >=0,numeric,0,0,,,,,0,0,110027,0.0,89177097.0,"[0.0, 13.0, 139.0, 2051.0, 106511.7799999995]",
81,20,0,0,google_games,installs,installs,328513,VARCHAR audit view,0.00024656558492357986,,not assessed,text_or_serialized_collection,0,0,,,,,,,,,,,"[{""value"": ""100+"", ""count"": 50962}, {""value"": ""1,000+"", ""count"": 48654}, {""value"": ""10+"", ""count"": 43023}, {""value"": ""10,000+"", ""count"": 38386}, {""value"": ""100,000+"", ""count"": 25395}, {""value"": ""50+"", ""count"": 21685}, {""value"": ""500+"", ""count"": 21135}, {""value"": ""5,000+"", ""count"": 19314}, {""value"": ""50,000+"", ""count"": 13551}, {""value"": ""1,000,000+"", ""count"": 12337}, {""value"": ""5+"", ""count"": 10430}, {""value"": ""500,000+"", ""count"": 8379}]"
81,20,0,328432,google_games,minimum_installs,minimum_installs,328513,VARCHAR audit view,0.00024656558492357986,0,finite numeric >=0,numeric,0,0,,,,,0,0,984,0.0,1000000000.0,"[50.0, 1000.0, 10000.0, 100000.0, 10000000.0]",
0,95528,0,328513,google_games,maximum_installs,maximum_installs,328513,VARCHAR audit view,0.0,0,finite numeric >=0,numeric,0,0,,,,,0,0,999,0.0,1704495994.0,"[93.0, 1297.0, 24035.0, 327443.79999999993, 10616595.72000002]",
0,2,0,0,google_games,free,free,328513,VARCHAR audit view,0.0,0,true/false/0/1 (case-insensitive),boolean_text,0,0,,,,,,,,,,,"[{""value"": ""True"", ""count"": 319910}, {""value"": ""False"", ""count"": 8603}]"
0,262,0,328513,google_games,price,price,328513,VARCHAR audit view,0.0,0,finite numeric >=0,numeric,0,0,,,,,0,0,319997,0.0,399.99,"[0.0, 0.0, 0.0, 0.0, 2.99]",
87,10,0,0,google_games,currency,currency,328513,VARCHAR audit view,0.00026482970232532654,,not assessed,text_or_serialized_collection,0,0,,,,,,,,,,,"[{""value"": ""USD"", ""count"": 328208}, {""value"": ""XXX"", ""count"": 207}, {""value"": ""EUR"", ""count"": 3}, {""value"": ""CAD"", ""count"": 2}, {""value"": ""AUD"", ""count"": 1}, {""value"": ""BRL"", ""count"": 1}, {""value"": ""GBP"", ""count"": 1}, {""value"": ""INR"", ""count"": 1}, {""value"": ""PKR"", ""count"": 1}, {""value"": ""VND"", ""count"": 1}]"
55,1321,0,0,google_games,size,size,328513,VARCHAR audit view,0.00016742107618267772,,not assessed,text_or_serialized_collection,0,0,,,,,,,,,,,
1263,48,0,0,google_games,minimum_android,minimum_android,328513,VARCHAR audit view,0.003844596713067672,,not assessed,text_or_serialized_collection,0,0,,,,,,,,,,,
0,134969,0,22,google_games,developer_id,developer_id,328513,VARCHAR audit view,0.0,,not assessed,text_or_serialized_collection,0,0,,,,,,,,,,,
132780,94061,0,0,google_games,developer_website,developer_website,328513,VARCHAR audit view,0.40418491810065355,,not assessed,text_or_serialized_collection,0,0,,,,,,,,,,,
5,152429,0,0,google_games,developer_email,developer_email,328513,VARCHAR audit view,1.5220097834788881e-05,,not assessed,text_or_serialized_collection,0,0,,,,,,,,,,,
10213,4038,0,0,google_games,released,released,328513,VARCHAR audit view,0.03108857183733977,0,nonmissing date not parsed by documented ISO/English month formats; month-only parsed to first day,date_text,0,0,2010-01-29 00:00:00,2021-06-15 00:00:00,0,0,,,,,,,
0,3371,0,0,google_games,last_updated,last_updated,328513,VARCHAR audit view,0.0,0,nonmissing date not parsed by documented ISO/English month formats; month-only parsed to first day,date_text,0,0,2009-02-09 00:00:00,2021-06-16 00:00:00,0,0,,,,,,,
0,6,0,0,google_games,content_rating,content_rating,328513,VARCHAR audit view,0.0,,not assessed,text_or_serialized_collection,0,0,,,,,,,,,,,"[{""value"": ""Everyone"", ""count"": 265053}, {""value"": ""Teen"", ""count"": 41666}, {""value"": ""Everyone 10+"", ""count"": 15788}, {""value"": ""Mature 17+"", ""count"": 5954}, {""value"": ""Unrated"", ""count"": 33}, {""value"": ""Adults only 18+"", ""count"": 19}]"
82931,123520,0,0,google_games,privacy_policy,privacy_policy,328513,VARCHAR audit view,0.2524435867073754,,not assessed,text_or_serialized_collection,0,0,,,,,,,,,,,
0,2,0,0,google_games,ad_supported,ad_supported,328513,VARCHAR audit view,0.0,0,true/false/0/1 (case-insensitive),boolean_text,0,0,,,,,,,,,,,"[{""value"": ""True"", ""count"": 255696}, {""value"": ""False"", ""count"": 72817}]"
0,2,0,0,google_games,in_app_purchases,in_app_purchases,328513,VARCHAR audit view,0.0,0,true/false/0/1 (case-insensitive),boolean_text,0,0,,,,,,,,,,,"[{""value"": ""False"", ""count"": 247173}, {""value"": ""True"", ""count"": 81340}]"
0,2,0,0,google_games,editors_choice,editors_choice,328513,VARCHAR audit view,0.0,0,true/false/0/1 (case-insensitive),boolean_text,0,0,,,,,,,,,,,
0,66200,0,0,google_games,scraped_time,scraped_time,328513,VARCHAR audit view,0.0,0,nonmissing date not parsed by documented ISO/English month formats; month-only parsed to first day,date_text,0,0,2021-06-15 20:19:35,2021-06-16 15:10:42,0,0,,,,,,,
0,46663,0,3,google_sports_ambiguous,app_name,app_name,47483,VARCHAR audit view,0.0,,not assessed,text_or_serialized_collection,0,0,,,,,,,,,,,
0,47483,0,0,google_sports_ambiguous,app_id,app_id,47483,VARCHAR audit view,0.0,,not assessed,text_or_serialized_collection,0,0,,,,,,,,,,,
0,1,0,0,google_sports_ambiguous,category,category,47483,VARCHAR audit view,0.0,,not assessed,text_or_serialized_collection,0,0,,,,,,,,,,,"[{""value"": ""Sports"", ""count"": 47483}]"
431,42,0,47052,google_sports_ambiguous,rating,rating,47483,VARCHAR audit view,0.009076932797001032,0,finite numeric >=0 and <= 5,numeric,0,0,,,,,0,0,20259,0.0,5.0,"[0.0, 3.3, 4.3, 4.7, 5.0]","[{""value"": ""0.0"", ""count"": 20259}, {""value"": ""4.3"", ""count"": 1925}, {""value"": ""4.2"", ""count"": 1894}, {""value"": ""4.4"", ""count"": 1865}, {""value"": ""5.0"", ""count"": 1758}, {""value"": ""4.1"", ""count"": 1619}, {""value"": ""4.5"", ""count"": 1597}, {""value"": ""4.0"", ""count"": 1571}, {""value"": ""4.6"", ""count"": 1559}, {""value"": ""4.7"", ""count"": 1286}, {""value"": ""3.9"", ""count"": 1277}, {""value"": ""4.8"", ""count"": 1214}]"
431,3825,0,47052,google_sports_ambiguous,rating_count,rating_count,47483,VARCHAR audit view,0.009076932797001032,0,finite numeric >=0,numeric,0,0,,,,,0,0,20259,0.0,21754025.0,"[0.0, 7.0, 56.0, 483.90000000000146, 43131.93999999999]",
4,19,0,0,google_sports_ambiguous,installs,installs,47483,VARCHAR audit view,8.42406756102184e-05,,not assessed,text_or_serialized_collection,0,0,,,,,,,,,,,"[{""value"": ""100+"", ""count"": 9739}, {""value"": ""1,000+"", ""count"": 8834}, {""value"": ""10,000+"", ""count"": 5657}, {""value"": ""10+"", ""count"": 4720}, {""value"": ""500+"", ""count"": 4286}, {""value"": ""50+"", ""count"": 3163}, {""value"": ""5,000+"", ""count"": 3089}, {""value"": ""100,000+"", ""count"": 2352}, {""value"": ""50,000+"", ""count"": 1595}, {""value"": ""5+"", ""count"": 1051}, {""value"": ""1+"", ""count"": 998}, {""value"": ""1,000,000+"", ""count"": 795}]"
4,19,0,47479,google_sports_ambiguous,minimum_installs,minimum_installs,47483,VARCHAR audit view,8.42406756102184e-05,0,finite numeric >=0,numeric,0,0,,,,,0,0,151,0.0,500000000.0,"[100.0, 500.0, 5000.0, 50000.0, 1000000.0]",
0,17502,0,47483,google_sports_ambiguous,maximum_installs,maximum_installs,47483,VARCHAR audit view,0.0,0,finite numeric >=0,numeric,0,0,,,,,0,0,152,0.0,747308036.0,"[137.0, 936.0, 9038.0, 77425.00000000012, 4664805.140000004]",
0,2,0,0,google_sports_ambiguous,free,free,47483,VARCHAR audit view,0.0,0,true/false/0/1 (case-insensitive),boolean_text,0,0,,,,,,,,,,,"[{""value"": ""True"", ""count"": 46127}, {""value"": ""False"", ""count"": 1356}]"
0,139,0,47483,google_sports_ambiguous,price,price,47483,VARCHAR audit view,0.0,0,finite numeric >=0,numeric,0,0,,,,,0,0,46132,0.0,338.99,"[0.0, 0.0, 0.0, 0.0, 4.49]",
5,2,0,0,google_sports_ambiguous,currency,currency,47483,VARCHAR audit view,0.000105300844512773,,not assessed,text_or_serialized_collection,0,0,,,,,,,,,,,"[{""value"": ""USD"", ""count"": 47456}, {""value"": ""XXX"", ""count"": 22}]"
5,773,0,0,google_sports_ambiguous,size,size,47483,VARCHAR audit view,0.000105300844512773,,not assessed,text_or_serialized_collection,0,0,,,,,,,,,,,
139,35,0,0,google_sports_ambiguous,minimum_android,minimum_android,47483,VARCHAR audit view,0.002927363477455089,,not assessed,text_or_serialized_collection,0,0,,,,,,,,,,,
0,26297,0,2,google_sports_ambiguous,developer_id,developer_id,47483,VARCHAR audit view,0.0,,not assessed,text_or_serialized_collection,0,0,,,,,,,,,,,
12317,22808,0,0,google_sports_ambiguous,developer_website,developer_website,47483,VARCHAR audit view,0.259398100372765,,not assessed,text_or_serialized_collection,0,0,,,,,,,,,,,
0,28957,0,0,google_sports_ambiguous,developer_email,developer_email,47483,VARCHAR audit view,0.0,,not assessed,text_or_serialized_collection,0,0,,,,,,,,,,,
1669,3759,0,0,google_sports_ambiguous,released,released,47483,VARCHAR audit view,0.03514942189836363,0,nonmissing date not parsed by documented ISO/English month formats; month-only parsed to first day,date_text,0,0,2010-01-29 00:00:00,2021-06-14 00:00:00,0,0,,,,,,,
0,2718,0,0,google_sports_ambiguous,last_updated,last_updated,47483,VARCHAR audit view,0.0,0,nonmissing date not parsed by documented ISO/English month formats; month-only parsed to first day,date_text,0,0,2010-01-17 00:00:00,2021-06-16 00:00:00,0,0,,,,,,,
0,6,0,0,google_sports_ambiguous,content_rating,content_rating,47483,VARCHAR audit view,0.0,,not assessed,text_or_serialized_collection,0,0,,,,,,,,,,,"[{""value"": ""Everyone"", ""count"": 42439}, {""value"": ""Teen"", ""count"": 3433}, {""value"": ""Mature 17+"", ""count"": 873}, {""value"": ""Everyone 10+"", ""count"": 696}, {""value"": ""Adults only 18+"", ""count"": 29}, {""value"": ""Unrated"", ""count"": 13}]"
8645,25213,0,0,google_sports_ambiguous,privacy_policy,privacy_policy,47483,VARCHAR audit view,0.1820651601625845,,not assessed,text_or_serialized_collection,0,0,,,,,,,,,,,
0,2,0,0,google_sports_ambiguous,ad_supported,ad_supported,47483,VARCHAR audit view,0.0,0,true/false/0/1 (case-insensitive),boolean_text,0,0,,,,,,,,,,,"[{""value"": ""False"", ""count"": 24255}, {""value"": ""True"", ""count"": 23228}]"
0,2,0,0,google_sports_ambiguous,in_app_purchases,in_app_purchases,47483,VARCHAR audit view,0.0,0,true/false/0/1 (case-insensitive),boolean_text,0,0,,,,,,,,,,,"[{""value"": ""False"", ""count"": 41167}, {""value"": ""True"", ""count"": 6316}]"
0,2,0,0,google_sports_ambiguous,editors_choice,editors_choice,47483,VARCHAR audit view,0.0,0,true/false/0/1 (case-insensitive),boolean_text,0,0,,,,,,,,,,,
0,33707,0,0,google_sports_ambiguous,scraped_time,scraped_time,47483,VARCHAR audit view,0.0,0,nonmissing date not parsed by documented ISO/English month formats; month-only parsed to first day,date_text,0,0,2021-06-15 20:19:38,2021-06-16 15:10:39,0,0,,,,,,,
0,27075,0,27075,nik_steam,app_id,appid,27075,VARCHAR audit view,0.0,,not assessed,text_or_serialized_collection,0,0,,,,,,,,,,,
0,27033,0,19,nik_steam,name,name,27075,VARCHAR audit view,0.0,,not assessed,text_or_serialized_collection,0,0,,,,,,,,,,,
0,2619,0,0,nik_steam,release_date,release_date,27075,VARCHAR audit view,0.0,0,nonmissing date not parsed by documented ISO/English month formats; month-only parsed to first day,date_text,0,0,1997-06-30 00:00:00,2019-05-01 00:00:00,0,0,,,,,,,
0,2,0,27075,nik_steam,english,english,27075,VARCHAR audit view,0.0,0,finite numeric >=0,numeric,0,0,,,,,0,0,511,0.0,1.0,"[1.0, 1.0, 1.0, 1.0, 1.0]",
1,17112,0,7,nik_steam,developer,developer,27075,VARCHAR audit view,3.6934441366574334e-05,,not assessed,text_or_serialized_collection,0,0,,,,,,,,,,,
23,14351,0,3,nik_steam,publisher,publisher,27075,VARCHAR audit view,0.0008494921514312096,,not assessed,text_or_serialized_collection,0,0,,,,,,,,,,,
0,7,0,0,nik_steam,platforms,platforms,27075,VARCHAR audit view,0.0,,not assessed,text_or_serialized_collection,0,0,,,,,,,,,,,
0,6,0,27075,nik_steam,required_age,required_age,27075,VARCHAR audit view,0.0,0,finite numeric >=0,numeric,0,0,,,,,0,0,26479,0.0,18.0,"[0.0, 0.0, 0.0, 0.0, 18.0]","[{""value"": ""0"", ""count"": 26479}, {""value"": ""18"", ""count"": 308}, {""value"": ""16"", ""count"": 192}, {""value"": ""12"", ""count"": 73}, {""value"": ""7"", ""count"": 12}, {""value"": ""3"", ""count"": 11}]"
0,3333,0,0,nik_steam,categories,categories,27075,VARCHAR audit view,0.0,,not assessed,text_or_serialized_collection,0,0,,,,,,,,,,,"[{""value"": ""Single-player"", ""count"": 6110}, {""value"": ""Single-player;Steam Achievements"", ""count"": 2334}, {""value"": ""Single-player;Steam Achievements;Steam Trading Cards"", ""count"": 848}, {""value"": ""Single-player;Partial Controller Support"", ""count"": 804}, {""value"": ""Single-player;Steam Trading Cards"", ""count"": 792}, {""value"": ""Single-player;Steam Achievements;Steam Cloud"", ""count"": 653}, {""value"": ""Single-player;Steam Achievements;Steam Trading Cards;Steam Cloud"", ""count"": 652}, {""value"": ""Single-player;Steam Achievements;Full controller support;Steam Trading Cards;Steam Cloud"", ""count"": 585}, {""value"": ""Single-player;Full controller support"", ""count"": 562}, {""value"": ""Single-player;Steam Achievements;Full controller support"", ""count"": 477}, {""value"": ""Single-player;Steam Achievements;Partial Controller Support"", ""count"": 441}, {""value"": ""Single-player;Steam Cloud"", ""count"": 403}]"
0,1552,0,0,nik_steam,genres,genres,27075,VARCHAR audit view,0.0,,not assessed,text_or_serialized_collection,0,0,,,,,,,,,,,"[{""value"": ""Action;Indie"", ""count"": 1852}, {""value"": ""Casual;Indie"", ""count"": 1482}, {""value"": ""Action;Adventure;Indie"", ""count"": 1229}, {""value"": ""Adventure;Indie"", ""count"": 1170}, {""value"": ""Action;Casual;Indie"", ""count"": 1004}, {""value"": ""Action"", ""count"": 843}, {""value"": ""Adventure;Casual;Indie"", ""count"": 801}, {""value"": ""Indie"", ""count"": 759}, {""value"": ""Casual"", ""count"": 560}, {""value"": ""Adventure"", ""count"": 535}, {""value"": ""Adventure;Casual"", ""count"": 506}, {""value"": ""Strategy"", ""count"": 485}]"
0,6423,0,0,nik_steam,steamspy_tags,steamspy_tags,27075,VARCHAR audit view,0.0,,not assessed,text_or_serialized_collection,0,0,,,,,,,,,,,
0,410,0,27075,nik_steam,achievements,achievements,27075,VARCHAR audit view,0.0,0,finite numeric >=0,numeric,0,0,,,,,0,0,11864,0.0,9821.0,"[0.0, 7.0, 23.0, 45.0, 348.0]",
0,2800,0,27075,nik_steam,positive_ratings,positive_ratings,27075,VARCHAR audit view,0.0,0,finite numeric >=0,numeric,0,0,,,,,0,0,667,0.0,2644404.0,"[6.0, 24.0, 126.0, 705.6000000000022, 15116.079999999907]",
0,1492,0,27075,nik_steam,negative_ratings,negative_ratings,27075,VARCHAR audit view,0.0,0,finite numeric >=0,numeric,0,0,,,,,0,0,2906,0.0,487076.0,"[2.0, 9.0, 42.0, 185.0, 2799.119999999981]",
0,1345,0,27075,nik_steam,average_playtime,average_playtime,27075,VARCHAR audit view,0.0,0,finite numeric >=0,numeric,0,0,,,,,0,0,20905,0.0,190625.0,"[0.0, 0.0, 0.0, 244.0, 2131.3399999999856]",
0,1312,0,27075,nik_steam,median_playtime,median_playtime,27075,VARCHAR audit view,0.0,0,finite numeric >=0,numeric,0,0,,,,,0,0,20905,0.0,190625.0,"[0.0, 0.0, 0.0, 253.0, 1810.5199999999968]",
0,13,0,0,nik_steam,owners,owners,27075,VARCHAR audit view,0.0,,not assessed,text_or_serialized_collection,0,0,,,,,,,,,,,"[{""value"": ""0-20000"", ""count"": 18596}, {""value"": ""20000-50000"", ""count"": 3059}, {""value"": ""50000-100000"", ""count"": 1695}, {""value"": ""100000-200000"", ""count"": 1386}, {""value"": ""200000-500000"", ""count"": 1272}, {""value"": ""500000-1000000"", ""count"": 513}, {""value"": ""1000000-2000000"", ""count"": 288}, {""value"": ""2000000-5000000"", ""count"": 193}, {""value"": ""5000000-10000000"", ""count"": 46}, {""value"": ""10000000-20000000"", ""count"": 21}, {""value"": ""20000000-50000000"", ""count"": 3}, {""value"": ""50000000-100000000"", ""count"": 2}]"
0,282,0,27075,nik_steam,price,price,27075,VARCHAR audit view,0.0,0,finite numeric >=0,numeric,0,0,,,,,0,0,2560,0.0,421.99,"[1.69, 3.99, 7.19, 14.99, 32.99]",
0,27334,0,27334,nik_steam_description_data,steam_appid,steam_appid,27334,VARCHAR audit view,0.0,0,finite numeric >=0,numeric,0,,,,,,0,0,0,10.0,1069460.0,"[403092.5, 601965.0, 801175.0, 931497.0, 1039287.0999999997]",
0,27315,0,0,nik_steam_description_data,detailed_description,detailed_description,27334,VARCHAR audit view,0.0,,not assessed,text_or_serialized_collection,0,,,,,,,,,,,,
0,27315,0,0,nik_steam_description_data,about_the_game,about_the_game,27334,VARCHAR audit view,0.0,,not assessed,text_or_serialized_collection,0,,,,,,,,,,,,
0,27204,0,0,nik_steam_description_data,short_description,short_description,27334,VARCHAR audit view,0.0,,not assessed,text_or_serialized_collection,0,,,,,,,,,,,,
0,27332,0,27332,nik_steam_media_data,steam_appid,steam_appid,27332,VARCHAR audit view,0.0,0,finite numeric >=0,numeric,0,,,,,,0,0,0,10.0,1069460.0,"[403085.0, 601965.0, 801165.0, 931499.0, 1039289.6999999998]",
0,27332,0,0,nik_steam_media_data,header_image,header_image,27332,VARCHAR audit view,0.0,,not assessed,text_or_serialized_collection,0,,,,,,,,,,,,
0,27332,0,0,nik_steam_media_data,screenshots,screenshots,27332,VARCHAR audit view,0.0,,not assessed,text_or_serialized_collection,0,,,,,,,,,,,,
0,27332,0,0,nik_steam_media_data,background,background,27332,VARCHAR audit view,0.0,,not assessed,text_or_serialized_collection,0,,,,,,,,,,,,
1691,25639,0,0,nik_steam_media_data,movies,movies,27332,VARCHAR audit view,0.06186887165227572,,not assessed,text_or_serialized_collection,0,,,,,,,,,,,,
0,27319,0,27319,nik_steam_requirements_data,steam_appid,steam_appid,27319,VARCHAR audit view,0.0,0,finite numeric >=0,numeric,0,,,,,,0,0,0,10.0,1069460.0,"[403195.0, 602040.0, 801205.0, 931546.0, 1039306.6]",
0,25411,0,0,nik_steam_requirements_data,pc_requirements,pc_requirements,27319,VARCHAR audit view,0.0,,not assessed,text_or_serialized_collection,0,,,,,,,,,,,,
0,8086,16101,0,nik_steam_requirements_data,mac_requirements,mac_requirements,27319,VARCHAR audit view,0.0,,not assessed,text_or_serialized_collection,0,,,,,,,,,,,,
0,5300,18972,0,nik_steam_requirements_data,linux_requirements,linux_requirements,27319,VARCHAR audit view,0.0,,not assessed,text_or_serialized_collection,0,,,,,,,,,,,,
5,25132,0,0,nik_steam_requirements_data,minimum,minimum,27319,VARCHAR audit view,0.00018302280464145833,,not assessed,text_or_serialized_collection,0,,,,,,,,,,,,
13185,12318,0,0,nik_steam_requirements_data,recommended,recommended,27319,VARCHAR audit view,0.4826311358395256,,not assessed,text_or_serialized_collection,0,,,,,,,,,,,,
0,27136,0,27136,nik_steam_support_info,steam_appid,steam_appid,27136,VARCHAR audit view,0.0,0,finite numeric >=0,numeric,0,,,,,,0,0,0,10.0,1069460.0,"[406287.5, 603855.0, 802100.0, 932170.0, 1039363.0]",
9121,15320,0,0,nik_steam_support_info,website,website,27136,VARCHAR audit view,0.3361217570754717,,not assessed,text_or_serialized_collection,0,,,,,,,,,,,,
10657,11100,0,0,nik_steam_support_info,support_url,support_url,27136,VARCHAR audit view,0.39272553066037735,,not assessed,text_or_serialized_collection,0,,,,,,,,,,,,
3636,14174,0,0,nik_steam_support_info,support_email,support_email,27136,VARCHAR audit view,0.13399174528301888,,not assessed,text_or_serialized_collection,0,,,,,,,,,,,,
0,29022,0,29022,nik_steamspy_tag_data,app_id,appid,29022,VARCHAR audit view,0.0,,not assessed,text_or_serialized_collection,0,0,,,,,,,,,,,
0,45,0,29022,nik_steamspy_tag_data,1980s,1980s,29022,VARCHAR audit view,0.0,0,finite numeric >=0,numeric,0,0,,,,,0,0,28892,0.0,954.0,"[0.0, 0.0, 0.0, 0.0, 0.0]",
0,52,0,29022,nik_steamspy_tag_data,1990s,1990s,29022,VARCHAR audit view,0.0,0,finite numeric >=0,numeric,0,0,,,,,0,0,28846,0.0,564.0,"[0.0, 0.0, 0.0, 0.0, 0.0]",
0,55,0,29022,nik_steamspy_tag_data,2_5d,2.5d,29022,VARCHAR audit view,0.0,0,finite numeric >=0,numeric,0,0,,,,,0,0,28881,0.0,253.0,"[0.0, 0.0, 0.0, 0.0, 0.0]",
0,196,0,29022,nik_steamspy_tag_data,2d,2d,29022,VARCHAR audit view,0.0,0,finite numeric >=0,numeric,0,0,,,,,0,0,25746,0.0,5626.0,"[0.0, 0.0, 0.0, 8.0, 54.0]",
0,66,0,29022,nik_steamspy_tag_data,2d_fighter,2d_fighter,29022,VARCHAR audit view,0.0,0,finite numeric >=0,numeric,0,0,,,,,0,0,28859,0.0,641.0,"[0.0, 0.0, 0.0, 0.0, 0.0]",
0,7,0,29022,nik_steamspy_tag_data,360_video,360_video,29022,VARCHAR audit view,0.0,0,finite numeric >=0,numeric,0,0,,,,,0,0,29013,0.0,68.0,"[0.0, 0.0, 0.0, 0.0, 0.0]",
0,29,0,29022,nik_steamspy_tag_data,3d,3d,29022,VARCHAR audit view,0.0,0,finite numeric >=0,numeric,0,0,,,,,0,0,28906,0.0,70.0,"[0.0, 0.0, 0.0, 0.0, 0.0]",
0,63,0,29022,nik_steamspy_tag_data,3d_platformer,3d_platformer,29022,VARCHAR audit view,0.0,0,finite numeric >=0,numeric,0,0,,,,,0,0,28749,0.0,365.0,"[0.0, 0.0, 0.0, 0.0, 0.0]",
0,38,0,29022,nik_steamspy_tag_data,3d_vision,3d_vision,29022,VARCHAR audit view,0.0,0,finite numeric >=0,numeric,0,0,,,,,0,0,28951,0.0,221.0,"[0.0, 0.0, 0.0, 0.0, 0.0]",
0,68,0,29022,nik_steamspy_tag_data,4_player_local,4_player_local,29022,VARCHAR audit view,0.0,0,finite numeric >=0,numeric,0,0,,,,,0,0,28619,0.0,827.0,"[0.0, 0.0, 0.0, 0.0, 12.0]",
0,66,0,29022,nik_steamspy_tag_data,4x,4x,29022,VARCHAR audit view,0.0,0,finite numeric >=0,numeric,0,0,,,,,0,0,28881,0.0,1353.0,"[0.0, 0.0, 0.0, 0.0, 0.0]",
0,24,0,29022,nik_steamspy_tag_data,6dof,6dof,29022,VARCHAR audit view,0.0,0,finite numeric >=0,numeric,0,0,,,,,0,0,28978,0.0,126.0,"[0.0, 0.0, 0.0, 0.0, 0.0]",
0,4,0,29022,nik_steamspy_tag_data,atv,atv,29022,VARCHAR audit view,0.0,0,finite numeric >=0,numeric,0,0,,,,,0,0,29018,0.0,29.0,"[0.0, 0.0, 0.0, 0.0, 0.0]",
0,38,0,29022,nik_steamspy_tag_data,abstract,abstract,29022,VARCHAR audit view,0.0,0,finite numeric >=0,numeric,0,0,,,,,0,0,28807,0.0,283.0,"[0.0, 0.0, 0.0, 0.0, 0.0]",
0,539,0,29022,nik_steamspy_tag_data,action,action,29022,VARCHAR audit view,0.0,0,finite numeric >=0,numeric,0,0,,,,,0,0,15886,0.0,17561.0,"[0.0, 0.0, 23.0, 37.0, 338.7900000000009]",
0,138,0,29022,nik_steamspy_tag_data,action_rpg,action_rpg,29022,VARCHAR audit view,0.0,0,finite numeric >=0,numeric,0,0,,,,,0,0,28565,0.0,2683.0,"[0.0, 0.0, 0.0, 0.0, 13.0]",
0,76,0,29022,nik_steamspy_tag_data,action_adventure,action_adventure,29022,VARCHAR audit view,0.0,0,finite numeric >=0,numeric,0,0,,,,,0,0,28670,0.0,506.0,"[0.0, 0.0, 0.0, 0.0, 10.0]",
0,55,0,29022,nik_steamspy_tag_data,addictive,addictive,29022,VARCHAR audit view,0.0,0,finite numeric >=0,numeric,0,0,,,,,0,0,28847,0.0,1209.0,"[0.0, 0.0, 0.0, 0.0, 0.0]",
0,427,0,29022,nik_steamspy_tag_data,adventure,adventure,29022,VARCHAR audit view,0.0,0,finite numeric >=0,numeric,0,0,,,,,0,0,17450,0.0,10503.0,"[0.0, 0.0, 22.0, 34.0, 210.79000000000087]",
0,41,0,29022,nik_steamspy_tag_data,agriculture,agriculture,29022,VARCHAR audit view,0.0,0,finite numeric >=0,numeric,0,0,,,,,0,0,28957,0.0,1886.0,"[0.0, 0.0, 0.0, 0.0, 0.0]",
0,86,0,29022,nik_steamspy_tag_data,aliens,aliens,29022,VARCHAR audit view,0.0,0,finite numeric >=0,numeric,0,0,,,,,0,0,28792,0.0,1795.0,"[0.0, 0.0, 0.0, 0.0, 0.0]",
0,46,0,29022,nik_steamspy_tag_data,alternate_history,alternate_history,29022,VARCHAR audit view,0.0,0,finite numeric >=0,numeric,0,0,,,,,0,0,28920,0.0,822.0,"[0.0, 0.0, 0.0, 0.0, 0.0]",
0,37,0,29022,nik_steamspy_tag_data,america,america,29022,VARCHAR audit view,0.0,0,finite numeric >=0,numeric,0,0,,,,,0,0,28977,0.0,985.0,"[0.0, 0.0, 0.0, 0.0, 0.0]",
0,43,0,29022,nik_steamspy_tag_data,animation_modeling,animation_&_modeling,29022,VARCHAR audit view,0.0,0,finite numeric >=0,numeric,0,0,,,,,0,0,28806,0.0,4136.0,"[0.0, 0.0, 0.0, 0.0, 0.0]",
0,217,0,29022,nik_steamspy_tag_data,anime,anime,29022,VARCHAR audit view,0.0,0,finite numeric >=0,numeric,0,0,,,,,0,0,26971,0.0,3916.0,"[0.0, 0.0, 0.0, 0.0, 61.79000000000087]",
0,113,0,29022,nik_steamspy_tag_data,arcade,arcade,29022,VARCHAR audit view,0.0,0,finite numeric >=0,numeric,0,0,,,,,0,0,27478,0.0,727.0,"[0.0, 0.0, 0.0, 0.0, 24.790000000000873]",
0,52,0,29022,nik_steamspy_tag_data,arena_shooter,arena_shooter,29022,VARCHAR audit view,0.0,0,finite numeric >=0,numeric,0,0,,,,,0,0,28843,0.0,480.0,"[0.0, 0.0, 0.0, 0.0, 0.0]",
0,18,0,29022,nik_steamspy_tag_data,artificial_intelligence,artificial_intelligence,29022,VARCHAR audit view,0.0,0,finite numeric >=0,numeric,0,0,,,,,0,0,28990,0.0,72.0,"[0.0, 0.0, 0.0, 0.0, 0.0]",
0,49,0,29022,nik_steamspy_tag_data,assassin,assassin,29022,VARCHAR audit view,0.0,0,finite numeric >=0,numeric,0,0,,,,,0,0,28964,0.0,1817.0,"[0.0, 0.0, 0.0, 0.0, 0.0]",
0,21,0,29022,nik_steamspy_tag_data,asynchronous_multiplayer,asynchronous_multiplayer,29022,VARCHAR audit view,0.0,0,finite numeric >=0,numeric,0,0,,,,,0,0,28983,0.0,161.0,"[0.0, 0.0, 0.0, 0.0, 0.0]",
0,332,0,29022,nik_steamspy_tag_data,atmospheric,atmospheric,29022,VARCHAR audit view,0.0,0,finite numeric >=0,numeric,0,0,,,,,0,0,26084,0.0,8126.0,"[0.0, 0.0, 0.0, 5.0, 121.79000000000087]",
0,35,0,29022,nik_steamspy_tag_data,audio_production,audio_production,29022,VARCHAR audit view,0.0,0,finite numeric >=0,numeric,0,0,,,,,0,0,28892,0.0,75.0,"[0.0, 0.0, 0.0, 0.0, 0.0]",
0,6,0,29022,nik_steamspy_tag_data,bmx,bmx,29022,VARCHAR audit view,0.0,0,finite numeric >=0,numeric,0,0,,,,,0,0,29016,0.0,26.0,"[0.0, 0.0, 0.0, 0.0, 0.0]",
0,111,0,29022,nik_steamspy_tag_data,base_building,base_building,29022,VARCHAR audit view,0.0,0,finite numeric >=0,numeric,0,0,,,,,0,0,28769,0.0,4223.0,"[0.0, 0.0, 0.0, 0.0, 0.0]",
0,15,0,29022,nik_steamspy_tag_data,baseball,baseball,29022,VARCHAR audit view,0.0,0,finite numeric >=0,numeric,0,0,,,,,0,0,29005,0.0,66.0,"[0.0, 0.0, 0.0, 0.0, 0.0]",
0,27,0,29022,nik_steamspy_tag_data,based_on_a_novel,based_on_a_novel,29022,VARCHAR audit view,0.0,0,finite numeric >=0,numeric,0,0,,,,,0,0,28991,0.0,707.0,"[0.0, 0.0, 0.0, 0.0, 0.0]",
0,17,0,29022,nik_steamspy_tag_data,basketball,basketball,29022,VARCHAR audit view,0.0,0,finite numeric >=0,numeric,0,0,,,,,0,0,29000,0.0,331.0,"[0.0, 0.0, 0.0, 0.0, 0.0]",
0,18,0,29022,nik_steamspy_tag_data,batman,batman,29022,VARCHAR audit view,0.0,0,finite numeric >=0,numeric,0,0,,,,,0,0,29005,0.0,1226.0,"[0.0, 0.0, 0.0, 0.0, 0.0]",
0,50,0,29022,nik_steamspy_tag_data,battle_royale,battle_royale,29022,VARCHAR audit view,0.0,0,finite numeric >=0,numeric,0,0,,,,,0,0,28942,0.0,3955.0,"[0.0, 0.0, 0.0, 0.0, 0.0]",
0,96,0,29022,nik_steamspy_tag_data,beat_em_up,beat_em_up,29022,VARCHAR audit view,0.0,0,finite numeric >=0,numeric,0,0,,,,,0,0,28757,0.0,721.0,"[0.0, 0.0, 0.0, 0.0, 0.0]",
0,49,0,29022,nik_steamspy_tag_data,beautiful,beautiful,29022,VARCHAR audit view,0.0,0,finite numeric >=0,numeric,0,0,,,,,0,0,28885,0.0,734.0,"[0.0, 0.0, 0.0, 0.0, 0.0]",
0,18,0,29022,nik_steamspy_tag_data,benchmark,benchmark,29022,VARCHAR audit view,0.0,0,finite numeric >=0,numeric,0,0,,,,,0,0,29004,0.0,158.0,"[0.0, 0.0, 0.0, 0.0, 0.0]",
0,11,0,29022,nik_steamspy_tag_data,bikes,bikes,29022,VARCHAR audit view,0.0,0,finite numeric >=0,numeric,0,0,,,,,0,0,29009,0.0,49.0,"[0.0, 0.0, 0.0, 0.0, 0.0]",
0,50,0,29022,nik_steamspy_tag_data,blood,blood,29022,VARCHAR audit view,0.0,0,finite numeric >=0,numeric,0,0,,,,,0,0,28868,0.0,1073.0,"[0.0, 0.0, 0.0, 0.0, 0.0]",
0,68,0,29022,nik_steamspy_tag_data,board_game,board_game,29022,VARCHAR audit view,0.0,0,finite numeric >=0,numeric,0,0,,,,,0,0,28740,0.0,285.0,"[0.0, 0.0, 0.0, 0.0, 0.0]",
0,9,0,29022,nik_steamspy_tag_data,bowling,bowling,29022,VARCHAR audit view,0.0,0,finite numeric >=0,numeric,0,0,,,,,0,0,29013,0.0,1096.0,"[0.0, 0.0, 0.0, 0.0, 0.0]",
0,178,0,29022,nik_steamspy_tag_data,building,building,29022,VARCHAR audit view,0.0,0,finite numeric >=0,numeric,0,0,,,,,0,0,28477,0.0,6938.0,"[0.0, 0.0, 0.0, 0.0, 23.0]",
0,81,0,29022,nik_steamspy_tag_data,bullet_hell,bullet_hell,29022,VARCHAR audit view,0.0,0,finite numeric >=0,numeric,0,0,,,,,0,0,28516,0.0,3216.0,"[0.0, 0.0, 0.0, 0.0, 12.0]",
0,32,0,29022,nik_steamspy_tag_data,bullet_time,bullet_time,29022,VARCHAR audit view,0.0,0,finite numeric >=0,numeric,0,0,,,,,0,0,28965,0.0,404.0,"[0.0, 0.0, 0.0, 0.0, 0.0]",
0,46,0,29022,nik_steamspy_tag_data,crpg,crpg,29022,VARCHAR audit view,0.0,0,finite numeric >=0,numeric,0,0,,,,,0,0,28928,0.0,262.0,"[0.0, 0.0, 0.0, 0.0, 0.0]",
0,23,0,29022,nik_steamspy_tag_data,capitalism,capitalism,29022,VARCHAR audit view,0.0,0,finite numeric >=0,numeric,0,0,,,,,0,0,28979,0.0,749.0,"[0.0, 0.0, 0.0, 0.0, 0.0]",
0,92,0,29022,nik_steamspy_tag_data,card_game,card_game,29022,VARCHAR audit view,0.0,0,finite numeric >=0,numeric,0,0,,,,,0,0,28647,0.0,289.0,"[0.0, 0.0, 0.0, 0.0, 10.790000000000873]",
0,43,0,29022,nik_steamspy_tag_data,cartoon,cartoon,29022,VARCHAR audit view,0.0,0,finite numeric >=0,numeric,0,0,,,,,0,0,28859,0.0,2450.0,"[0.0, 0.0, 0.0, 0.0, 0.0]",
0,52,0,29022,nik_steamspy_tag_data,cartoony,cartoony,29022,VARCHAR audit view,0.0,0,finite numeric >=0,numeric,0,0,,,,,0,0,28766,0.0,4240.0,"[0.0, 0.0, 0.0, 0.0, 0.0]",
0,202,0,29022,nik_steamspy_tag_data,casual,casual,29022,VARCHAR audit view,0.0,0,finite numeric >=0,numeric,0,0,,,,,0,0,17573,0.0,3230.0,"[0.0, 0.0, 21.0, 30.0, 67.0]",
0,31,0,29022,nik_steamspy_tag_data,cats,cats,29022,VARCHAR audit view,0.0,0,finite numeric >=0,numeric,0,0,,,,,0,0,28963,0.0,381.0,"[0.0, 0.0, 0.0, 0.0, 0.0]",
0,41,0,29022,nik_steamspy_tag_data,character_action_game,character_action_game,29022,VARCHAR audit view,0.0,0,finite numeric >=0,numeric,0,0,,,,,0,0,28960,0.0,805.0,"[0.0, 0.0, 0.0, 0.0, 0.0]",
0,123,0,29022,nik_steamspy_tag_data,character_customization,character_customization,29022,VARCHAR audit view,0.0,0,finite numeric >=0,numeric,0,0,,,,,0,0,28701,0.0,1994.0,"[0.0, 0.0, 0.0, 0.0, 10.0]",
0,30,0,29022,nik_steamspy_tag_data,chess,chess,29022,VARCHAR audit view,0.0,0,finite numeric >=0,numeric,0,0,,,,,0,0,28975,0.0,192.0,"[0.0, 0.0, 0.0, 0.0, 0.0]",
0,114,0,29022,nik_steamspy_tag_data,choices_matter,choices_matter,29022,VARCHAR audit view,0.0,0,finite numeric >=0,numeric,0,0,,,,,0,0,28639,0.0,6504.0,"[0.0, 0.0, 0.0, 0.0, 11.790000000000873]",
0,61,0,29022,nik_steamspy_tag_data,choose_your_own_adventure,choose_your_own_adventure,29022,VARCHAR audit view,0.0,0,finite numeric >=0,numeric,0,0,,,,,0,0,28738,0.0,629.0,"[0.0, 0.0, 0.0, 0.0, 0.0]",
0,40,0,29022,nik_steamspy_tag_data,cinematic,cinematic,29022,VARCHAR audit view,0.0,0,finite numeric >=0,numeric,0,0,,,,,0,0,28961,0.0,1227.0,"[0.0, 0.0, 0.0, 0.0, 0.0]",
0,101,0,29022,nik_steamspy_tag_data,city_builder,city_builder,29022,VARCHAR audit view,0.0,0,finite numeric >=0,numeric,0,0,,,,,0,0,28806,0.0,2897.0,"[0.0, 0.0, 0.0, 0.0, 0.0]",
0,35,0,29022,nik_steamspy_tag_data,class_based,class_based,29022,VARCHAR audit view,0.0,0,finite numeric >=0,numeric,0,0,,,,,0,0,28983,0.0,6098.0,"[0.0, 0.0, 0.0, 0.0, 0.0]",
0,195,0,29022,nik_steamspy_tag_data,classic,classic,29022,VARCHAR audit view,0.0,0,finite numeric >=0,numeric,0,0,,,,,0,0,28009,0.0,1344.0,"[0.0, 0.0, 0.0, 0.0, 38.0]",
0,59,0,29022,nik_steamspy_tag_data,clicker,clicker,29022,VARCHAR audit view,0.0,0,finite numeric >=0,numeric,0,0,,,,,0,0,28828,0.0,805.0,"[0.0, 0.0, 0.0, 0.0, 0.0]",
0,324,0,29022,nik_steamspy_tag_data,co_op,co_op,29022,VARCHAR audit view,0.0,0,finite numeric >=0,numeric,0,0,,,,,0,0,27505,0.0,7678.0,"[0.0, 0.0, 0.0, 0.0, 108.58000000000175]",
0,27,0,29022,nik_steamspy_tag_data,co_op_campaign,co_op_campaign,29022,VARCHAR audit view,0.0,0,finite numeric >=0,numeric,0,0,,,,,0,0,28977,0.0,252.0,"[0.0, 0.0, 0.0, 0.0, 0.0]",
0,42,0,29022,nik_steamspy_tag_data,cold_war,cold_war,29022,VARCHAR audit view,0.0,0,finite numeric >=0,numeric,0,0,,,,,0,0,28957,0.0,379.0,"[0.0, 0.0, 0.0, 0.0, 0.0]",
0,89,0,29022,nik_steamspy_tag_data,colorful,colorful,29022,VARCHAR audit view,0.0,0,finite numeric >=0,numeric,0,0,,,,,0,0,28314,0.0,1250.0,"[0.0, 0.0, 0.0, 0.0, 17.0]",
0,183,0,29022,nik_steamspy_tag_data,comedy,comedy,29022,VARCHAR audit view,0.0,0,finite numeric >=0,numeric,0,0,,,,,0,0,27850,0.0,6720.0,"[0.0, 0.0, 0.0, 0.0, 38.0]",
0,43,0,29022,nik_steamspy_tag_data,comic_book,comic_book,29022,VARCHAR audit view,0.0,0,finite numeric >=0,numeric,0,0,,,,,0,0,28942,0.0,442.0,"[0.0, 0.0, 0.0, 0.0, 0.0]",
0,110,0,29022,nik_steamspy_tag_data,competitive,competitive,29022,VARCHAR audit view,0.0,0,finite numeric >=0,numeric,0,0,,,,,0,0,28623,0.0,11749.0,"[0.0, 0.0, 0.0, 0.0, 12.0]",
0,27,0,29022,nik_steamspy_tag_data,conspiracy,conspiracy,29022,VARCHAR audit view,0.0,0,finite numeric >=0,numeric,0,0,,,,,0,0,28984,0.0,253.0,"[0.0, 0.0, 0.0, 0.0, 0.0]",
0,101,0,29022,nik_steamspy_tag_data,controller,controller,29022,VARCHAR audit view,0.0,0,finite numeric >=0,numeric,0,0,,,,,0,0,28287,0.0,478.0,"[0.0, 0.0, 0.0, 0.0, 17.0]",
0,11,0,29022,nik_steamspy_tag_data,conversation,conversation,29022,VARCHAR audit view,0.0,0,finite numeric >=0,numeric,0,0,,,,,0,0,29003,0.0,55.0,"[0.0, 0.0, 0.0, 0.0, 0.0]",
0,176,0,29022,nik_steamspy_tag_data,crafting,crafting,29022,VARCHAR audit view,0.0,0,finite numeric >=0,numeric,0,0,,,,,0,0,28570,0.0,7717.0,"[0.0, 0.0, 0.0, 0.0, 18.0]",
0,71,0,29022,nik_steamspy_tag_data,crime,crime,29022,VARCHAR audit view,0.0,0,finite numeric >=0,numeric,0,0,,,,,0,0,28900,0.0,13979.0,"[0.0, 0.0, 0.0, 0.0, 0.0]",
0,27,0,29022,nik_steamspy_tag_data,crowdfunded,crowdfunded,29022,VARCHAR audit view,0.0,0,finite numeric >=0,numeric,0,0,,,,,0,0,28971,0.0,152.0,"[0.0, 0.0, 0.0, 0.0, 0.0]",
0,55,0,29022,nik_steamspy_tag_data,cult_classic,cult_classic,29022,VARCHAR audit view,0.0,0,finite numeric >=0,numeric,0,0,,,,,0,0,28872,0.0,1128.0,"[0.0, 0.0, 0.0, 0.0, 0.0]",
0,142,0,29022,nik_steamspy_tag_data,cute,cute,29022,VARCHAR audit view,0.0,0,finite numeric >=0,numeric,0,0,,,,,0,0,27942,0.0,3252.0,"[0.0, 0.0, 0.0, 0.0, 27.0]",
0,89,0,29022,nik_steamspy_tag_data,cyberpunk,cyberpunk,29022,VARCHAR audit view,0.0,0,finite numeric >=0,numeric,0,0,,,,,0,0,28732,0.0,1572.0,"[0.0, 0.0, 0.0, 0.0, 0.0]",
0,6,0,29022,nik_steamspy_tag_data,cycling,cycling,29022,VARCHAR audit view,0.0,0,finite numeric >=0,numeric,0,0,,,,,0,0,29015,0.0,53.0,"[0.0, 0.0, 0.0, 0.0, 0.0]",
0,127,0,29022,nik_steamspy_tag_data,dark,dark,29022,VARCHAR audit view,0.0,0,finite numeric >=0,numeric,0,0,,,,,0,0,28427,0.0,2544.0,"[0.0, 0.0, 0.0, 0.0, 14.0]",
0,33,0,29022,nik_steamspy_tag_data,dark_comedy,dark_comedy,29022,VARCHAR audit view,0.0,0,finite numeric >=0,numeric,0,0,,,,,0,0,28932,0.0,123.0,"[0.0, 0.0, 0.0, 0.0, 0.0]",
0,88,0,29022,nik_steamspy_tag_data,dark_fantasy,dark_fantasy,29022,VARCHAR audit view,0.0,0,finite numeric >=0,numeric,0,0,,,,,0,0,28734,0.0,4929.0,"[0.0, 0.0, 0.0, 0.0, 0.0]",
0,77,0,29022,nik_steamspy_tag_data,dark_humor,dark_humor,29022,VARCHAR audit view,0.0,0,finite numeric >=0,numeric,0,0,,,,,0,0,28791,0.0,913.0,"[0.0, 0.0, 0.0, 0.0, 0.0]",
0,95,0,29022,nik_steamspy_tag_data,dating_sim,dating_sim,29022,VARCHAR audit view,0.0,0,finite numeric >=0,numeric,0,0,,,,,0,0,28720,0.0,2807.0,"[0.0, 0.0, 0.0, 0.0, 6.0]",
0,45,0,29022,nik_steamspy_tag_data,demons,demons,29022,VARCHAR audit view,0.0,0,finite numeric >=0,numeric,0,0,,,,,0,0,28900,0.0,1160.0,"[0.0, 0.0, 0.0, 0.0, 0.0]",
0,50,0,29022,nik_steamspy_tag_data,design_illustration,design_&_illustration,29022,VARCHAR audit view,0.0,0,finite numeric >=0,numeric,0,0,,,,,0,0,28744,0.0,335.0,"[0.0, 0.0, 0.0, 0.0, 0.0]",
0,77,0,29022,nik_steamspy_tag_data,destruction,destruction,29022,VARCHAR audit view,0.0,0,finite numeric >=0,numeric,0,0,,,,,0,0,28852,0.0,1356.0,"[0.0, 0.0, 0.0, 0.0, 0.0]",
0,71,0,29022,nik_steamspy_tag_data,detective,detective,29022,VARCHAR audit view,0.0,0,finite numeric >=0,numeric,0,0,,,,,0,0,28788,0.0,774.0,"[0.0, 0.0, 0.0, 0.0, 0.0]",
0,208,0,29022,nik_steamspy_tag_data,difficult,difficult,29022,VARCHAR audit view,0.0,0,finite numeric >=0,numeric,0,0,,,,,0,0,26830,0.0,4283.0,"[0.0, 0.0, 0.0, 0.0, 45.0]",
0,52,0,29022,nik_steamspy_tag_data,dinosaurs,dinosaurs,29022,VARCHAR audit view,0.0,0,finite numeric >=0,numeric,0,0,,,,,0,0,28933,0.0,6469.0,"[0.0, 0.0, 0.0, 0.0, 0.0]",
0,22,0,29022,nik_steamspy_tag_data,diplomacy,diplomacy,29022,VARCHAR audit view,0.0,0,finite numeric >=0,numeric,0,0,,,,,0,0,28999,0.0,516.0,"[0.0, 0.0, 0.0, 0.0, 0.0]",
0,11,0,29022,nik_steamspy_tag_data,documentary,documentary,29022,VARCHAR audit view,0.0,0,finite numeric >=0,numeric,0,0,,,,,0,0,29010,0.0,280.0,"[0.0, 0.0, 0.0, 0.0, 0.0]",
0,17,0,29022,nik_steamspy_tag_data,dog,dog,29022,VARCHAR audit view,0.0,0,finite numeric >=0,numeric,0,0,,,,,0,0,28992,0.0,2781.0,"[0.0, 0.0, 0.0, 0.0, 0.0]",
0,54,0,29022,nik_steamspy_tag_data,dragons,dragons,29022,VARCHAR audit view,0.0,0,finite numeric >=0,numeric,0,0,,,,,0,0,28934,0.0,4154.0,"[0.0, 0.0, 0.0, 0.0, 0.0]",
0,40,0,29022,nik_steamspy_tag_data,drama,drama,29022,VARCHAR audit view,0.0,0,finite numeric >=0,numeric,0,0,,,,,0,0,28883,0.0,532.0,"[0.0, 0.0, 0.0, 0.0, 0.0]",
0,96,0,29022,nik_steamspy_tag_data,driving,driving,29022,VARCHAR audit view,0.0,0,finite numeric >=0,numeric,0,0,,,,,0,0,28797,0.0,4515.0,"[0.0, 0.0, 0.0, 0.0, 0.0]",
0,88,0,29022,nik_steamspy_tag_data,dungeon_crawler,dungeon_crawler,29022,VARCHAR audit view,0.0,0,finite numeric >=0,numeric,0,0,,,,,0,0,28647,0.0,1003.0,"[0.0, 0.0, 0.0, 0.0, 11.0]",
0,18,0,29022,nik_steamspy_tag_data,dungeons_dragons,dungeons_&_dragons,29022,VARCHAR audit view,0.0,0,finite numeric >=0,numeric,0,0,,,,,0,0,29002,0.0,185.0,"[0.0, 0.0, 0.0, 0.0, 0.0]",
0,18,0,29022,nik_steamspy_tag_data,dynamic_narration,dynamic_narration,29022,VARCHAR audit view,0.0,0,finite numeric >=0,numeric,0,0,,,,,0,0,28992,0.0,775.0,"[0.0, 0.0, 0.0, 0.0, 0.0]",
0,61,0,29022,nik_steamspy_tag_data,dystopian,dystopian_,29022,VARCHAR audit view,0.0,0,finite numeric >=0,numeric,0,0,,,,,0,0,28899,0.0,782.0,"[0.0, 0.0, 0.0, 0.0, 0.0]",
0,180,0,29022,nik_steamspy_tag_data,early_access,early_access,29022,VARCHAR audit view,0.0,0,finite numeric >=0,numeric,0,0,,,,,0,0,25200,0.0,3248.0,"[0.0, 0.0, 0.0, 21.0, 46.79000000000087]",
0,94,0,29022,nik_steamspy_tag_data,economy,economy,29022,VARCHAR audit view,0.0,0,finite numeric >=0,numeric,0,0,,,,,0,0,28784,0.0,1367.0,"[0.0, 0.0, 0.0, 0.0, 0.0]",
0,70,0,29022,nik_steamspy_tag_data,education,education,29022,VARCHAR audit view,0.0,0,finite numeric >=0,numeric,0,0,,,,,0,0,28571,0.0,1061.0,"[0.0, 0.0, 0.0, 0.0, 14.0]",
0,29,0,29022,nik_steamspy_tag_data,emotional,emotional,29022,VARCHAR audit view,0.0,0,finite numeric >=0,numeric,0,0,,,,,0,0,28968,0.0,522.0,"[0.0, 0.0, 0.0, 0.0, 0.0]",
0,35,0,29022,nik_steamspy_tag_data,epic,epic,29022,VARCHAR audit view,0.0,0,finite numeric >=0,numeric,0,0,,,,,0,0,28964,0.0,1385.0,"[0.0, 0.0, 0.0, 0.0, 0.0]",
0,62,0,29022,nik_steamspy_tag_data,episodic,episodic,29022,VARCHAR audit view,0.0,0,finite numeric >=0,numeric,0,0,,,,,0,0,28929,0.0,2554.0,"[0.0, 0.0, 0.0, 0.0, 0.0]",
0,16,0,29022,nik_steamspy_tag_data,experience,experience,29022,VARCHAR audit view,0.0,0,finite numeric >=0,numeric,0,0,,,,,0,0,28985,0.0,59.0,"[0.0, 0.0, 0.0, 0.0, 0.0]",
0,39,0,29022,nik_steamspy_tag_data,experimental,experimental,29022,VARCHAR audit view,0.0,0,finite numeric >=0,numeric,0,0,,,,,0,0,28808,0.0,116.0,"[0.0, 0.0, 0.0, 0.0, 0.0]",
0,193,0,29022,nik_steamspy_tag_data,exploration,exploration,29022,VARCHAR audit view,0.0,0,finite numeric >=0,numeric,0,0,,,,,0,0,28040,0.0,5317.0,"[0.0, 0.0, 0.0, 0.0, 36.0]",
0,37,0,29022,nik_steamspy_tag_data,fmv,fmv,29022,VARCHAR audit view,0.0,0,finite numeric >=0,numeric,0,0,,,,,0,0,28936,0.0,111.0,"[0.0, 0.0, 0.0, 0.0, 0.0]",
0,309,0,29022,nik_steamspy_tag_data,fps,fps,29022,VARCHAR audit view,0.0,0,finite numeric >=0,numeric,0,0,,,,,0,0,27673,0.0,20508.0,"[0.0, 0.0, 0.0, 0.0, 85.58000000000175]",
0,23,0,29022,nik_steamspy_tag_data,faith,faith,29022,VARCHAR audit view,0.0,0,finite numeric >=0,numeric,0,0,,,,,0,0,28983,0.0,215.0,"[0.0, 0.0, 0.0, 0.0, 0.0]",
0,117,0,29022,nik_steamspy_tag_data,family_friendly,family_friendly,29022,VARCHAR audit view,0.0,0,finite numeric >=0,numeric,0,0,,,,,0,0,27793,0.0,1613.0,"[0.0, 0.0, 0.0, 0.0, 25.0]",
0,215,0,29022,nik_steamspy_tag_data,fantasy,fantasy,29022,VARCHAR audit view,0.0,0,finite numeric >=0,numeric,0,0,,,,,0,0,27405,0.0,5357.0,"[0.0, 0.0, 0.0, 0.0, 55.0]",
0,105,0,29022,nik_steamspy_tag_data,fast_paced,fast_paced,29022,VARCHAR audit view,0.0,0,finite numeric >=0,numeric,0,0,,,,,0,0,28316,0.0,3953.0,"[0.0, 0.0, 0.0, 0.0, 16.790000000000873]",
0,2,0,29022,nik_steamspy_tag_data,feature_film,feature_film,29022,VARCHAR audit view,0.0,0,finite numeric >=0,numeric,0,0,,,,,0,0,29021,0.0,10.0,"[0.0, 0.0, 0.0, 0.0, 0.0]",
0,184,0,29022,nik_steamspy_tag_data,female_protagonist,female_protagonist,29022,VARCHAR audit view,0.0,0,finite numeric >=0,numeric,0,0,,,,,0,0,27252,0.0,3081.0,"[0.0, 0.0, 0.0, 0.0, 48.0]",
0,120,0,29022,nik_steamspy_tag_data,fighting,fighting,29022,VARCHAR audit view,0.0,0,finite numeric >=0,numeric,0,0,,,,,0,0,28643,0.0,1371.0,"[0.0, 0.0, 0.0, 0.0, 11.0]",
0,317,0,29022,nik_steamspy_tag_data,first_person,first_person,29022,VARCHAR audit view,0.0,0,finite numeric >=0,numeric,0,0,,,,,0,0,27395,0.0,14425.0,"[0.0, 0.0, 0.0, 0.0, 99.79000000000087]",
0,36,0,29022,nik_steamspy_tag_data,fishing,fishing,29022,VARCHAR audit view,0.0,0,finite numeric >=0,numeric,0,0,,,,,0,0,28973,0.0,784.0,"[0.0, 0.0, 0.0, 0.0, 0.0]",
0,66,0,29022,nik_steamspy_tag_data,flight,flight,29022,VARCHAR audit view,0.0,0,finite numeric >=0,numeric,0,0,,,,,0,0,28800,0.0,1989.0,"[0.0, 0.0, 0.0, 0.0, 0.0]",
0,39,0,29022,nik_steamspy_tag_data,football,football,29022,VARCHAR audit view,0.0,0,finite numeric >=0,numeric,0,0,,,,,0,0,28944,0.0,1356.0,"[0.0, 0.0, 0.0, 0.0, 0.0]",
0,4,0,29022,nik_steamspy_tag_data,foreign,foreign,29022,VARCHAR audit view,0.0,0,finite numeric >=0,numeric,0,0,,,,,0,0,29018,0.0,30.0,"[0.0, 0.0, 0.0, 0.0, 0.0]",
0,344,0,29022,nik_steamspy_tag_data,free_to_play,free_to_play,29022,VARCHAR audit view,0.0,0,finite numeric >=0,numeric,0,0,,,,,0,0,26961,0.0,25176.0,"[0.0, 0.0, 0.0, 0.0, 122.79000000000087]",
0,206,0,29022,nik_steamspy_tag_data,funny,funny,29022,VARCHAR audit view,0.0,0,finite numeric >=0,numeric,0,0,,,,,0,0,27314,0.0,8805.0,"[0.0, 0.0, 0.0, 0.0, 49.0]",
0,86,0,29022,nik_steamspy_tag_data,futuristic,futuristic,29022,VARCHAR audit view,0.0,0,finite numeric >=0,numeric,0,0,,,,,0,0,28755,0.0,2021.0,"[0.0, 0.0, 0.0, 0.0, 0.0]",
0,16,0,29022,nik_steamspy_tag_data,gambling,gambling,29022,VARCHAR audit view,0.0,0,finite numeric >=0,numeric,0,0,,,,,0,0,29002,0.0,110.0,"[0.0, 0.0, 0.0, 0.0, 0.0]",
0,49,0,29022,nik_steamspy_tag_data,game_development,game_development,29022,VARCHAR audit view,0.0,0,finite numeric >=0,numeric,0,0,,,,,0,0,28929,0.0,253.0,"[0.0, 0.0, 0.0, 0.0, 0.0]",
0,35,0,29022,nik_steamspy_tag_data,gamemaker,gamemaker,29022,VARCHAR audit view,0.0,0,finite numeric >=0,numeric,0,0,,,,,0,0,28908,0.0,139.0,"[0.0, 0.0, 0.0, 0.0, 0.0]",
0,37,0,29022,nik_steamspy_tag_data,games_workshop,games_workshop,29022,VARCHAR audit view,0.0,0,finite numeric >=0,numeric,0,0,,,,,0,0,28974,0.0,375.0,"[0.0, 0.0, 0.0, 0.0, 0.0]",
0,9,0,29022,nik_steamspy_tag_data,gaming,gaming,29022,VARCHAR audit view,0.0,0,finite numeric >=0,numeric,0,0,,,,,0,0,28999,0.0,51.0,"[0.0, 0.0, 0.0, 0.0, 0.0]",
0,46,0,29022,nik_steamspy_tag_data,god_game,god_game,29022,VARCHAR audit view,0.0,0,finite numeric >=0,numeric,0,0,,,,,0,0,28945,0.0,647.0,"[0.0, 0.0, 0.0, 0.0, 0.0]",
0,23,0,29022,nik_steamspy_tag_data,golf,golf,29022,VARCHAR audit view,0.0,0,finite numeric >=0,numeric,0,0,,,,,0,0,28988,0.0,210.0,"[0.0, 0.0, 0.0, 0.0, 0.0]",
0,189,0,29022,nik_steamspy_tag_data,gore,gore,29022,VARCHAR audit view,0.0,0,finite numeric >=0,numeric,0,0,,,,,0,0,27377,0.0,1624.0,"[0.0, 0.0, 0.0, 0.0, 40.79000000000087]",
0,41,0,29022,nik_steamspy_tag_data,gothic,gothic,29022,VARCHAR audit view,0.0,0,finite numeric >=0,numeric,0,0,,,,,0,0,28954,0.0,264.0,"[0.0, 0.0, 0.0, 0.0, 0.0]",
0,78,0,29022,nik_steamspy_tag_data,grand_strategy,grand_strategy,29022,VARCHAR audit view,0.0,0,finite numeric >=0,numeric,0,0,,,,,0,0,28867,0.0,1557.0,"[0.0, 0.0, 0.0, 0.0, 0.0]",
0,299,0,29022,nik_steamspy_tag_data,great_soundtrack,great_soundtrack,29022,VARCHAR audit view,0.0,0,finite numeric >=0,numeric,0,0,,,,,0,0,25815,0.0,7696.0,"[0.0, 0.0, 0.0, 9.0, 106.0]",
0,33,0,29022,nik_steamspy_tag_data,grid_based_movement,grid_based_movement,29022,VARCHAR audit view,0.0,0,finite numeric >=0,numeric,0,0,,,,,0,0,28946,0.0,247.0,"[0.0, 0.0, 0.0, 0.0, 0.0]",
0,28,0,29022,nik_steamspy_tag_data,gun_customization,gun_customization,29022,VARCHAR audit view,0.0,0,finite numeric >=0,numeric,0,0,,,,,0,0,28981,0.0,2872.0,"[0.0, 0.0, 0.0, 0.0, 0.0]",
0,148,0,29022,nik_steamspy_tag_data,hack_and_slash,hack_and_slash,29022,VARCHAR audit view,0.0,0,finite numeric >=0,numeric,0,0,,,,,0,0,28608,0.0,1775.0,"[0.0, 0.0, 0.0, 0.0, 14.0]",
0,44,0,29022,nik_steamspy_tag_data,hacking,hacking,29022,VARCHAR audit view,0.0,0,finite numeric >=0,numeric,0,0,,,,,0,0,28936,0.0,3228.0,"[0.0, 0.0, 0.0, 0.0, 0.0]",
0,67,0,29022,nik_steamspy_tag_data,hand_drawn,hand_drawn,29022,VARCHAR audit view,0.0,0,finite numeric >=0,numeric,0,0,,,,,0,0,28777,0.0,526.0,"[0.0, 0.0, 0.0, 0.0, 0.0]",
0,3,0,29022,nik_steamspy_tag_data,hardware,hardware,29022,VARCHAR audit view,0.0,0,finite numeric >=0,numeric,0,0,,,,,0,0,29020,0.0,32.0,"[0.0, 0.0, 0.0, 0.0, 0.0]",
0,31,0,29022,nik_steamspy_tag_data,heist,heist,29022,VARCHAR audit view,0.0,0,finite numeric >=0,numeric,0,0,,,,,0,0,28988,0.0,4932.0,"[0.0, 0.0, 0.0, 0.0, 0.0]",
0,49,0,29022,nik_steamspy_tag_data,hex_grid,hex_grid,29022,VARCHAR audit view,0.0,0,finite numeric >=0,numeric,0,0,,,,,0,0,28908,0.0,1094.0,"[0.0, 0.0, 0.0, 0.0, 0.0]",
0,66,0,29022,nik_steamspy_tag_data,hidden_object,hidden_object,29022,VARCHAR audit view,0.0,0,finite numeric >=0,numeric,0,0,,,,,0,0,28349,0.0,117.0,"[0.0, 0.0, 0.0, 0.0, 10.0]",
0,130,0,29022,nik_steamspy_tag_data,historical,historical,29022,VARCHAR audit view,0.0,0,finite numeric >=0,numeric,0,0,,,,,0,0,28571,0.0,1725.0,"[0.0, 0.0, 0.0, 0.0, 14.0]",
0,10,0,29022,nik_steamspy_tag_data,hockey,hockey,29022,VARCHAR audit view,0.0,0,finite numeric >=0,numeric,0,0,,,,,0,0,29010,0.0,56.0,"[0.0, 0.0, 0.0, 0.0, 0.0]",
0,247,0,29022,nik_steamspy_tag_data,horror,horror,29022,VARCHAR audit view,0.0,0,finite numeric >=0,numeric,0,0,,,,,0,0,26996,0.0,4859.0,"[0.0, 0.0, 0.0, 0.0, 55.79000000000087]",
0,27,0,29022,nik_steamspy_tag_data,horses,horses,29022,VARCHAR audit view,0.0,0,finite numeric >=0,numeric,0,0,,,,,0,0,28987,0.0,814.0,"[0.0, 0.0, 0.0, 0.0, 0.0]",
0,42,0,29022,nik_steamspy_tag_data,hunting,hunting,29022,VARCHAR audit view,0.0,0,finite numeric >=0,numeric,0,0,,,,,0,0,28961,0.0,1441.0,"[0.0, 0.0, 0.0, 0.0, 0.0]",
0,54,0,29022,nik_steamspy_tag_data,illuminati,illuminati,29022,VARCHAR audit view,0.0,0,finite numeric >=0,numeric,0,0,,,,,0,0,28866,0.0,2055.0,"[0.0, 0.0, 0.0, 0.0, 0.0]",
0,349,0,29022,nik_steamspy_tag_data,indie,indie,29022,VARCHAR audit view,0.0,0,finite numeric >=0,numeric,0,0,,,,,0,0,8240,0.0,4464.0,"[0.0, 21.0, 30.0, 40.0, 151.79000000000087]",
0,12,0,29022,nik_steamspy_tag_data,intentionally_awkward_controls,intentionally_awkward_controls,29022,VARCHAR audit view,0.0,0,finite numeric >=0,numeric,0,0,,,,,0,0,29003,0.0,282.0,"[0.0, 0.0, 0.0, 0.0, 0.0]",
0,50,0,29022,nik_steamspy_tag_data,interactive_fiction,interactive_fiction,29022,VARCHAR audit view,0.0,0,finite numeric >=0,numeric,0,0,,,,,0,0,28834,0.0,431.0,"[0.0, 0.0, 0.0, 0.0, 0.0]",
0,31,0,29022,nik_steamspy_tag_data,inventory_management,inventory_management,29022,VARCHAR audit view,0.0,0,finite numeric >=0,numeric,0,0,,,,,0,0,28983,0.0,935.0,"[0.0, 0.0, 0.0, 0.0, 0.0]",
0,19,0,29022,nik_steamspy_tag_data,investigation,investigation,29022,VARCHAR audit view,0.0,0,finite numeric >=0,numeric,0,0,,,,,0,0,28990,0.0,207.0,"[0.0, 0.0, 0.0, 0.0, 0.0]",
0,91,0,29022,nik_steamspy_tag_data,isometric,isometric,29022,VARCHAR audit view,0.0,0,finite numeric >=0,numeric,0,0,,,,,0,0,28676,0.0,669.0,"[0.0, 0.0, 0.0, 0.0, 10.0]",
0,116,0,29022,nik_steamspy_tag_data,jrpg,jrpg,29022,VARCHAR audit view,0.0,0,finite numeric >=0,numeric,0,0,,,,,0,0,28609,0.0,1211.0,"[0.0, 0.0, 0.0, 0.0, 11.0]",
0,3,0,29022,nik_steamspy_tag_data,jet,jet,29022,VARCHAR audit view,0.0,0,finite numeric >=0,numeric,0,0,,,,,0,0,29020,0.0,492.0,"[0.0, 0.0, 0.0, 0.0, 0.0]",
0,64,0,29022,nik_steamspy_tag_data,kickstarter,kickstarter,29022,VARCHAR audit view,0.0,0,finite numeric >=0,numeric,0,0,,,,,0,0,28866,0.0,278.0,"[0.0, 0.0, 0.0, 0.0, 0.0]",
0,29,0,29022,nik_steamspy_tag_data,lego,lego,29022,VARCHAR audit view,0.0,0,finite numeric >=0,numeric,0,0,,,,,0,0,28994,0.0,959.0,"[0.0, 0.0, 0.0, 0.0, 0.0]",
0,16,0,29022,nik_steamspy_tag_data,lara_croft,lara_croft,29022,VARCHAR audit view,0.0,0,finite numeric >=0,numeric,0,0,,,,,0,0,29007,0.0,856.0,"[0.0, 0.0, 0.0, 0.0, 0.0]",
0,15,0,29022,nik_steamspy_tag_data,lemmings,lemmings,29022,VARCHAR audit view,0.0,0,finite numeric >=0,numeric,0,0,,,,,0,0,29006,0.0,62.0,"[0.0, 0.0, 0.0, 0.0, 0.0]",
0,57,0,29022,nik_steamspy_tag_data,level_editor,level_editor,29022,VARCHAR audit view,0.0,0,finite numeric >=0,numeric,0,0,,,,,0,0,28807,0.0,1281.0,"[0.0, 0.0, 0.0, 0.0, 0.0]",
0,44,0,29022,nik_steamspy_tag_data,linear,linear,29022,VARCHAR audit view,0.0,0,finite numeric >=0,numeric,0,0,,,,,0,0,28932,0.0,671.0,"[0.0, 0.0, 0.0, 0.0, 0.0]",
0,130,0,29022,nik_steamspy_tag_data,local_co_op,local_co_op,29022,VARCHAR audit view,0.0,0,finite numeric >=0,numeric,0,0,,,,,0,0,28330,0.0,908.0,"[0.0, 0.0, 0.0, 0.0, 21.790000000000873]",
0,103,0,29022,nik_steamspy_tag_data,local_multiplayer,local_multiplayer,29022,VARCHAR audit view,0.0,0,finite numeric >=0,numeric,0,0,,,,,0,0,28257,0.0,1001.0,"[0.0, 0.0, 0.0, 0.0, 18.0]",
0,23,0,29022,nik_steamspy_tag_data,logic,logic,29022,VARCHAR audit view,0.0,0,finite numeric >=0,numeric,0,0,,,,,0,0,28907,0.0,182.0,"[0.0, 0.0, 0.0, 0.0, 0.0]",
0,57,0,29022,nik_steamspy_tag_data,loot,loot,29022,VARCHAR audit view,0.0,0,finite numeric >=0,numeric,0,0,,,,,0,0,28867,0.0,2404.0,"[0.0, 0.0, 0.0, 0.0, 0.0]",
0,36,0,29022,nik_steamspy_tag_data,lore_rich,lore_rich,29022,VARCHAR audit view,0.0,0,finite numeric >=0,numeric,0,0,,,,,0,0,28965,0.0,3107.0,"[0.0, 0.0, 0.0, 0.0, 0.0]",
0,63,0,29022,nik_steamspy_tag_data,lovecraftian,lovecraftian,29022,VARCHAR audit view,0.0,0,finite numeric >=0,numeric,0,0,,,,,0,0,28891,0.0,830.0,"[0.0, 0.0, 0.0, 0.0, 0.0]",
0,118,0,29022,nik_steamspy_tag_data,mmorpg,mmorpg,29022,VARCHAR audit view,0.0,0,finite numeric >=0,numeric,0,0,,,,,0,0,28812,0.0,1635.0,"[0.0, 0.0, 0.0, 0.0, 0.0]",
0,64,0,29022,nik_steamspy_tag_data,moba,moba,29022,VARCHAR audit view,0.0,0,finite numeric >=0,numeric,0,0,,,,,0,0,28907,0.0,8830.0,"[0.0, 0.0, 0.0, 0.0, 0.0]",
0,83,0,29022,nik_steamspy_tag_data,magic,magic,29022,VARCHAR audit view,0.0,0,finite numeric >=0,numeric,0,0,,,,,0,0,28763,0.0,2940.0,"[0.0, 0.0, 0.0, 0.0, 0.0]",
0,134,0,29022,nik_steamspy_tag_data,management,management,29022,VARCHAR audit view,0.0,0,finite numeric >=0,numeric,0,0,,,,,0,0,28475,0.0,1164.0,"[0.0, 0.0, 0.0, 0.0, 17.0]",
0,29,0,29022,nik_steamspy_tag_data,mars,mars,29022,VARCHAR audit view,0.0,0,finite numeric >=0,numeric,0,0,,,,,0,0,28983,0.0,148.0,"[0.0, 0.0, 0.0, 0.0, 0.0]",
0,27,0,29022,nik_steamspy_tag_data,martial_arts,martial_arts,29022,VARCHAR audit view,0.0,0,finite numeric >=0,numeric,0,0,,,,,0,0,28983,0.0,584.0,"[0.0, 0.0, 0.0, 0.0, 0.0]",
0,220,0,29022,nik_steamspy_tag_data,massively_multiplayer,massively_multiplayer,29022,VARCHAR audit view,0.0,0,finite numeric >=0,numeric,0,0,,,,,0,0,28054,0.0,3923.0,"[0.0, 0.0, 0.0, 0.0, 51.0]",
0,97,0,29022,nik_steamspy_tag_data,masterpiece,masterpiece,29022,VARCHAR audit view,0.0,0,finite numeric >=0,numeric,0,0,,,,,0,0,28733,0.0,1570.0,"[0.0, 0.0, 0.0, 0.0, 0.0]",
0,47,0,29022,nik_steamspy_tag_data,match_3,match_3,29022,VARCHAR audit view,0.0,0,finite numeric >=0,numeric,0,0,,,,,0,0,28776,0.0,340.0,"[0.0, 0.0, 0.0, 0.0, 0.0]",
0,135,0,29022,nik_steamspy_tag_data,mature,mature,29022,VARCHAR audit view,0.0,0,finite numeric >=0,numeric,0,0,,,,,0,0,28617,0.0,8969.0,"[0.0, 0.0, 0.0, 0.0, 15.0]",
0,58,0,29022,nik_steamspy_tag_data,mechs,mechs,29022,VARCHAR audit view,0.0,0,finite numeric >=0,numeric,0,0,,,,,0,0,28869,0.0,338.0,"[0.0, 0.0, 0.0, 0.0, 0.0]",
0,109,0,29022,nik_steamspy_tag_data,medieval,medieval,29022,VARCHAR audit view,0.0,0,finite numeric >=0,numeric,0,0,,,,,0,0,28736,0.0,3086.0,"[0.0, 0.0, 0.0, 0.0, 0.0]",
0,117,0,29022,nik_steamspy_tag_data,memes,memes,29022,VARCHAR audit view,0.0,0,finite numeric >=0,numeric,0,0,,,,,0,0,28403,0.0,2673.0,"[0.0, 0.0, 0.0, 0.0, 14.0]",
0,90,0,29022,nik_steamspy_tag_data,metroidvania,metroidvania,29022,VARCHAR audit view,0.0,0,finite numeric >=0,numeric,0,0,,,,,0,0,28749,0.0,858.0,"[0.0, 0.0, 0.0, 0.0, 0.0]",
0,113,0,29022,nik_steamspy_tag_data,military,military,29022,VARCHAR audit view,0.0,0,finite numeric >=0,numeric,0,0,,,,,0,0,28783,0.0,5854.0,"[0.0, 0.0, 0.0, 0.0, 0.0]",
0,18,0,29022,nik_steamspy_tag_data,mini_golf,mini_golf,29022,VARCHAR audit view,0.0,0,finite numeric >=0,numeric,0,0,,,,,0,0,28998,0.0,248.0,"[0.0, 0.0, 0.0, 0.0, 0.0]",
0,13,0,29022,nik_steamspy_tag_data,minigames,minigames,29022,VARCHAR audit view,0.0,0,finite numeric >=0,numeric,0,0,,,,,0,0,28993,0.0,95.0,"[0.0, 0.0, 0.0, 0.0, 0.0]",
0,58,0,29022,nik_steamspy_tag_data,minimalist,minimalist,29022,VARCHAR audit view,0.0,0,finite numeric >=0,numeric,0,0,,,,,0,0,28572,0.0,306.0,"[0.0, 0.0, 0.0, 0.0, 11.790000000000873]",
0,25,0,29022,nik_steamspy_tag_data,mining,mining,29022,VARCHAR audit view,0.0,0,finite numeric >=0,numeric,0,0,,,,,0,0,28983,0.0,165.0,"[0.0, 0.0, 0.0, 0.0, 0.0]",
0,33,0,29022,nik_steamspy_tag_data,mod,mod,29022,VARCHAR audit view,0.0,0,finite numeric >=0,numeric,0,0,,,,,0,0,28982,0.0,5894.0,"[0.0, 0.0, 0.0, 0.0, 0.0]",
0,140,0,29022,nik_steamspy_tag_data,moddable,moddable,29022,VARCHAR audit view,0.0,0,finite numeric >=0,numeric,0,0,,,,,0,0,28756,0.0,7223.0,"[0.0, 0.0, 0.0, 0.0, 0.0]",
0,25,0,29022,nik_steamspy_tag_data,modern,modern,29022,VARCHAR audit view,0.0,0,finite numeric >=0,numeric,0,0,,,,,0,0,28981,0.0,332.0,"[0.0, 0.0, 0.0, 0.0, 0.0]",
0,10,0,29022,nik_steamspy_tag_data,motocross,motocross,29022,VARCHAR audit view,0.0,0,finite numeric >=0,numeric,0,0,,,,,0,0,29008,0.0,49.0,"[0.0, 0.0, 0.0, 0.0, 0.0]",
0,7,0,29022,nik_steamspy_tag_data,motorbike,motorbike,29022,VARCHAR audit view,0.0,0,finite numeric >=0,numeric,0,0,,,,,0,0,29005,0.0,28.0,"[0.0, 0.0, 0.0, 0.0, 0.0]",
0,37,0,29022,nik_steamspy_tag_data,mouse_only,mouse_only,29022,VARCHAR audit view,0.0,0,finite numeric >=0,numeric,0,0,,,,,0,0,28841,0.0,552.0,"[0.0, 0.0, 0.0, 0.0, 0.0]",
0,15,0,29022,nik_steamspy_tag_data,movie,movie,29022,VARCHAR audit view,0.0,0,finite numeric >=0,numeric,0,0,,,,,0,0,28996,0.0,338.0,"[0.0, 0.0, 0.0, 0.0, 0.0]",
0,459,0,29022,nik_steamspy_tag_data,multiplayer,multiplayer,29022,VARCHAR audit view,0.0,0,finite numeric >=0,numeric,0,0,,,,,0,0,25911,0.0,16566.0,"[0.0, 0.0, 0.0, 7.0, 234.79000000000087]",
0,83,0,29022,nik_steamspy_tag_data,multiple_endings,multiple_endings,29022,VARCHAR audit view,0.0,0,finite numeric >=0,numeric,0,0,,,,,0,0,28756,0.0,5831.0,"[0.0, 0.0, 0.0, 0.0, 0.0]",
0,78,0,29022,nik_steamspy_tag_data,music,music,29022,VARCHAR audit view,0.0,0,finite numeric >=0,numeric,0,0,,,,,0,0,28636,0.0,1312.0,"[0.0, 0.0, 0.0, 0.0, 11.0]",
0,26,0,29022,nik_steamspy_tag_data,music_based_procedural_generation,music_based_procedural_generation,29022,VARCHAR audit view,0.0,0,finite numeric >=0,numeric,0,0,,,,,0,0,28971,0.0,274.0,"[0.0, 0.0, 0.0, 0.0, 0.0]",
0,107,0,29022,nik_steamspy_tag_data,mystery,mystery,29022,VARCHAR audit view,0.0,0,finite numeric >=0,numeric,0,0,,,,,0,0,28334,0.0,1900.0,"[0.0, 0.0, 0.0, 0.0, 18.0]",
0,20,0,29022,nik_steamspy_tag_data,mystery_dungeon,mystery_dungeon,29022,VARCHAR audit view,0.0,0,finite numeric >=0,numeric,0,0,,,,,0,0,28994,0.0,46.0,"[0.0, 0.0, 0.0, 0.0, 0.0]",
0,37,0,29022,nik_steamspy_tag_data,mythology,mythology,29022,VARCHAR audit view,0.0,0,finite numeric >=0,numeric,0,0,,,,,0,0,28954,0.0,760.0,"[0.0, 0.0, 0.0, 0.0, 0.0]",
0,35,0,29022,nik_steamspy_tag_data,nsfw,nsfw,29022,VARCHAR audit view,0.0,0,finite numeric >=0,numeric,0,0,,,,,0,0,28967,0.0,460.0,"[0.0, 0.0, 0.0, 0.0, 0.0]",
0,45,0,29022,nik_steamspy_tag_data,narration,narration,29022,VARCHAR audit view,0.0,0,finite numeric >=0,numeric,0,0,,,,,0,0,28921,0.0,1287.0,"[0.0, 0.0, 0.0, 0.0, 0.0]",
0,51,0,29022,nik_steamspy_tag_data,naval,naval,29022,VARCHAR audit view,0.0,0,finite numeric >=0,numeric,0,0,,,,,0,0,28913,0.0,701.0,"[0.0, 0.0, 0.0, 0.0, 0.0]",
0,52,0,29022,nik_steamspy_tag_data,ninja,ninja,29022,VARCHAR audit view,0.0,0,finite numeric >=0,numeric,0,0,,,,,0,0,28923,0.0,3069.0,"[0.0, 0.0, 0.0, 0.0, 0.0]",
0,49,0,29022,nik_steamspy_tag_data,noir,noir,29022,VARCHAR audit view,0.0,0,finite numeric >=0,numeric,0,0,,,,,0,0,28928,0.0,576.0,"[0.0, 0.0, 0.0, 0.0, 0.0]",
0,17,0,29022,nik_steamspy_tag_data,nonlinear,nonlinear,29022,VARCHAR audit view,0.0,0,finite numeric >=0,numeric,0,0,,,,,0,0,28973,0.0,346.0,"[0.0, 0.0, 0.0, 0.0, 0.0]",
0,170,0,29022,nik_steamspy_tag_data,nudity,nudity,29022,VARCHAR audit view,0.0,0,finite numeric >=0,numeric,0,0,,,,,0,0,27753,0.0,2932.0,"[0.0, 0.0, 0.0, 0.0, 47.0]",
0,29,0,29022,nik_steamspy_tag_data,offroad,offroad,29022,VARCHAR audit view,0.0,0,finite numeric >=0,numeric,0,0,,,,,0,0,28975,0.0,1561.0,"[0.0, 0.0, 0.0, 0.0, 0.0]",
0,51,0,29022,nik_steamspy_tag_data,old_school,old_school,29022,VARCHAR audit view,0.0,0,finite numeric >=0,numeric,0,0,,,,,0,0,28812,0.0,193.0,"[0.0, 0.0, 0.0, 0.0, 0.0]",
0,24,0,29022,nik_steamspy_tag_data,on_rails_shooter,on_rails_shooter,29022,VARCHAR audit view,0.0,0,finite numeric >=0,numeric,0,0,,,,,0,0,28981,0.0,2339.0,"[0.0, 0.0, 0.0, 0.0, 0.0]",
0,210,0,29022,nik_steamspy_tag_data,online_co_op,online_co_op,29022,VARCHAR audit view,0.0,0,finite numeric >=0,numeric,0,0,,,,,0,0,28462,0.0,7271.0,"[0.0, 0.0, 0.0, 0.0, 29.0]",
0,392,0,29022,nik_steamspy_tag_data,open_world,open_world,29022,VARCHAR audit view,0.0,0,finite numeric >=0,numeric,0,0,,,,,0,0,27458,0.0,22666.0,"[0.0, 0.0, 0.0, 0.0, 156.0]",
0,44,0,29022,nik_steamspy_tag_data,otome,otome,29022,VARCHAR audit view,0.0,0,finite numeric >=0,numeric,0,0,,,,,0,0,28879,0.0,149.0,"[0.0, 0.0, 0.0, 0.0, 0.0]",
0,99,0,29022,nik_steamspy_tag_data,parkour,parkour,29022,VARCHAR audit view,0.0,0,finite numeric >=0,numeric,0,0,,,,,0,0,28840,0.0,2739.0,"[0.0, 0.0, 0.0, 0.0, 0.0]",
0,41,0,29022,nik_steamspy_tag_data,parody,parody_,29022,VARCHAR audit view,0.0,0,finite numeric >=0,numeric,0,0,,,,,0,0,28952,0.0,399.0,"[0.0, 0.0, 0.0, 0.0, 0.0]",
0,54,0,29022,nik_steamspy_tag_data,party_based_rpg,party_based_rpg,29022,VARCHAR audit view,0.0,0,finite numeric >=0,numeric,0,0,,,,,0,0,28907,0.0,458.0,"[0.0, 0.0, 0.0, 0.0, 0.0]",
0,66,0,29022,nik_steamspy_tag_data,perma_death,perma_death,29022,VARCHAR audit view,0.0,0,finite numeric >=0,numeric,0,0,,,,,0,0,28796,0.0,1253.0,"[0.0, 0.0, 0.0, 0.0, 0.0]",
0,23,0,29022,nik_steamspy_tag_data,philisophical,philisophical,29022,VARCHAR audit view,0.0,0,finite numeric >=0,numeric,0,0,,,,,0,0,28971,0.0,298.0,"[0.0, 0.0, 0.0, 0.0, 0.0]",
0,16,0,29022,nik_steamspy_tag_data,photo_editing,photo_editing,29022,VARCHAR audit view,0.0,0,finite numeric >=0,numeric,0,0,,,,,0,0,28967,0.0,75.0,"[0.0, 0.0, 0.0, 0.0, 0.0]",
0,116,0,29022,nik_steamspy_tag_data,physics,physics,29022,VARCHAR audit view,0.0,0,finite numeric >=0,numeric,0,0,,,,,0,0,28403,0.0,4825.0,"[0.0, 0.0, 0.0, 0.0, 15.0]",
0,24,0,29022,nik_steamspy_tag_data,pinball,pinball,29022,VARCHAR audit view,0.0,0,finite numeric >=0,numeric,0,0,,,,,0,0,28986,0.0,229.0,"[0.0, 0.0, 0.0, 0.0, 0.0]",
0,64,0,29022,nik_steamspy_tag_data,pirates,pirates,29022,VARCHAR audit view,0.0,0,finite numeric >=0,numeric,0,0,,,,,0,0,28893,0.0,1338.0,"[0.0, 0.0, 0.0, 0.0, 0.0]",
0,174,0,29022,nik_steamspy_tag_data,pixel_graphics,pixel_graphics,29022,VARCHAR audit view,0.0,0,finite numeric >=0,numeric,0,0,,,,,0,0,27035,0.0,5639.0,"[0.0, 0.0, 0.0, 0.0, 40.0]",
0,187,0,29022,nik_steamspy_tag_data,platformer,platformer,29022,VARCHAR audit view,0.0,0,finite numeric >=0,numeric,0,0,,,,,0,0,27019,0.0,2352.0,"[0.0, 0.0, 0.0, 0.0, 45.0]",
0,139,0,29022,nik_steamspy_tag_data,point_click,point_&_click,29022,VARCHAR audit view,0.0,0,finite numeric >=0,numeric,0,0,,,,,0,0,27870,0.0,1083.0,"[0.0, 0.0, 0.0, 0.0, 32.0]",
0,42,0,29022,nik_steamspy_tag_data,political,political,29022,VARCHAR audit view,0.0,0,finite numeric >=0,numeric,0,0,,,,,0,0,28926,0.0,1048.0,"[0.0, 0.0, 0.0, 0.0, 0.0]",
0,49,0,29022,nik_steamspy_tag_data,politics,politics,29022,VARCHAR audit view,0.0,0,finite numeric >=0,numeric,0,0,,,,,0,0,28940,0.0,298.0,"[0.0, 0.0, 0.0, 0.0, 0.0]",
0,10,0,29022,nik_steamspy_tag_data,pool,pool,29022,VARCHAR audit view,0.0,0,finite numeric >=0,numeric,0,0,,,,,0,0,29010,0.0,76.0,"[0.0, 0.0, 0.0, 0.0, 0.0]",
0,140,0,29022,nik_steamspy_tag_data,post_apocalyptic,post_apocalyptic,29022,VARCHAR audit view,0.0,0,finite numeric >=0,numeric,0,0,,,,,0,0,28693,0.0,6816.0,"[0.0, 0.0, 0.0, 0.0, 10.0]",
0,76,0,29022,nik_steamspy_tag_data,procedural_generation,procedural_generation,29022,VARCHAR audit view,0.0,0,finite numeric >=0,numeric,0,0,,,,,0,0,28642,0.0,2437.0,"[0.0, 0.0, 0.0, 0.0, 11.0]",
0,34,0,29022,nik_steamspy_tag_data,programming,programming,29022,VARCHAR audit view,0.0,0,finite numeric >=0,numeric,0,0,,,,,0,0,28959,0.0,290.0,"[0.0, 0.0, 0.0, 0.0, 0.0]",
0,39,0,29022,nik_steamspy_tag_data,psychedelic,psychedelic,29022,VARCHAR audit view,0.0,0,finite numeric >=0,numeric,0,0,,,,,0,0,28921,0.0,803.0,"[0.0, 0.0, 0.0, 0.0, 0.0]",
0,48,0,29022,nik_steamspy_tag_data,psychological,psychological,29022,VARCHAR audit view,0.0,0,finite numeric >=0,numeric,0,0,,,,,0,0,28868,0.0,833.0,"[0.0, 0.0, 0.0, 0.0, 0.0]",
0,138,0,29022,nik_steamspy_tag_data,psychological_horror,psychological_horror,29022,VARCHAR audit view,0.0,0,finite numeric >=0,numeric,0,0,,,,,0,0,28173,0.0,4818.0,"[0.0, 0.0, 0.0, 0.0, 20.0]",
0,185,0,29022,nik_steamspy_tag_data,puzzle,puzzle,29022,VARCHAR audit view,0.0,0,finite numeric >=0,numeric,0,0,,,,,0,0,25724,0.0,4024.0,"[0.0, 0.0, 0.0, 8.0, 53.0]",
0,64,0,29022,nik_steamspy_tag_data,puzzle_platformer,puzzle_platformer,29022,VARCHAR audit view,0.0,0,finite numeric >=0,numeric,0,0,,,,,0,0,28456,0.0,323.0,"[0.0, 0.0, 0.0, 0.0, 12.0]",
0,49,0,29022,nik_steamspy_tag_data,pve,pve,29022,VARCHAR audit view,0.0,0,finite numeric >=0,numeric,0,0,,,,,0,0,28931,0.0,1958.0,"[0.0, 0.0, 0.0, 0.0, 0.0]",
0,140,0,29022,nik_steamspy_tag_data,pvp,pvp,29022,VARCHAR audit view,0.0,0,finite numeric >=0,numeric,0,0,,,,,0,0,28649,0.0,7916.0,"[0.0, 0.0, 0.0, 0.0, 12.0]",
0,36,0,29022,nik_steamspy_tag_data,quick_time_events,quick_time_events,29022,VARCHAR audit view,0.0,0,finite numeric >=0,numeric,0,0,,,,,0,0,28974,0.0,680.0,"[0.0, 0.0, 0.0, 0.0, 0.0]",
0,365,0,29022,nik_steamspy_tag_data,rpg,rpg,29022,VARCHAR audit view,0.0,0,finite numeric >=0,numeric,0,0,,,,,0,0,24122,0.0,7507.0,"[0.0, 0.0, 0.0, 22.0, 147.0]",
0,77,0,29022,nik_steamspy_tag_data,rpgmaker,rpgmaker,29022,VARCHAR audit view,0.0,0,finite numeric >=0,numeric,0,0,,,,,0,0,28274,0.0,503.0,"[0.0, 0.0, 0.0, 0.0, 15.0]",
0,142,0,29022,nik_steamspy_tag_data,rts,rts,29022,VARCHAR audit view,0.0,0,finite numeric >=0,numeric,0,0,,,,,0,0,28494,0.0,2594.0,"[0.0, 0.0, 0.0, 0.0, 16.0]",
0,155,0,29022,nik_steamspy_tag_data,racing,racing,29022,VARCHAR audit view,0.0,0,finite numeric >=0,numeric,0,0,,,,,0,0,27891,0.0,8915.0,"[0.0, 0.0, 0.0, 0.0, 37.0]",
0,47,0,29022,nik_steamspy_tag_data,real_time_tactics,real_time_tactics,29022,VARCHAR audit view,0.0,0,finite numeric >=0,numeric,0,0,,,,,0,0,28928,0.0,440.0,"[0.0, 0.0, 0.0, 0.0, 0.0]",
0,62,0,29022,nik_steamspy_tag_data,real_time,real_time,29022,VARCHAR audit view,0.0,0,finite numeric >=0,numeric,0,0,,,,,0,0,28866,0.0,312.0,"[0.0, 0.0, 0.0, 0.0, 0.0]",
0,67,0,29022,nik_steamspy_tag_data,real_time_with_pause,real_time_with_pause,29022,VARCHAR audit view,0.0,0,finite numeric >=0,numeric,0,0,,,,,0,0,28869,0.0,889.0,"[0.0, 0.0, 0.0, 0.0, 0.0]",
0,139,0,29022,nik_steamspy_tag_data,realistic,realistic,29022,VARCHAR audit view,0.0,0,finite numeric >=0,numeric,0,0,,,,,0,0,28634,0.0,3998.0,"[0.0, 0.0, 0.0, 0.0, 11.0]",
0,81,0,29022,nik_steamspy_tag_data,relaxing,relaxing,29022,VARCHAR audit view,0.0,0,finite numeric >=0,numeric,0,0,,,,,0,0,28180,0.0,2385.0,"[0.0, 0.0, 0.0, 0.0, 14.0]",
0,78,0,29022,nik_steamspy_tag_data,remake,remake,29022,VARCHAR audit view,0.0,0,finite numeric >=0,numeric,0,0,,,,,0,0,28888,0.0,944.0,"[0.0, 0.0, 0.0, 0.0, 0.0]",
0,117,0,29022,nik_steamspy_tag_data,replay_value,replay_value,29022,VARCHAR audit view,0.0,0,finite numeric >=0,numeric,0,0,,,,,0,0,28224,0.0,3639.0,"[0.0, 0.0, 0.0, 0.0, 21.0]",
0,84,0,29022,nik_steamspy_tag_data,resource_management,resource_management,29022,VARCHAR audit view,0.0,0,finite numeric >=0,numeric,0,0,,,,,0,0,28777,0.0,1426.0,"[0.0, 0.0, 0.0, 0.0, 0.0]",
0,111,0,29022,nik_steamspy_tag_data,retro,retro,29022,VARCHAR audit view,0.0,0,finite numeric >=0,numeric,0,0,,,,,0,0,27462,0.0,2480.0,"[0.0, 0.0, 0.0, 0.0, 27.0]",
0,61,0,29022,nik_steamspy_tag_data,rhythm,rhythm,29022,VARCHAR audit view,0.0,0,finite numeric >=0,numeric,0,0,,,,,0,0,28854,0.0,1133.0,"[0.0, 0.0, 0.0, 0.0, 0.0]",
0,87,0,29022,nik_steamspy_tag_data,robots,robots,29022,VARCHAR audit view,0.0,0,finite numeric >=0,numeric,0,0,,,,,0,0,28730,0.0,3112.0,"[0.0, 0.0, 0.0, 0.0, 5.0]",
0,122,0,29022,nik_steamspy_tag_data,rogue_like,rogue_like,29022,VARCHAR audit view,0.0,0,finite numeric >=0,numeric,0,0,,,,,0,0,28326,0.0,2130.0,"[0.0, 0.0, 0.0, 0.0, 20.0]",
0,79,0,29022,nik_steamspy_tag_data,rogue_lite,rogue_lite,29022,VARCHAR audit view,0.0,0,finite numeric >=0,numeric,0,0,,,,,0,0,28551,0.0,597.0,"[0.0, 0.0, 0.0, 0.0, 12.0]",
0,81,0,29022,nik_steamspy_tag_data,romance,romance,29022,VARCHAR audit view,0.0,0,finite numeric >=0,numeric,0,0,,,,,0,0,28732,0.0,2106.0,"[0.0, 0.0, 0.0, 0.0, 0.0]",
0,26,0,29022,nik_steamspy_tag_data,rome,rome,29022,VARCHAR audit view,0.0,0,finite numeric >=0,numeric,0,0,,,,,0,0,28992,0.0,805.0,"[0.0, 0.0, 0.0, 0.0, 0.0]",
0,33,0,29022,nik_steamspy_tag_data,runner,runner,29022,VARCHAR audit view,0.0,0,finite numeric >=0,numeric,0,0,,,,,0,0,28911,0.0,94.0,"[0.0, 0.0, 0.0, 0.0, 0.0]",
0,24,0,29022,nik_steamspy_tag_data,sailing,sailing,29022,VARCHAR audit view,0.0,0,finite numeric >=0,numeric,0,0,,,,,0,0,28986,0.0,78.0,"[0.0, 0.0, 0.0, 0.0, 0.0]",
0,271,0,29022,nik_steamspy_tag_data,sandbox,sandbox,29022,VARCHAR audit view,0.0,0,finite numeric >=0,numeric,0,0,,,,,0,0,27990,0.0,11796.0,"[0.0, 0.0, 0.0, 0.0, 72.0]",
0,35,0,29022,nik_steamspy_tag_data,satire,satire,29022,VARCHAR audit view,0.0,0,finite numeric >=0,numeric,0,0,,,,,0,0,28959,0.0,828.0,"[0.0, 0.0, 0.0, 0.0, 0.0]",
0,250,0,29022,nik_steamspy_tag_data,sci_fi,sci_fi,29022,VARCHAR audit view,0.0,0,finite numeric >=0,numeric,0,0,,,,,0,0,27294,0.0,3440.0,"[0.0, 0.0, 0.0, 0.0, 63.79000000000087]",
0,41,0,29022,nik_steamspy_tag_data,science,science,29022,VARCHAR audit view,0.0,0,finite numeric >=0,numeric,0,0,,,,,0,0,28919,0.0,1673.0,"[0.0, 0.0, 0.0, 0.0, 0.0]",
0,36,0,29022,nik_steamspy_tag_data,score_attack,score_attack,29022,VARCHAR audit view,0.0,0,finite numeric >=0,numeric,0,0,,,,,0,0,28883,0.0,200.0,"[0.0, 0.0, 0.0, 0.0, 0.0]",
0,12,0,29022,nik_steamspy_tag_data,sequel,sequel,29022,VARCHAR audit view,0.0,0,finite numeric >=0,numeric,0,0,,,,,0,0,29005,0.0,105.0,"[0.0, 0.0, 0.0, 0.0, 0.0]",
0,152,0,29022,nik_steamspy_tag_data,sexual_content,sexual_content,29022,VARCHAR audit view,0.0,0,finite numeric >=0,numeric,0,0,,,,,0,0,28008,0.0,1380.0,"[0.0, 0.0, 0.0, 0.0, 40.0]",
0,79,0,29022,nik_steamspy_tag_data,shoot_em_up,shoot_em_up,29022,VARCHAR audit view,0.0,0,finite numeric >=0,numeric,0,0,,,,,0,0,28273,0.0,621.0,"[0.0, 0.0, 0.0, 0.0, 16.0]",
0,296,0,29022,nik_steamspy_tag_data,shooter,shooter,29022,VARCHAR audit view,0.0,0,finite numeric >=0,numeric,0,0,,,,,0,0,27276,0.0,15483.0,"[0.0, 0.0, 0.0, 0.0, 87.0]",
0,95,0,29022,nik_steamspy_tag_data,short,short,29022,VARCHAR audit view,0.0,0,finite numeric >=0,numeric,0,0,,,,,0,0,28409,0.0,1717.0,"[0.0, 0.0, 0.0, 0.0, 14.0]",
0,97,0,29022,nik_steamspy_tag_data,side_scroller,side_scroller,29022,VARCHAR audit view,0.0,0,finite numeric >=0,numeric,0,0,,,,,0,0,28395,0.0,447.0,"[0.0, 0.0, 0.0, 0.0, 16.0]",
0,30,0,29022,nik_steamspy_tag_data,silent_protagonist,silent_protagonist,29022,VARCHAR audit view,0.0,0,finite numeric >=0,numeric,0,0,,,,,0,0,28966,0.0,512.0,"[0.0, 0.0, 0.0, 0.0, 0.0]",
0,305,0,29022,nik_steamspy_tag_data,simulation,simulation,29022,VARCHAR audit view,0.0,0,finite numeric >=0,numeric,0,0,,,,,0,0,23167,0.0,7525.0,"[0.0, 0.0, 0.0, 23.0, 107.0]",
0,461,0,29022,nik_steamspy_tag_data,singleplayer,singleplayer,29022,VARCHAR audit view,0.0,0,finite numeric >=0,numeric,0,0,,,,,0,0,22243,0.0,9402.0,"[0.0, 0.0, 0.0, 20.0, 242.0]",
0,8,0,29022,nik_steamspy_tag_data,skateboarding,skateboarding,29022,VARCHAR audit view,0.0,0,finite numeric >=0,numeric,0,0,,,,,0,0,29014,0.0,71.0,"[0.0, 0.0, 0.0, 0.0, 0.0]",
0,4,0,29022,nik_steamspy_tag_data,skating,skating,29022,VARCHAR audit view,0.0,0,finite numeric >=0,numeric,0,0,,,,,0,0,29018,0.0,25.0,"[0.0, 0.0, 0.0, 0.0, 0.0]",
0,4,0,29022,nik_steamspy_tag_data,skiing,skiing,29022,VARCHAR audit view,0.0,0,finite numeric >=0,numeric,0,0,,,,,0,0,29019,0.0,56.0,"[0.0, 0.0, 0.0, 0.0, 0.0]",
0,26,0,29022,nik_steamspy_tag_data,sniper,sniper,29022,VARCHAR audit view,0.0,0,finite numeric >=0,numeric,0,0,,,,,0,0,28987,0.0,848.0,"[0.0, 0.0, 0.0, 0.0, 0.0]",
0,6,0,29022,nik_steamspy_tag_data,snow,snow,29022,VARCHAR audit view,0.0,0,finite numeric >=0,numeric,0,0,,,,,0,0,29013,0.0,102.0,"[0.0, 0.0, 0.0, 0.0, 0.0]",
0,6,0,29022,nik_steamspy_tag_data,snowboarding,snowboarding,29022,VARCHAR audit view,0.0,0,finite numeric >=0,numeric,0,0,,,,,0,0,29017,0.0,55.0,"[0.0, 0.0, 0.0, 0.0, 0.0]",
0,33,0,29022,nik_steamspy_tag_data,soccer,soccer,29022,VARCHAR audit view,0.0,0,finite numeric >=0,numeric,0,0,,,,,0,0,28959,0.0,2048.0,"[0.0, 0.0, 0.0, 0.0, 0.0]",
0,44,0,29022,nik_steamspy_tag_data,software,software,29022,VARCHAR audit view,0.0,0,finite numeric >=0,numeric,0,0,,,,,0,0,28923,0.0,398.0,"[0.0, 0.0, 0.0, 0.0, 0.0]",
0,31,0,29022,nik_steamspy_tag_data,software_training,software_training,29022,VARCHAR audit view,0.0,0,finite numeric >=0,numeric,0,0,,,,,0,0,28923,0.0,126.0,"[0.0, 0.0, 0.0, 0.0, 0.0]",
0,20,0,29022,nik_steamspy_tag_data,sokoban,sokoban,29022,VARCHAR audit view,0.0,0,finite numeric >=0,numeric,0,0,,,,,0,0,28984,0.0,42.0,"[0.0, 0.0, 0.0, 0.0, 0.0]",
0,44,0,29022,nik_steamspy_tag_data,souls_like,souls_like,29022,VARCHAR audit view,0.0,0,finite numeric >=0,numeric,0,0,,,,,0,0,28964,0.0,458.0,"[0.0, 0.0, 0.0, 0.0, 0.0]",
0,20,0,29022,nik_steamspy_tag_data,soundtrack,soundtrack,29022,VARCHAR audit view,0.0,0,finite numeric >=0,numeric,0,0,,,,,0,0,28941,0.0,45.0,"[0.0, 0.0, 0.0, 0.0, 0.0]",
0,157,0,29022,nik_steamspy_tag_data,space,space,29022,VARCHAR audit view,0.0,0,finite numeric >=0,numeric,0,0,,,,,0,0,28043,0.0,3378.0,"[0.0, 0.0, 0.0, 0.0, 28.0]",
0,57,0,29022,nik_steamspy_tag_data,space_sim,space_sim,29022,VARCHAR audit view,0.0,0,finite numeric >=0,numeric,0,0,,,,,0,0,28879,0.0,1543.0,"[0.0, 0.0, 0.0, 0.0, 0.0]",
0,35,0,29022,nik_steamspy_tag_data,spectacle_fighter,spectacle_fighter,29022,VARCHAR audit view,0.0,0,finite numeric >=0,numeric,0,0,,,,,0,0,28976,0.0,842.0,"[0.0, 0.0, 0.0, 0.0, 0.0]",
0,8,0,29022,nik_steamspy_tag_data,spelling,spelling,29022,VARCHAR audit view,0.0,0,finite numeric >=0,numeric,0,0,,,,,0,0,29014,0.0,87.0,"[0.0, 0.0, 0.0, 0.0, 0.0]",
0,51,0,29022,nik_steamspy_tag_data,split_screen,split_screen,29022,VARCHAR audit view,0.0,0,finite numeric >=0,numeric,0,0,,,,,0,0,28893,0.0,935.0,"[0.0, 0.0, 0.0, 0.0, 0.0]",
0,125,0,29022,nik_steamspy_tag_data,sports,sports,29022,VARCHAR audit view,0.0,0,finite numeric >=0,numeric,0,0,,,,,0,0,27576,0.0,1896.0,"[0.0, 0.0, 0.0, 0.0, 32.0]",
0,34,0,29022,nik_steamspy_tag_data,star_wars,star_wars,29022,VARCHAR audit view,0.0,0,finite numeric >=0,numeric,0,0,,,,,0,0,28984,0.0,1032.0,"[0.0, 0.0, 0.0, 0.0, 0.0]",
0,170,0,29022,nik_steamspy_tag_data,stealth,stealth,29022,VARCHAR audit view,0.0,0,finite numeric >=0,numeric,0,0,,,,,0,0,28619,0.0,4331.0,"[0.0, 0.0, 0.0, 0.0, 13.0]",
0,9,0,29022,nik_steamspy_tag_data,steam_machine,steam_machine,29022,VARCHAR audit view,0.0,0,finite numeric >=0,numeric,0,0,,,,,0,0,29011,0.0,31.0,"[0.0, 0.0, 0.0, 0.0, 0.0]",
0,73,0,29022,nik_steamspy_tag_data,steampunk,steampunk,29022,VARCHAR audit view,0.0,0,finite numeric >=0,numeric,0,0,,,,,0,0,28830,0.0,1475.0,"[0.0, 0.0, 0.0, 0.0, 0.0]",
0,291,0,29022,nik_steamspy_tag_data,story_rich,story_rich,29022,VARCHAR audit view,0.0,0,finite numeric >=0,numeric,0,0,,,,,0,0,26899,0.0,6908.0,"[0.0, 0.0, 0.0, 0.0, 89.0]",
0,342,0,29022,nik_steamspy_tag_data,strategy,strategy,29022,VARCHAR audit view,0.0,0,finite numeric >=0,numeric,0,0,,,,,0,0,23022,0.0,8242.0,"[0.0, 0.0, 0.0, 25.0, 139.0]",
0,34,0,29022,nik_steamspy_tag_data,strategy_rpg,strategy_rpg,29022,VARCHAR audit view,0.0,0,finite numeric >=0,numeric,0,0,,,,,0,0,28913,0.0,238.0,"[0.0, 0.0, 0.0, 0.0, 0.0]",
0,54,0,29022,nik_steamspy_tag_data,stylized,stylized,29022,VARCHAR audit view,0.0,0,finite numeric >=0,numeric,0,0,,,,,0,0,28744,0.0,805.0,"[0.0, 0.0, 0.0, 0.0, 0.0]",
0,15,0,29022,nik_steamspy_tag_data,submarine,submarine,29022,VARCHAR audit view,0.0,0,finite numeric >=0,numeric,0,0,,,,,0,0,29003,0.0,62.0,"[0.0, 0.0, 0.0, 0.0, 0.0]",
0,51,0,29022,nik_steamspy_tag_data,superhero,superhero,29022,VARCHAR audit view,0.0,0,finite numeric >=0,numeric,0,0,,,,,0,0,28941,0.0,669.0,"[0.0, 0.0, 0.0, 0.0, 0.0]",
0,40,0,29022,nik_steamspy_tag_data,supernatural,supernatural,29022,VARCHAR audit view,0.0,0,finite numeric >=0,numeric,0,0,,,,,0,0,28953,0.0,367.0,"[0.0, 0.0, 0.0, 0.0, 0.0]",
0,78,0,29022,nik_steamspy_tag_data,surreal,surreal,29022,VARCHAR audit view,0.0,0,finite numeric >=0,numeric,0,0,,,,,0,0,28736,0.0,561.0,"[0.0, 0.0, 0.0, 0.0, 0.0]",
0,297,0,29022,nik_steamspy_tag_data,survival,survival,29022,VARCHAR audit view,0.0,0,finite numeric >=0,numeric,0,0,,,,,0,0,27698,0.0,13099.0,"[0.0, 0.0, 0.0, 0.0, 81.0]",
0,145,0,29022,nik_steamspy_tag_data,survival_horror,survival_horror,29022,VARCHAR audit view,0.0,0,finite numeric >=0,numeric,0,0,,,,,0,0,28484,0.0,2912.0,"[0.0, 0.0, 0.0, 0.0, 13.0]",
0,46,0,29022,nik_steamspy_tag_data,swordplay,swordplay,29022,VARCHAR audit view,0.0,0,finite numeric >=0,numeric,0,0,,,,,0,0,28942,0.0,642.0,"[0.0, 0.0, 0.0, 0.0, 0.0]",
0,179,0,29022,nik_steamspy_tag_data,tactical,tactical,29022,VARCHAR audit view,0.0,0,finite numeric >=0,numeric,0,0,,,,,0,0,28364,0.0,10277.0,"[0.0, 0.0, 0.0, 0.0, 28.0]",
0,44,0,29022,nik_steamspy_tag_data,tactical_rpg,tactical_rpg,29022,VARCHAR audit view,0.0,0,finite numeric >=0,numeric,0,0,,,,,0,0,28917,0.0,210.0,"[0.0, 0.0, 0.0, 0.0, 0.0]",
0,46,0,29022,nik_steamspy_tag_data,tanks,tanks,29022,VARCHAR audit view,0.0,0,finite numeric >=0,numeric,0,0,,,,,0,0,28908,0.0,1901.0,"[0.0, 0.0, 0.0, 0.0, 0.0]",
0,103,0,29022,nik_steamspy_tag_data,team_based,team_based,29022,VARCHAR audit view,0.0,0,finite numeric >=0,numeric,0,0,,,,,0,0,28838,0.0,12458.0,"[0.0, 0.0, 0.0, 0.0, 0.0]",
0,14,0,29022,nik_steamspy_tag_data,tennis,tennis,29022,VARCHAR audit view,0.0,0,finite numeric >=0,numeric,0,0,,,,,0,0,29005,0.0,67.0,"[0.0, 0.0, 0.0, 0.0, 0.0]",
0,35,0,29022,nik_steamspy_tag_data,text_based,text_based,29022,VARCHAR audit view,0.0,0,finite numeric >=0,numeric,0,0,,,,,0,0,28774,0.0,56.0,"[0.0, 0.0, 0.0, 0.0, 0.0]",
0,255,0,29022,nik_steamspy_tag_data,third_person,third_person,29022,VARCHAR audit view,0.0,0,finite numeric >=0,numeric,0,0,,,,,0,0,28194,0.0,14425.0,"[0.0, 0.0, 0.0, 0.0, 56.79000000000087]",
0,141,0,29022,nik_steamspy_tag_data,third_person_shooter,third_person_shooter,29022,VARCHAR audit view,0.0,0,finite numeric >=0,numeric,0,0,,,,,0,0,28687,0.0,9442.0,"[0.0, 0.0, 0.0, 0.0, 10.0]",
0,35,0,29022,nik_steamspy_tag_data,thriller,thriller,29022,VARCHAR audit view,0.0,0,finite numeric >=0,numeric,0,0,,,,,0,0,28947,0.0,412.0,"[0.0, 0.0, 0.0, 0.0, 0.0]",
0,29,0,29022,nik_steamspy_tag_data,time_attack,time_attack,29022,VARCHAR audit view,0.0,0,finite numeric >=0,numeric,0,0,,,,,0,0,28957,0.0,188.0,"[0.0, 0.0, 0.0, 0.0, 0.0]",
0,27,0,29022,nik_steamspy_tag_data,time_management,time_management,29022,VARCHAR audit view,0.0,0,finite numeric >=0,numeric,0,0,,,,,0,0,28909,0.0,61.0,"[0.0, 0.0, 0.0, 0.0, 0.0]",
0,31,0,29022,nik_steamspy_tag_data,time_manipulation,time_manipulation,29022,VARCHAR audit view,0.0,0,finite numeric >=0,numeric,0,0,,,,,0,0,28971,0.0,2029.0,"[0.0, 0.0, 0.0, 0.0, 0.0]",
0,44,0,29022,nik_steamspy_tag_data,time_travel,time_travel,29022,VARCHAR audit view,0.0,0,finite numeric >=0,numeric,0,0,,,,,0,0,28952,0.0,3061.0,"[0.0, 0.0, 0.0, 0.0, 0.0]",
0,87,0,29022,nik_steamspy_tag_data,top_down,top_down,29022,VARCHAR audit view,0.0,0,finite numeric >=0,numeric,0,0,,,,,0,0,28547,0.0,1071.0,"[0.0, 0.0, 0.0, 0.0, 12.0]",
0,67,0,29022,nik_steamspy_tag_data,top_down_shooter,top_down_shooter,29022,VARCHAR audit view,0.0,0,finite numeric >=0,numeric,0,0,,,,,0,0,28687,0.0,509.0,"[0.0, 0.0, 0.0, 0.0, 10.0]",
0,42,0,29022,nik_steamspy_tag_data,touch_friendly,touch_friendly,29022,VARCHAR audit view,0.0,0,finite numeric >=0,numeric,0,0,,,,,0,0,28881,0.0,280.0,"[0.0, 0.0, 0.0, 0.0, 0.0]",
0,94,0,29022,nik_steamspy_tag_data,tower_defense,tower_defense,29022,VARCHAR audit view,0.0,0,finite numeric >=0,numeric,0,0,,,,,0,0,28540,0.0,2335.0,"[0.0, 0.0, 0.0, 0.0, 13.0]",
0,22,0,29022,nik_steamspy_tag_data,trackir,trackir,29022,VARCHAR audit view,0.0,0,finite numeric >=0,numeric,0,0,,,,,0,0,28999,0.0,855.0,"[0.0, 0.0, 0.0, 0.0, 0.0]",
0,39,0,29022,nik_steamspy_tag_data,trading,trading,29022,VARCHAR audit view,0.0,0,finite numeric >=0,numeric,0,0,,,,,0,0,28957,0.0,4512.0,"[0.0, 0.0, 0.0, 0.0, 0.0]",
0,51,0,29022,nik_steamspy_tag_data,trading_card_game,trading_card_game,29022,VARCHAR audit view,0.0,0,finite numeric >=0,numeric,0,0,,,,,0,0,28931,0.0,285.0,"[0.0, 0.0, 0.0, 0.0, 0.0]",
0,44,0,29022,nik_steamspy_tag_data,trains,trains,29022,VARCHAR audit view,0.0,0,finite numeric >=0,numeric,0,0,,,,,0,0,28944,0.0,675.0,"[0.0, 0.0, 0.0, 0.0, 0.0]",
0,13,0,29022,nik_steamspy_tag_data,transhumanism,transhumanism,29022,VARCHAR audit view,0.0,0,finite numeric >=0,numeric,0,0,,,,,0,0,29006,0.0,518.0,"[0.0, 0.0, 0.0, 0.0, 0.0]",
0,161,0,29022,nik_steamspy_tag_data,turn_based,turn_based,29022,VARCHAR audit view,0.0,0,finite numeric >=0,numeric,0,0,,,,,0,0,28052,0.0,2031.0,"[0.0, 0.0, 0.0, 0.0, 33.0]",
0,78,0,29022,nik_steamspy_tag_data,turn_based_combat,turn_based_combat,29022,VARCHAR audit view,0.0,0,finite numeric >=0,numeric,0,0,,,,,0,0,28699,0.0,1070.0,"[0.0, 0.0, 0.0, 0.0, 10.0]",
0,123,0,29022,nik_steamspy_tag_data,turn_based_strategy,turn_based_strategy,29022,VARCHAR audit view,0.0,0,finite numeric >=0,numeric,0,0,,,,,0,0,28459,0.0,3607.0,"[0.0, 0.0, 0.0, 0.0, 17.0]",
0,74,0,29022,nik_steamspy_tag_data,turn_based_tactics,turn_based_tactics,29022,VARCHAR audit view,0.0,0,finite numeric >=0,numeric,0,0,,,,,0,0,28735,0.0,548.0,"[0.0, 0.0, 0.0, 0.0, 0.0]",
0,13,0,29022,nik_steamspy_tag_data,tutorial,tutorial,29022,VARCHAR audit view,0.0,0,finite numeric >=0,numeric,0,0,,,,,0,0,28997,0.0,31.0,"[0.0, 0.0, 0.0, 0.0, 0.0]",
0,58,0,29022,nik_steamspy_tag_data,twin_stick_shooter,twin_stick_shooter,29022,VARCHAR audit view,0.0,0,finite numeric >=0,numeric,0,0,,,,,0,0,28744,0.0,465.0,"[0.0, 0.0, 0.0, 0.0, 0.0]",
0,21,0,29022,nik_steamspy_tag_data,typing,typing,29022,VARCHAR audit view,0.0,0,finite numeric >=0,numeric,0,0,,,,,0,0,28986,0.0,199.0,"[0.0, 0.0, 0.0, 0.0, 0.0]",
0,13,0,29022,nik_steamspy_tag_data,underground,underground,29022,VARCHAR audit view,0.0,0,finite numeric >=0,numeric,0,0,,,,,0,0,28999,0.0,60.0,"[0.0, 0.0, 0.0, 0.0, 0.0]",
0,41,0,29022,nik_steamspy_tag_data,underwater,underwater,29022,VARCHAR audit view,0.0,0,finite numeric >=0,numeric,0,0,,,,,0,0,28948,0.0,3172.0,"[0.0, 0.0, 0.0, 0.0, 0.0]",
0,11,0,29022,nik_steamspy_tag_data,unforgiving,unforgiving,29022,VARCHAR audit view,0.0,0,finite numeric >=0,numeric,0,0,,,,,0,0,29004,0.0,1369.0,"[0.0, 0.0, 0.0, 0.0, 0.0]",
0,55,0,29022,nik_steamspy_tag_data,utilities,utilities,29022,VARCHAR audit view,0.0,0,finite numeric >=0,numeric,0,0,,,,,0,0,28612,0.0,464.0,"[0.0, 0.0, 0.0, 0.0, 21.0]",
0,97,0,29022,nik_steamspy_tag_data,vr,vr,29022,VARCHAR audit view,0.0,0,finite numeric >=0,numeric,0,0,,,,,0,0,26131,0.0,659.0,"[0.0, 0.0, 0.0, 0.0, 23.0]",
0,2,0,29022,nik_steamspy_tag_data,vr_only,vr_only,29022,VARCHAR audit view,0.0,0,finite numeric >=0,numeric,0,0,,,,,0,0,28476,0.0,1.0,"[0.0, 0.0, 0.0, 0.0, 1.0]",
0,36,0,29022,nik_steamspy_tag_data,vampire,vampire,29022,VARCHAR audit view,0.0,0,finite numeric >=0,numeric,0,0,,,,,0,0,28957,0.0,728.0,"[0.0, 0.0, 0.0, 0.0, 0.0]",
0,32,0,29022,nik_steamspy_tag_data,video_production,video_production,29022,VARCHAR audit view,0.0,0,finite numeric >=0,numeric,0,0,,,,,0,0,28853,0.0,395.0,"[0.0, 0.0, 0.0, 0.0, 0.0]",
0,38,0,29022,nik_steamspy_tag_data,villain_protagonist,villain_protagonist,29022,VARCHAR audit view,0.0,0,finite numeric >=0,numeric,0,0,,,,,0,0,28953,0.0,225.0,"[0.0, 0.0, 0.0, 0.0, 0.0]",
0,138,0,29022,nik_steamspy_tag_data,violent,violent,29022,VARCHAR audit view,0.0,0,finite numeric >=0,numeric,0,0,,,,,0,0,27166,0.0,1438.0,"[0.0, 0.0, 0.0, 0.0, 33.0]",
0,144,0,29022,nik_steamspy_tag_data,visual_novel,visual_novel,29022,VARCHAR audit view,0.0,0,finite numeric >=0,numeric,0,0,,,,,0,0,27779,0.0,3916.0,"[0.0, 0.0, 0.0, 0.0, 34.0]",
0,9,0,29022,nik_steamspy_tag_data,voice_control,voice_control,29022,VARCHAR audit view,0.0,0,finite numeric >=0,numeric,0,0,,,,,0,0,29012,0.0,39.0,"[0.0, 0.0, 0.0, 0.0, 0.0]",
0,51,0,29022,nik_steamspy_tag_data,voxel,voxel,29022,VARCHAR audit view,0.0,0,finite numeric >=0,numeric,0,0,,,,,0,0,28897,0.0,611.0,"[0.0, 0.0, 0.0, 0.0, 0.0]",
0,114,0,29022,nik_steamspy_tag_data,walking_simulator,walking_simulator,29022,VARCHAR audit view,0.0,0,finite numeric >=0,numeric,0,0,,,,,0,0,28601,0.0,3321.0,"[0.0, 0.0, 0.0, 0.0, 12.0]",
0,150,0,29022,nik_steamspy_tag_data,war,war,29022,VARCHAR audit view,0.0,0,finite numeric >=0,numeric,0,0,,,,,0,0,28611,0.0,5488.0,"[0.0, 0.0, 0.0, 0.0, 12.0]",
0,40,0,29022,nik_steamspy_tag_data,wargame,wargame,29022,VARCHAR audit view,0.0,0,finite numeric >=0,numeric,0,0,,,,,0,0,28907,0.0,252.0,"[0.0, 0.0, 0.0, 0.0, 0.0]",
0,35,0,29022,nik_steamspy_tag_data,warhammer_40k,warhammer_40k,29022,VARCHAR audit view,0.0,0,finite numeric >=0,numeric,0,0,,,,,0,0,28986,0.0,552.0,"[0.0, 0.0, 0.0, 0.0, 0.0]",
0,21,0,29022,nik_steamspy_tag_data,web_publishing,web_publishing,29022,VARCHAR audit view,0.0,0,finite numeric >=0,numeric,0,0,,,,,0,0,28970,0.0,109.0,"[0.0, 0.0, 0.0, 0.0, 0.0]",
0,15,0,29022,nik_steamspy_tag_data,werewolves,werewolves,29022,VARCHAR audit view,0.0,0,finite numeric >=0,numeric,0,0,,,,,0,0,28997,0.0,106.0,"[0.0, 0.0, 0.0, 0.0, 0.0]",
0,48,0,29022,nik_steamspy_tag_data,western,western,29022,VARCHAR audit view,0.0,0,finite numeric >=0,numeric,0,0,,,,,0,0,28939,0.0,806.0,"[0.0, 0.0, 0.0, 0.0, 0.0]",
0,21,0,29022,nik_steamspy_tag_data,word_game,word_game,29022,VARCHAR audit view,0.0,0,finite numeric >=0,numeric,0,0,,,,,0,0,28989,0.0,117.0,"[0.0, 0.0, 0.0, 0.0, 0.0]",
0,32,0,29022,nik_steamspy_tag_data,world_war_i,world_war_i,29022,VARCHAR audit view,0.0,0,finite numeric >=0,numeric,0,0,,,,,0,0,28970,0.0,746.0,"[0.0, 0.0, 0.0, 0.0, 0.0]",
0,104,0,29022,nik_steamspy_tag_data,world_war_ii,world_war_ii,29022,VARCHAR audit view,0.0,0,finite numeric >=0,numeric,0,0,,,,,0,0,28759,0.0,2697.0,"[0.0, 0.0, 0.0, 0.0, 0.0]",
0,16,0,29022,nik_steamspy_tag_data,wrestling,wrestling,29022,VARCHAR audit view,0.0,0,finite numeric >=0,numeric,0,0,,,,,0,0,29006,0.0,78.0,"[0.0, 0.0, 0.0, 0.0, 0.0]",
0,181,0,29022,nik_steamspy_tag_data,zombies,zombies,29022,VARCHAR audit view,0.0,0,finite numeric >=0,numeric,0,0,,,,,0,0,28302,0.0,12338.0,"[0.0, 0.0, 0.0, 0.0, 21.0]",
0,45,0,29022,nik_steamspy_tag_data,e_sports,e_sports,29022,VARCHAR audit view,0.0,0,finite numeric >=0,numeric,0,0,,,,,0,0,28929,0.0,8406.0,"[0.0, 0.0, 0.0, 0.0, 0.0]",
0,50872,0,50872,rec_games,app_id,app_id,50872,VARCHAR audit view,0.0,,not assessed,text_or_serialized_collection,0,0,,,,,,,,,,,
0,50751,0,25,rec_games,title,title,50872,VARCHAR audit view,0.0,,not assessed,text_or_serialized_collection,0,0,,,,,,,,,,,
0,4292,0,0,rec_games,date_release,date_release,50872,VARCHAR audit view,0.0,0,nonmissing date not parsed by documented ISO/English month formats; month-only parsed to first day,date_text,0,0,1997-06-30 00:00:00,2023-10-24 00:00:00,0,0,,,,,,,
0,2,0,0,rec_games,win,win,50872,VARCHAR audit view,0.0,,not assessed,text_or_serialized_collection,0,0,,,,,,,,,,,
0,2,0,0,rec_games,mac,mac,50872,VARCHAR audit view,0.0,0,true/false/0/1 (case-insensitive),boolean_text,0,0,,,,,,,,,,,
0,2,0,0,rec_games,linux,linux,50872,VARCHAR audit view,0.0,0,true/false/0/1 (case-insensitive),boolean_text,0,0,,,,,,,,,,,
0,9,0,0,rec_games,rating,rating,50872,VARCHAR audit view,0.0,50872,finite numeric >=0,numeric_with_parse_failures,0,0,,,,,50872,0,0,,,,"[{""value"": ""Positive"", ""count"": 13502}, {""value"": ""Very Positive"", ""count"": 13139}, {""value"": ""Mixed"", ""count"": 12157}, {""value"": ""Mostly Positive"", ""count"": 8738}, {""value"": ""Mostly Negative"", ""count"": 1849}, {""value"": ""Overwhelmingly Positive"", ""count"": 1110}, {""value"": ""Negative"", ""count"": 303}, {""value"": ""Very Negative"", ""count"": 60}, {""value"": ""Overwhelmingly Negative"", ""count"": 14}]"
0,100,0,50872,rec_games,positive_ratio,positive_ratio,50872,VARCHAR audit view,0.0,0,finite numeric >=0 and <= 100,numeric,0,0,,,,,0,0,25,0.0,100.0,"[67.0, 81.0, 91.0, 96.0, 100.0]",
0,4847,0,50872,rec_games,user_reviews,user_reviews,50872,VARCHAR audit view,0.0,0,finite numeric >=0,numeric,0,0,,,,,0,0,0,10.0,7494460.0,"[19.0, 49.0, 206.0, 1088.0, 26064.610000000008]",
0,436,0,50872,rec_games,price_final,price_final,50872,VARCHAR audit view,0.0,0,finite numeric >=0,numeric,0,0,,,,,0,0,9105,0.0,299.99,"[0.99, 4.99, 10.99, 19.99, 50.0]",
0,183,0,50872,rec_games,price_original,price_original,50872,VARCHAR audit view,0.0,0,finite numeric >=0,numeric,0,0,,,,,0,0,10090,0.0,299.99,"[0.99, 4.99, 11.99, 19.99, 49.99000000000001]",
0,75,0,50872,rec_games,discount,discount,50872,VARCHAR audit view,0.0,0,finite numeric >=0 and <= 100,numeric,0,0,,,,,0,0,45903,0.0,90.0,"[0.0, 0.0, 0.0, 0.0, 90.0]",
0,2,0,0,rec_games,steam_deck,steam_deck,50872,VARCHAR audit view,0.0,0,true/false/0/1 (case-insensitive),boolean_text,0,0,,,,,,,,,,,
0,37610,0,41154794,rec_recommendations,app_id,app_id,41154794,VARCHAR audit view,0.0,,not assessed,text_or_serialized_collection,0,0,,,,,,,,,,,
0,3910,0,41154794,rec_recommendations,helpful,helpful,41154794,VARCHAR audit view,0.0,0,finite numeric >=0,numeric,0,0,,,,,0,0,32461479,0.0,36212.0,"[0.0, 0.0, 0.0, 4.0, 49.0]",
0,2756,0,41154794,rec_recommendations,funny,funny,41154794,VARCHAR audit view,0.0,0,finite numeric >=0,numeric,0,0,,,,,0,0,38551484,0.0,28109.0,"[0.0, 0.0, 0.0, 0.0, 13.0]",
0,4450,0,0,rec_recommendations,date,date,41154794,VARCHAR audit view,0.0,0,nonmissing date not parsed by documented ISO/English month formats; month-only parsed to first day,date_text,0,0,2010-10-15 00:00:00,2022-12-31 00:00:00,0,0,,,,,,,
0,2,0,0,rec_recommendations,is_recommended,is_recommended,41154794,VARCHAR audit view,0.0,0,true/false/0/1 (case-insensitive),boolean_text,0,0,,,,,,,,,,,
0,10001,0,41154794,rec_recommendations,hours,hours,41154794,VARCHAR audit view,0.0,0,finite numeric >=0,numeric,0,0,,,,,0,0,176329,0.0,1000.0,"[7.8, 27.3, 99.2, 304.0, 864.5]",
0,13781059,0,41154794,rec_recommendations,user_id,user_id,41154794,VARCHAR audit view,0.0,,not assessed,text_or_serialized_collection,0,0,,,,,,,,,,,
0,41154794,0,41154794,rec_recommendations,review_id,review_id,41154794,VARCHAR audit view,0.0,,not assessed,text_or_serialized_collection,0,0,,,,,,,,,,,
0,14306064,0,14306064,rec_users,user_id,user_id,14306064,VARCHAR audit view,0.0,,not assessed,text_or_serialized_collection,0,0,,,,,,,,,,,
0,7572,0,14306064,rec_users,products,products,14306064,VARCHAR audit view,0.0,0,finite numeric >=0,numeric,0,0,,,,,0,0,139318,0.0,32214.0,"[23.0, 55.0, 127.0, 260.0, 946.0]",
0,681,0,14306064,rec_users,reviews,reviews,14306064,VARCHAR audit view,0.0,0,finite numeric >=0,numeric,0,0,,,,,0,0,525005,0.0,6045.0,"[1.0, 1.0, 3.0, 6.0, 24.0]",
